col_0,col_1,col_2,col_3,col_4,col_5,col_6,col_7,col_8
1,3,1944,4,1,90,1,1,0
1,3,1945,4,1,80,1,1,0
1,3,1946,4,1,80,1,1,0
1,3,1947,4,1,90,1,1,0
1,3,1948,4,1,80,1,1,0
1,3,1949,4,1,80,1,1,0
1,3,1950,4,1,80,1,1,0
1,3,1951,4,1,90,1,1,0
1,3,1952,4,1,80,1,1,0
1,3,1953,4,1,80,1,1,0
1,3,1954,4,1,80,1,1,0
1,3,1955,4,1,90,1,1,0
1,8,0,3,0,1000,150,150,0
2,1,615,4,3,1000,1,1,0
3,3,1704,4,1,90,1,1,0
3,3,1705,4,1,80,1,1,0
3,3,1706,4,1,80,1,1,0
3,3,1707,4,1,90,1,1,0
3,3,1708,4,1,80,1,1,0
3,3,1709,4,1,80,1,1,0
3,3,1710,4,1,80,1,1,0
3,3,1711,4,1,90,1,1,0
3,3,1712,4,1,80,1,1,0
3,3,1713,4,1,80,1,1,0
3,3,1714,4,1,80,1,1,0
3,3,1715,4,1,90,1,1,0
3,8,0,3,0,1000,130,130,0
4,1,555,4,3,1000,1,1,0
5,3,1230,4,1,90,1,1,0
5,3,1231,4,1,80,1,1,0
5,3,1232,4,1,80,1,1,0
5,3,1233,4,1,90,1,1,0
5,3,1254,4,1,80,1,1,0
5,3,1255,4,1,80,1,1,0
5,3,1256,4,1,80,1,1,0
5,3,1257,4,1,90,1,1,0
5,3,1258,4,1,80,1,1,0
5,3,1259,4,1,80,1,1,0
5,3,1260,4,1,80,1,1,0
5,3,1261,4,1,90,1,1,0
5,8,0,3,0,1000,100,100,0
6,1,461,4,3,1000,1,1,0
7,3,1562,4,1,90,1,1,0
7,3,1563,4,1,80,1,1,0
7,3,1564,4,1,80,1,1,0
7,3,1565,4,1,90,1,1,0
7,3,1566,4,1,80,1,1,0
7,3,1567,4,1,80,1,1,0
7,3,1568,4,1,80,1,1,0
7,3,1569,4,1,90,1,1,0
7,3,1570,4,1,80,1,1,0
7,3,1571,4,1,80,1,1,0
7,3,1572,4,1,80,1,1,0
7,3,1573,4,1,90,1,1,0
7,8,0,3,0,1000,80,80,0
8,1,546,4,3,1000,1,1,0
9,3,1414,4,1,90,1,1,0
9,3,1415,4,1,80,1,1,0
9,3,1416,4,1,80,1,1,0
9,3,1417,4,1,90,1,1,0
9,3,1418,4,1,80,1,1,0
9,3,1419,4,1,80,1,1,0
9,3,1420,4,1,80,1,1,0
9,3,1421,4,1,90,1,1,0
9,3,1422,4,1,80,1,1,0
9,3,1423,4,1,80,1,1,0
9,3,1424,4,1,80,1,1,0
9,3,1425,4,1,90,1,1,0
9,8,0,3,0,1000,50,50,0
10,1,509,4,3,1000,1,1,0
11,3,1692,4,1,90,1,1,0
11,3,1693,4,1,80,1,1,0
11,3,1694,4,1,80,1,1,0
11,3,1695,4,1,90,1,1,0
11,3,1696,4,1,80,1,1,0
11,3,1697,4,1,80,1,1,0
11,3,1698,4,1,80,1,1,0
11,3,1699,4,1,90,1,1,0
11,3,1700,4,1,80,1,1,0
11,3,1701,4,1,80,1,1,0
11,3,1702,4,1,80,1,1,0
11,3,1703,4,1,90,1,1,0
11,8,0,3,0,1000,35,35,0
12,1,552,4,3,1000,1,1,0
13,3,1194,4,1,250,1,1,0
13,3,1195,4,1,250,1,1,0
13,3,1196,4,1,250,1,1,0
13,3,1197,4,1,250,1,1,0
13,8,0,3,0,1000,25,25,0
14,1,452,4,3,1000,1,1,0
15,3,1788,4,1,84,1,1,0
15,3,1789,4,1,83,1,1,0
15,3,1790,4,1,83,1,1,0
15,3,1791,4,1,84,1,1,0
15,3,1792,4,1,83,1,1,0
15,3,1793,4,1,83,1,1,0
15,3,1794,4,1,84,1,1,0
15,3,1795,4,1,83,1,1,0
15,3,1796,4,1,84,1,1,0
15,3,1797,4,1,83,1,1,0
15,3,1798,4,1,83,1,1,0
15,3,1799,4,1,83,1,1,0
16,3,2004,4,1,84,1,1,0
16,3,2005,4,1,83,1,1,0
16,3,2006,4,1,83,1,1,0
16,3,2007,4,1,84,1,1,0
16,3,2008,4,1,83,1,1,0
16,3,2009,4,1,83,1,1,0
16,3,2010,4,1,84,1,1,0
16,3,2011,4,1,83,1,1,0
16,3,2012,4,1,84,1,1,0
16,3,2013,4,1,83,1,1,0
16,3,2014,4,1,83,1,1,0
16,3,2015,4,1,83,1,1,0
17,3,2148,4,1,84,1,1,0
17,3,2149,4,1,83,1,1,0
17,3,2150,4,1,83,1,1,0
17,3,2151,4,1,84,1,1,0
17,3,2152,4,1,83,1,1,0
17,3,2153,4,1,83,1,1,0
17,3,2154,4,1,84,1,1,0
17,3,2155,4,1,83,1,1,0
17,3,2156,4,1,84,1,1,0
17,3,2157,4,1,83,1,1,0
17,3,2158,4,1,83,1,1,0
17,3,2159,4,1,83,1,1,0
100,9,0,2,0,1000,1500,1500,0
101,8,0,3,0,1000,3,3,0
102,9,0,2,0,1000,1500,1500,0
103,9,0,2,0,1000,3000,3000,0
104,7,0,1,0,1000,6000,6000,0
105,8,0,3,0,1000,6,6,0
106,9,0,2,0,1000,2000,2000,0
107,8,0,3,0,1000,8,8,0
108,7,0,1,0,1000,15000,15000,0
109,7,0,1,0,1000,50000,50000,0
110,9,0,2,0,1000,2000,2000,0
111,8,0,3,0,1000,150,150,0
112,7,0,1,0,1000,300000,300000,0
113,7,0,1,0,1000,300000,300000,0
114,7,0,1,0,1000,100000,100000,0
115,7,0,1,0,1000,15000,15000,0
116,8,0,3,0,1000,50,50,0
117,7,0,1,0,1000,15000,15000,0
118,8,0,3,0,1000,60,60,0
200,8,0,0,0,1000,10,10,0
201,8,0,0,0,1000,10,10,0
202,8,0,0,0,1000,10,10,0
203,8,0,0,0,1000,10,10,0
204,8,0,3,0,1000,6,6,0
205,8,0,3,0,1000,8,8,0
206,8,0,3,0,1000,10,10,0
208,1,537,4,0,1000,1,1,0
300,3,80,4,1,5,1,1,0
300,3,81,4,1,5,1,1,0
300,3,83,4,1,5,1,1,0
300,3,104,4,1,5,1,1,0
300,3,105,4,1,5,1,1,0
300,3,106,4,1,4,1,1,0
300,3,140,4,1,3,1,1,0
300,3,141,4,1,3,1,1,0
300,3,148,4,1,3,1,1,0
300,3,149,4,1,3,1,1,0
300,7,0,1,0,1000,80,240,0
300,8,0,3,0,1000,0,1,0
300,9,0,2,0,1000,200,400,0
301,7,0,1,0,1000,200,200,0
301,8,0,3,1,1000,0,1,0
400,7,0,1,0,1000,1500,1500,0
401,7,0,1,0,1000,2000,2000,0
401,8,0,3,0,1000,1,1,0
402,7,0,1,0,1000,2500,2500,0
402,8,0,3,0,1000,2,2,0
403,7,0,1,0,1000,3000,3000,0
403,8,0,3,0,1000,3,3,0
404,7,0,1,0,1000,3500,3500,0
404,8,0,3,0,1000,4,4,0
405,7,0,1,0,1000,4000,4000,0
405,8,0,3,0,1000,5,5,0
406,7,0,1,0,1000,4500,4500,0
406,8,0,3,0,1000,6,6,0
407,7,0,1,0,1000,5000,5000,0
407,8,0,3,0,1000,7,7,0
408,8,0,3,0,1000,3,3,0
409,1,15,4,0,1000,1,1,0
409,7,0,1,0,1000,5000,5000,0
409,8,0,3,0,1000,10,10,0
500,7,0,1,0,600,0,200,0
500,9,0,2,0,400,0,60,0
600,7,0,1,0,1000,200,200,0
601,7,0,1,0,1000,400,400,0
601,8,0,3,0,1000,1,1,0
602,1,20,4,0,1000,1,1,0
700,1,798,4,1,1000,1,1,0
701,1,634,4,1,1000,1,1,0
702,1,708,4,1,1000,1,1,0
703,1,657,4,1,1000,1,1,0
704,1,609,4,1,1000,1,1,0
705,8,0,3,0,1000,30,30,0
706,7,0,1,0,1000,50000,50000,0
707,7,0,1,0,1000,30000,30000,0
800,8,0,3,1,1000,3,3,0
801,8,0,3,0,1000,16,16,0
802,3,564,4,1,10,1,1,0
802,3,566,4,1,10,1,1,0
802,3,568,4,1,10,1,1,0
802,3,570,4,1,10,1,1,0
802,3,571,4,1,10,1,1,0
802,8,0,3,0,1000,20,20,0
803,3,564,4,1,10,1,1,0
803,3,565,4,1,10,1,1,0
803,3,566,4,1,20,1,1,0
803,3,567,4,1,20,1,1,0
803,3,568,4,1,10,1,1,0
803,3,569,4,1,20,1,1,0
803,3,570,4,1,20,1,1,0
803,3,572,4,1,20,1,1,0
803,3,573,4,1,10,1,1,0
803,3,574,4,1,10,1,1,0
803,8,0,3,0,1000,24,24,0
804,3,564,4,1,20,1,1,0
804,3,565,4,1,20,1,1,0
804,3,566,4,1,20,1,1,0
804,3,567,4,1,20,1,1,0
804,3,568,4,1,20,1,1,0
804,3,569,4,1,20,1,1,0
804,3,570,4,1,20,1,1,0
804,3,571,4,1,20,1,1,0
804,3,572,4,1,20,1,1,0
804,3,573,4,1,20,1,1,0
804,3,574,4,1,30,1,1,0
804,3,575,4,1,20,1,1,0
804,8,0,3,0,1000,28,28,0
805,3,564,4,1,40,1,1,0
805,3,565,4,1,40,1,1,0
805,3,566,4,1,40,1,1,0
805,3,567,4,1,40,1,1,0
805,3,568,4,1,40,1,1,0
805,3,569,4,1,40,1,1,0
805,3,570,4,1,40,1,1,0
805,3,571,4,1,40,1,1,0
805,3,572,4,1,40,1,1,0
805,3,573,4,1,30,1,1,0
805,3,574,4,1,30,1,1,0
805,3,575,4,1,30,1,1,0
805,8,0,3,0,1000,33,33,0
806,3,564,4,1,60,1,1,0
806,3,565,4,1,60,1,1,0
806,3,566,4,1,60,1,1,0
806,3,567,4,1,60,1,1,0
806,3,568,4,1,60,1,1,0
806,3,569,4,1,50,1,1,0
806,3,570,4,1,50,1,1,0
806,3,571,4,1,50,1,1,0
806,3,572,4,1,50,1,1,0
806,3,573,4,1,50,1,1,0
806,3,574,4,1,50,1,1,0
806,3,575,4,1,50,1,1,0
806,8,0,3,0,1000,40,40,0
807,3,564,4,1,80,1,1,0
807,3,565,4,1,70,1,1,0
807,3,566,4,1,70,1,1,0
807,3,567,4,1,70,1,1,0
807,3,568,4,1,70,1,1,0
807,3,569,4,1,70,1,1,0
807,3,570,4,1,70,1,1,0
807,3,571,4,1,70,1,1,0
807,3,572,4,1,70,1,1,0
807,3,573,4,1,70,1,1,0
807,3,574,4,1,70,1,1,0
807,3,575,4,1,70,1,1,0
807,8,0,3,0,1000,48,48,0
808,3,564,4,2,90,1,1,0
808,3,565,4,2,90,1,1,0
808,3,566,4,2,90,1,1,0
808,3,567,4,2,90,1,1,0
808,3,568,4,2,80,1,1,0
808,3,569,4,2,80,1,1,0
808,3,570,4,2,80,1,1,0
808,3,571,4,2,80,1,1,0
808,3,572,4,2,80,1,1,0
808,3,573,4,2,80,1,1,0
808,3,574,4,2,80,1,1,0
808,3,575,4,2,80,1,1,0
808,8,0,3,0,1000,60,60,0
808,9,0,2,1,1000,10000,10000,0
809,3,244,4,2,120,1,1,0
809,3,245,4,2,100,1,1,0
809,3,246,4,2,150,1,1,0
809,3,247,4,2,130,1,1,0
809,8,0,3,0,1000,70,70,0
809,9,0,2,1,1000,20000,20000,0
810,3,244,4,2,300,1,1,0
810,3,245,4,2,150,1,1,0
810,3,246,4,2,300,1,1,0
810,3,247,4,2,250,1,1,0
810,8,0,3,0,1000,80,80,0
810,9,0,2,1,1000,40000,40000,0
821,7,0,1,0,1000,100000,100000,0
821,8,0,3,1,1000,20,20,0
822,1,255,4,0,1000,1,1,0
823,1,242,4,0,1000,1,1,0
824,1,256,4,0,1000,1,1,0
825,1,241,4,0,1000,1,1,0
850,7,0,1,0,10,100,500,0
851,8,0,3,0,5,2,2,0
852,3,244,4,0,1,1,1,0
853,3,245,4,0,1,1,1,0
854,3,247,4,0,1,1,1,0
855,3,246,4,0,1,1,1,0
856,3,236,4,0,10,1,1,0
857,3,237,4,0,10,1,1,0
858,3,238,4,0,1,1,1,0
859,3,239,4,0,10,1,1,0
860,7,0,1,0,1,500,1000,0
900,7,0,1,0,1000,500,500,0
901,7,0,1,1,1000,500,500,0
901,8,0,3,0,1000,1,1,0
1000,8,0,3,0,1000,5,5,0
1001,7,0,1,0,1000,50000,50000,0
1001,8,0,3,0,1000,35,35,0
1002,1,105,4,0,1000,1,1,0
1003,7,0,1,0,1000,10000,10000,0
1004,9,0,2,0,1000,1000,1000,0
1005,9,0,2,0,1000,2000,2000,0
1006,9,0,2,0,1000,3000,3000,0
1007,8,0,3,0,1000,2,2,0
1008,8,0,3,0,1000,3,3,0
1009,8,0,3,0,1000,4,4,0
1010,8,0,3,0,1000,5,5,0
1011,8,0,3,0,1000,6,6,0
1012,8,0,3,0,1000,7,7,0
1013,8,0,3,0,1000,8,8,0
1100,14,0,6,0,1000,4,4,0
1101,8,0,3,2,1000,1,1,0
1101,14,0,6,1,1000,4,4,0
1102,14,0,6,1,1000,4,4,0
1102,16,0,4,2,1000,1,1,0
1103,3,1800,4,2,83,1,1,0
1103,3,1801,4,2,83,1,1,0
1103,3,1802,4,2,83,1,1,0
1103,3,1803,4,2,83,1,1,0
1103,3,1804,4,2,83,1,1,0
1103,3,1805,4,2,83,1,1,0
1103,3,1806,4,2,83,1,1,0
1103,3,1807,4,2,83,1,1,0
1103,3,1808,4,2,84,1,1,0
1103,3,1809,4,2,84,1,1,0
1103,3,1810,4,2,84,1,1,0
1103,3,1811,4,2,84,1,1,0
1103,14,0,6,1,1000,4,4,0
1104,3,1776,4,2,83,1,1,0
1104,3,1777,4,2,83,1,1,0
1104,3,1778,4,2,83,1,1,0
1104,3,1779,4,2,83,1,1,0
1104,3,1780,4,2,83,1,1,0
1104,3,1781,4,2,83,1,1,0
1104,3,1782,4,2,83,1,1,0
1104,3,1783,4,2,83,1,1,0
1104,3,1784,4,2,84,1,1,0
1104,3,1785,4,2,84,1,1,0
1104,3,1786,4,2,84,1,1,0
1104,3,1787,4,2,84,1,1,0
1104,14,0,6,1,1000,4,4,0
1105,3,1752,4,2,83,1,1,0
1105,3,1753,4,2,83,1,1,0
1105,3,1754,4,2,83,1,1,0
1105,3,1755,4,2,83,1,1,0
1105,3,1756,4,2,83,1,1,0
1105,3,1757,4,2,83,1,1,0
1105,3,1758,4,2,83,1,1,0
1105,3,1759,4,2,83,1,1,0
1105,3,1760,4,2,84,1,1,0
1105,3,1761,4,2,84,1,1,0
1105,3,1762,4,2,84,1,1,0
1105,3,1763,4,2,84,1,1,0
1105,14,0,6,1,1000,4,4,0
1106,3,1526,4,2,83,1,1,0
1106,3,1527,4,2,83,1,1,0
1106,3,1528,4,2,83,1,1,0
1106,3,1529,4,2,83,1,1,0
1106,3,1530,4,2,83,1,1,0
1106,3,1531,4,2,83,1,1,0
1106,3,1532,4,2,83,1,1,0
1106,3,1533,4,2,83,1,1,0
1106,3,1534,4,2,84,1,1,0
1106,3,1535,4,2,84,1,1,0
1106,3,1536,4,2,84,1,1,0
1106,3,1537,4,2,84,1,1,0
1106,14,0,6,1,1000,4,4,0
1107,14,0,6,1,1000,4,4,0
1108,8,0,3,2,1000,1,1,0
1108,14,0,6,1,1000,4,4,0
1110,14,0,6,1,1000,4,4,0
1110,16,0,3,2,1000,1,1,0
1111,3,1872,4,2,83,1,1,0
1111,3,1873,4,2,83,1,1,0
1111,3,1874,4,2,83,1,1,0
1111,3,1875,4,2,83,1,1,0
1111,3,1876,4,2,83,1,1,0
1111,3,1877,4,2,83,1,1,0
1111,3,1878,4,2,83,1,1,0
1111,3,1879,4,2,83,1,1,0
1111,3,1880,4,2,84,1,1,0
1111,3,1881,4,2,84,1,1,0
1111,3,1882,4,2,84,1,1,0
1111,3,1883,4,2,84,1,1,0
1111,14,0,6,1,1000,4,4,0
1112,3,1716,4,2,83,1,1,0
1112,3,1717,4,2,83,1,1,0
1112,3,1718,4,2,83,1,1,0
1112,3,1719,4,2,83,1,1,0
1112,3,1720,4,2,83,1,1,0
1112,3,1721,4,2,83,1,1,0
1112,3,1722,4,2,83,1,1,0
1112,3,1723,4,2,83,1,1,0
1112,3,1724,4,2,84,1,1,0
1112,3,1725,4,2,84,1,1,0
1112,3,1726,4,2,84,1,1,0
1112,3,1727,4,2,84,1,1,0
1112,14,0,6,1,1000,4,4,0
1113,3,1848,4,2,83,1,1,0
1113,3,1849,4,2,83,1,1,0
1113,3,1850,4,2,83,1,1,0
1113,3,1851,4,2,83,1,1,0
1113,3,1852,4,2,83,1,1,0
1113,3,1853,4,2,83,1,1,0
1113,3,1854,4,2,83,1,1,0
1113,3,1855,4,2,83,1,1,0
1113,3,1856,4,2,84,1,1,0
1113,3,1857,4,2,84,1,1,0
1113,3,1858,4,2,84,1,1,0
1113,3,1859,4,2,84,1,1,0
1113,14,0,6,1,1000,4,4,0
1114,3,1680,4,2,83,1,1,0
1114,3,1681,4,2,83,1,1,0
1114,3,1682,4,2,83,1,1,0
1114,3,1683,4,2,83,1,1,0
1114,3,1684,4,2,83,1,1,0
1114,3,1685,4,2,83,1,1,0
1114,3,1686,4,2,83,1,1,0
1114,3,1687,4,2,83,1,1,0
1114,3,1688,4,2,84,1,1,0
1114,3,1689,4,2,84,1,1,0
1114,3,1690,4,2,84,1,1,0
1114,3,1691,4,2,84,1,1,0
1114,14,0,6,1,1000,4,4,0
1115,3,1740,4,2,83,1,1,0
1115,3,1741,4,2,83,1,1,0
1115,3,1742,4,2,83,1,1,0
1115,3,1743,4,2,83,1,1,0
1115,3,1744,4,2,83,1,1,0
1115,3,1745,4,2,83,1,1,0
1115,3,1746,4,2,83,1,1,0
1115,3,1747,4,2,83,1,1,0
1115,3,1748,4,2,84,1,1,0
1115,3,1749,4,2,84,1,1,0
1115,3,1750,4,2,84,1,1,0
1115,3,1751,4,2,84,1,1,0
1115,14,0,6,1,1000,4,4,0
1116,3,1230,4,2,83,1,1,0
1116,3,1231,4,2,83,1,1,0
1116,3,1232,4,2,83,1,1,0
1116,3,1233,4,2,83,1,1,0
1116,3,1254,4,2,83,1,1,0
1116,3,1255,4,2,83,1,1,0
1116,3,1256,4,2,83,1,1,0
1116,3,1257,4,2,83,1,1,0
1116,3,1258,4,2,84,1,1,0
1116,3,1259,4,2,84,1,1,0
1116,3,1260,4,2,84,1,1,0
1116,3,1261,4,2,84,1,1,0
1116,14,0,6,1,1000,4,4,0
1117,3,1764,4,2,83,1,1,0
1117,3,1765,4,2,83,1,1,0
1117,3,1766,4,2,83,1,1,0
1117,3,1767,4,2,83,1,1,0
1117,3,1768,4,2,83,1,1,0
1117,3,1769,4,2,83,1,1,0
1117,3,1770,4,2,83,1,1,0
1117,3,1771,4,2,83,1,1,0
1117,3,1772,4,2,84,1,1,0
1117,3,1773,4,2,84,1,1,0
1117,3,1774,4,2,84,1,1,0
1117,3,1775,4,2,84,1,1,0
1117,14,0,6,1,1000,4,4,0
1118,3,1788,4,2,83,1,1,0
1118,3,1789,4,2,83,1,1,0
1118,3,1790,4,2,83,1,1,0
1118,3,1791,4,2,83,1,1,0
1118,3,1792,4,2,83,1,1,0
1118,3,1793,4,2,83,1,1,0
1118,3,1794,4,2,83,1,1,0
1118,3,1795,4,2,83,1,1,0
1118,3,1796,4,2,84,1,1,0
1118,3,1797,4,2,84,1,1,0
1118,3,1798,4,2,84,1,1,0
1118,3,1799,4,2,84,1,1,0
1118,14,0,6,1,1000,4,4,0
1200,3,1230,4,1,10,1,1,0
1200,3,1231,4,1,10,1,1,0
1200,3,1232,4,1,10,1,1,0
1200,3,1233,4,1,10,1,1,0
1200,3,1254,4,1,10,1,1,0
1200,3,1255,4,1,10,1,1,0
1200,3,1256,4,1,10,1,1,0
1200,3,1257,4,1,10,1,1,0
1200,3,1258,4,1,10,1,1,0
1200,3,1259,4,1,10,1,1,0
1200,3,1260,4,1,10,1,1,0
1200,3,1261,4,1,10,1,1,0
1200,8,0,3,1,870,1,1,0
1200,16,0,3,1,10,1,1,0
1201,3,1716,4,1,10,1,1,0
1201,3,1717,4,1,10,1,1,0
1201,3,1718,4,1,10,1,1,0
1201,3,1719,4,1,10,1,1,0
1201,3,1720,4,1,10,1,1,0
1201,3,1721,4,1,10,1,1,0
1201,3,1722,4,1,10,1,1,0
1201,3,1723,4,1,10,1,1,0
1201,3,1724,4,1,10,1,1,0
1201,3,1725,4,1,10,1,1,0
1201,3,1726,4,1,10,1,1,0
1201,3,1727,4,1,10,1,1,0
1201,8,0,3,1,870,1,1,0
1201,16,0,3,1,10,1,1,0
1206,3,1740,4,1,10,1,1,0
1206,3,1741,4,1,10,1,1,0
1206,3,1742,4,1,10,1,1,0
1206,3,1743,4,1,10,1,1,0
1206,3,1744,4,1,10,1,1,0
1206,3,1745,4,1,10,1,1,0
1206,3,1746,4,1,10,1,1,0
1206,3,1747,4,1,10,1,1,0
1206,3,1748,4,1,10,1,1,0
1206,3,1749,4,1,10,1,1,0
1206,3,1750,4,1,10,1,1,0
1206,3,1751,4,1,10,1,1,0
1206,8,0,3,1,870,1,1,0
1206,16,0,3,1,10,1,1,0
1207,3,1680,4,1,10,1,1,0
1207,3,1681,4,1,10,1,1,0
1207,3,1682,4,1,10,1,1,0
1207,3,1683,4,1,10,1,1,0
1207,3,1684,4,1,10,1,1,0
1207,3,1685,4,1,10,1,1,0
1207,3,1686,4,1,10,1,1,0
1207,3,1687,4,1,10,1,1,0
1207,3,1688,4,1,10,1,1,0
1207,3,1689,4,1,10,1,1,0
1207,3,1690,4,1,10,1,1,0
1207,3,1691,4,1,10,1,1,0
1207,8,0,3,1,870,1,1,0
1207,16,0,3,1,10,1,1,0
1300,7,0,1,1,115,200,500,0
1300,8,0,3,1,100,1,6,0
1300,10,0,5,1,785,100,70,0
1301,8,0,3,1,150,1,1,0
1301,10,0,5,1,850,50,15,0
1302,8,0,3,1,150,1,1,0
1302,10,0,5,1,850,50,15,0
1303,8,0,3,1,150,1,1,0
1303,10,0,5,1,850,50,15,0
1304,8,0,3,1,150,1,1,0
1304,10,0,5,1,850,50,15,0
1350,8,0,3,1,1000,15,15,0
1351,8,0,3,1,1000,20,20,0
1352,1,238,4,1,1000,1,1,0
1353,1,239,4,1,1000,1,1,0
1354,1,240,4,1,1000,1,1,0
1355,1,241,4,1,1000,1,1,0
1356,1,242,4,1,1000,1,1,0
1400,7,0,1,0,1000,25000,25000,0
1400,8,0,3,0,1000,50,50,0
1400,9,0,1,0,1000,10000,10000,0
1500,3,3060,4,1,153,1,1,0
1500,3,3061,4,1,74,1,1,0
1500,3,3062,4,1,106,1,1,0
1500,3,3063,4,1,1,1,1,0
1500,3,3064,4,1,106,1,1,0
1500,3,3065,4,1,73,1,1,0
1500,3,3066,4,1,1,1,1,0
1500,3,3067,4,1,153,1,1,0
1500,3,3068,4,1,1,1,1,0
1500,3,3069,4,1,73,1,1,0
1500,3,3070,4,1,106,1,1,0
1500,3,3071,4,1,153,1,1,0
1501,16,0,6,1,1000,500,500,0
1502,1,892,6,1,333,1,1,0
1502,1,893,6,1,333,1,1,0
1502,1,894,6,1,334,1,1,0
1503,3,3060,4,1,153,1,1,0
1503,3,3061,4,1,74,1,1,0
1503,3,3062,4,1,106,1,1,0
1503,3,3063,4,1,1,1,1,0
1503,3,3064,4,1,106,1,1,0
1503,3,3065,4,1,73,1,1,0
1503,3,3066,4,1,1,1,1,0
1503,3,3067,4,1,153,1,1,0
1503,3,3068,4,1,1,1,1,0
1503,3,3069,4,1,73,1,1,0
1503,3,3070,4,1,106,1,1,0
1503,3,3071,4,1,153,1,1,0
1504,8,0,3,1,1000,500,500,0
1505,1,892,6,1,333,1,1,0
1505,1,893,6,1,333,1,1,0
1505,1,894,6,1,334,1,1,0
1506,3,3060,4,1,153,1,1,0
1506,3,3061,4,1,74,1,1,0
1506,3,3062,4,1,106,1,1,0
1506,3,3063,4,1,1,1,1,0
1506,3,3064,4,1,106,1,1,0
1506,3,3065,4,1,73,1,1,0
1506,3,3066,4,1,1,1,1,0
1506,3,3067,4,1,153,1,1,0
1506,3,3068,4,1,1,1,1,0
1506,3,3069,4,1,73,1,1,0
1506,3,3070,4,1,106,1,1,0
1506,3,3071,4,1,153,1,1,0
1507,26,0,3,1,1000,4000,4000,0
1508,8,0,3,1,1000,200,200,0
1509,3,3060,4,1,153,1,1,0
1509,3,3061,4,1,74,1,1,0
1509,3,3062,4,1,106,1,1,0
1509,3,3063,4,1,1,1,1,0
1509,3,3064,4,1,106,1,1,0
1509,3,3065,4,1,73,1,1,0
1509,3,3066,4,1,1,1,1,0
1509,3,3067,4,1,153,1,1,0
1509,3,3068,4,1,1,1,1,0
1509,3,3069,4,1,73,1,1,0
1509,3,3070,4,1,106,1,1,0
1509,3,3071,4,1,153,1,1,0
1510,16,0,4,1,1000,200,200,0
1511,26,0,3,1,1000,5000,5000,0
1512,1,892,6,1,333,1,1,0
1512,1,893,6,1,333,1,1,0
1512,1,894,6,1,334,1,1,0
1513,1,892,6,1,333,1,1,0
1513,1,893,6,1,333,1,1,0
1513,1,894,6,1,334,1,1,0
1514,16,0,6,1,1000,800,800,0
1515,3,3060,4,1,153,1,1,0
1515,3,3061,4,1,74,1,1,0
1515,3,3062,4,1,106,1,1,0
1515,3,3063,4,1,1,1,1,0
1515,3,3064,4,1,106,1,1,0
1515,3,3065,4,1,73,1,1,0
1515,3,3066,4,1,1,1,1,0
1515,3,3067,4,1,153,1,1,0
1515,3,3068,4,1,1,1,1,0
1515,3,3069,4,1,73,1,1,0
1515,3,3070,4,1,106,1,1,0
1515,3,3071,4,1,153,1,1,0
1516,16,0,6,1,1000,10000,10000,0
1517,1,894,6,1,1000,1,1,5
1518,26,0,3,1,1000,1000,1000,0
1518,27,0,3,2,1000,20,20,0
1519,26,0,3,1,1000,2000,2000,0
1519,27,0,3,2,1000,50,50,0
1520,26,0,3,1,1000,3000,3000,0
1520,27,0,3,2,1000,70,70,0
1521,26,0,3,1,1000,4000,4000,0
1521,27,0,3,2,1000,90,90,0
1522,26,0,3,1,1000,5000,5000,0
1522,27,0,3,2,1000,120,120,0
1523,26,0,3,1,1000,6000,6000,0
1523,27,0,3,2,1000,150,150,0
1524,26,0,3,1,1000,7000,7000,0
1524,27,0,3,2,1000,200,200,0
1525,26,0,3,1,1000,12000,12000,0
1525,27,0,3,2,1000,300,300,0
1526,26,0,3,1,1000,20000,20000,0
1526,27,0,3,2,1000,400,400,0
1527,26,0,3,1,1000,30000,30000,0
1527,27,0,3,2,1000,600,600,0
1528,1,894,4,0,1000,1,1,5
1600,7,0,1,0,1000,500,500,0
1600,8,0,3,0,1000,1,1,0
1601,7,0,1,0,1000,500,500,0
1601,8,0,3,0,1000,1,1,0
1602,7,0,1,0,1000,500,500,0
1602,8,0,3,0,1000,1,1,0
1650,8,0,3,0,1000,100,100,0
1651,1,286,4,0,1000,1,1,0
1652,1,302,4,0,1000,1,1,0
1653,1,287,4,0,1000,1,1,0
1654,1,229,4,0,1000,1,1,0
1655,1,303,4,0,1000,1,1,0
1656,1,304,4,0,1000,1,1,0
1700,8,0,3,0,1000,50,50,0
1701,8,0,3,0,1000,100,100,0
1702,1,258,4,0,1000,1,1,0
1703,1,286,4,0,1000,1,1,0
1704,1,240,4,0,1000,1,1,0
1705,1,272,4,0,1000,1,1,0
1706,1,256,4,0,1000,1,1,0
1707,1,427,4,0,1000,1,1,0
1708,1,438,4,0,1000,1,1,0
1750,1,293,4,0,1000,1,1,0
1751,1,242,4,0,1000,1,1,0
1752,1,271,4,0,1000,1,1,0
1753,1,296,4,0,1000,1,1,0
1754,1,63,4,0,1000,1,1,0
1755,1,259,4,0,1000,1,1,0
1756,1,277,4,0,1000,1,1,0
1757,1,59,4,0,1000,1,1,0
1758,1,274,4,0,1000,1,1,0
1759,1,241,4,0,1000,1,1,0
1760,1,223,4,0,1000,1,1,0
1850,3,1848,4,2,10,1,1,0
1850,3,1849,4,2,10,1,1,0
1850,3,1850,4,2,10,1,1,0
1850,3,1851,4,2,10,1,1,0
1850,3,1852,4,2,10,1,1,0
1850,3,1853,4,2,10,1,1,0
1850,3,1854,4,2,10,1,1,0
1850,3,1855,4,2,10,1,1,0
1850,3,1856,4,2,10,1,1,0
1850,3,1857,4,2,10,1,1,0
1850,3,1858,4,2,10,1,1,0
1850,3,1859,4,2,10,1,1,0
1850,8,0,3,2,870,1,1,0
1850,14,0,6,1,1000,4,4,0
1850,16,0,3,2,10,1,1,0
2014,1,302,4,0,1000,1,1,0
2015,1,303,4,0,1000,1,1,0
2016,1,304,4,0,1000,1,1,0
2017,1,287,4,0,1000,1,1,0
2018,1,286,4,0,1000,1,1,0
2019,1,285,4,0,1000,1,1,0
2020,1,284,4,0,1000,1,1,0
2021,1,283,4,0,1000,1,1,0
2022,1,282,4,0,1000,1,1,0
2023,1,281,4,0,1000,1,1,0
2024,1,280,4,0,1000,1,1,0
2025,1,279,4,0,1000,1,1,0
2026,1,278,4,0,1000,1,1,0
2027,1,277,4,0,1000,1,1,0
2028,1,276,4,0,1000,1,1,0
2029,1,275,4,0,1000,1,1,0
2030,1,274,4,0,1000,1,1,0
2031,1,273,4,0,1000,1,1,0
2032,1,272,4,0,1000,1,1,0
2033,1,271,4,0,1000,1,1,0
2034,1,270,4,0,1000,1,1,0
2035,1,269,4,0,1000,1,1,0
2036,1,268,4,0,1000,1,1,0
2037,1,267,4,0,1000,1,1,0
2038,1,266,4,0,1000,1,1,0
2039,1,265,4,0,1000,1,1,0
2040,1,264,4,0,1000,1,1,0
2050,8,0,3,0,1000,4,4,0
2051,8,0,3,0,1000,3,3,0
2842,3,984,4,1,300,1,1,0
2842,3,985,4,1,250,1,1,0
2842,3,986,4,1,250,1,1,0
2842,3,987,4,1,200,1,1,0
2843,3,996,4,1,300,1,1,0
2843,3,997,4,1,250,1,1,0
2843,3,998,4,1,250,1,1,0
2843,3,999,4,1,200,1,1,0
2844,3,972,4,1,300,1,1,0
2844,3,973,4,1,250,1,1,0
2844,3,974,4,1,250,1,1,0
2844,3,975,4,1,200,1,1,0
2845,3,960,4,1,300,1,1,0
2845,3,961,4,1,250,1,1,0
2845,3,962,4,1,250,1,1,0
2845,3,963,4,1,200,1,1,0
2846,3,1000,4,1,300,1,1,0
2846,3,1001,4,1,250,1,1,0
2846,3,1002,4,1,250,1,1,0
2846,3,1003,4,1,200,1,1,0
2848,3,980,4,1,300,1,1,0
2848,3,981,4,1,250,1,1,0
2848,3,982,4,1,250,1,1,0
2848,3,983,4,1,200,1,1,0
2848,8,0,3,2,1000,8,8,0
2849,3,992,4,1,300,1,1,0
2849,3,993,4,1,250,1,1,0
2849,3,994,4,1,250,1,1,0
2849,3,995,4,1,200,1,1,0
2849,8,0,3,2,1000,8,8,0
2850,3,968,4,1,300,1,1,0
2850,3,969,4,1,250,1,1,0
2850,3,970,4,1,250,1,1,0
2850,3,971,4,1,200,1,1,0
2850,8,0,3,2,1000,8,8,0
2851,3,956,4,1,300,1,1,0
2851,3,957,4,1,250,1,1,0
2851,3,958,4,1,250,1,1,0
2851,3,959,4,1,200,1,1,0
2851,8,0,3,2,1000,8,8,0
2852,8,0,3,1,1000,10,10,0
2854,3,976,4,1,300,1,1,0
2854,3,977,4,1,250,1,1,0
2854,3,978,4,1,250,1,1,0
2854,3,979,4,1,200,1,1,0
2854,8,0,3,2,1000,4,4,0
2855,3,988,4,1,300,1,1,0
2855,3,989,4,1,250,1,1,0
2855,3,990,4,1,250,1,1,0
2855,3,991,4,1,200,1,1,0
2855,8,0,3,2,1000,4,4,0
2856,3,964,4,1,300,1,1,0
2856,3,965,4,1,250,1,1,0
2856,3,966,4,1,250,1,1,0
2856,3,967,4,1,200,1,1,0
2856,8,0,3,2,1000,4,4,0
2857,3,952,4,1,300,1,1,0
2857,3,953,4,1,250,1,1,0
2857,3,954,4,1,250,1,1,0
2857,3,955,4,1,200,1,1,0
2857,8,0,3,2,1000,4,4,0
2858,8,0,3,1,1000,6,6,0
2860,3,428,4,1,300,1,1,0
2860,3,429,4,1,250,1,1,0
2860,3,430,4,1,250,1,1,0
2860,3,431,4,1,200,1,1,0
2860,8,0,3,2,1000,2,2,0
2861,3,416,4,1,300,1,1,0
2861,3,417,4,1,250,1,1,0
2861,3,418,4,1,250,1,1,0
2861,3,419,4,1,200,1,1,0
2861,8,0,3,2,1000,2,2,0
2862,3,404,4,1,300,1,1,0
2862,3,405,4,1,250,1,1,0
2862,3,406,4,1,250,1,1,0
2862,3,407,4,1,200,1,1,0
2862,8,0,3,2,1000,2,2,0
2863,7,0,1,1,1000,30000,30000,0
2863,8,0,3,2,1000,2,2,0
2864,7,0,1,1,1000,20000,20000,0
2864,8,0,3,2,1000,2,2,0
2866,3,176,4,1,300,1,1,0
2866,3,177,4,1,250,1,1,0
2866,3,178,4,1,250,1,1,0
2866,3,179,4,1,200,1,1,0
2866,7,0,1,2,1000,10000,10000,0
2867,3,164,4,1,300,1,1,0
2867,3,165,4,1,250,1,1,0
2867,3,166,4,1,250,1,1,0
2867,3,167,4,1,200,1,1,0
2867,7,0,1,2,1000,10000,10000,0
2868,3,152,4,1,300,1,1,0
2868,3,153,4,1,250,1,1,0
2868,3,154,4,1,250,1,1,0
2868,3,155,4,1,200,1,1,0
2868,7,0,1,2,1000,10000,10000,0
2869,7,0,1,1,1000,30000,30000,0
2870,7,0,1,1,1000,20000,20000,0
2872,3,748,4,1,300,1,1,0
2872,3,749,4,1,250,1,1,0
2872,3,750,4,1,250,1,1,0
2872,3,751,4,1,200,1,1,0
2873,3,740,4,1,300,1,1,0
2873,3,741,4,1,250,1,1,0
2873,3,742,4,1,250,1,1,0
2873,3,743,4,1,200,1,1,0
2874,3,344,4,1,300,1,1,0
2874,3,345,4,1,250,1,1,0
2874,3,346,4,1,250,1,1,0
2874,3,347,4,1,200,1,1,0
2875,3,456,4,1,300,1,1,0
2875,3,457,4,1,250,1,1,0
2875,3,458,4,1,250,1,1,0
2875,3,459,4,1,200,1,1,0
2876,3,436,4,1,300,1,1,0
2876,3,437,4,1,250,1,1,0
2876,3,438,4,1,250,1,1,0
2876,3,439,4,1,200,1,1,0
2878,3,644,4,1,300,1,1,0
2878,3,645,4,1,250,1,1,0
2878,3,646,4,1,250,1,1,0
2878,3,647,4,1,200,1,1,0
2879,3,744,4,1,300,1,1,0
2879,3,745,4,1,250,1,1,0
2879,3,746,4,1,250,1,1,0
2879,3,747,4,1,200,1,1,0
2880,3,340,4,1,300,1,1,0
2880,3,341,4,1,250,1,1,0
2880,3,342,4,1,250,1,1,0
2880,3,343,4,1,200,1,1,0
2881,3,492,4,1,300,1,1,0
2881,3,493,4,1,250,1,1,0
2881,3,494,4,1,250,1,1,0
2881,3,495,4,1,200,1,1,0
2882,3,432,4,1,300,1,1,0
2882,3,433,4,1,250,1,1,0
2882,3,434,4,1,250,1,1,0
2882,3,435,4,1,200,1,1,0
2884,3,140,4,1,300,1,1,0
2884,3,141,4,1,250,1,1,0
2884,3,142,4,1,250,1,1,0
2884,3,143,4,1,200,1,1,0
2885,3,752,4,1,300,1,1,0
2885,3,753,4,1,250,1,1,0
2885,3,754,4,1,250,1,1,0
2885,3,755,4,1,200,1,1,0
2886,3,120,4,1,300,1,1,0
2886,3,121,4,1,250,1,1,0
2886,3,122,4,1,250,1,1,0
2886,3,123,4,1,200,1,1,0
2887,3,104,4,1,300,1,1,0
2887,3,105,4,1,250,1,1,0
2887,3,106,4,1,250,1,1,0
2887,3,107,4,1,200,1,1,0
2888,3,440,4,1,300,1,1,0
2888,3,441,4,1,250,1,1,0
2888,3,442,4,1,250,1,1,0
2888,3,443,4,1,200,1,1,0
2890,3,136,4,1,300,1,1,0
2890,3,137,4,1,250,1,1,0
2890,3,138,4,1,250,1,1,0
2890,3,139,4,1,200,1,1,0
2891,3,132,4,1,300,1,1,0
2891,3,133,4,1,250,1,1,0
2891,3,134,4,1,250,1,1,0
2891,3,135,4,1,200,1,1,0
2892,3,496,4,1,300,1,1,0
2892,3,497,4,1,250,1,1,0
2892,3,498,4,1,250,1,1,0
2892,3,499,4,1,200,1,1,0
2893,3,508,4,1,300,1,1,0
2893,3,509,4,1,250,1,1,0
2893,3,510,4,1,250,1,1,0
2893,3,511,4,1,200,1,1,0
2894,3,100,4,1,300,1,1,0
2894,3,101,4,1,250,1,1,0
2894,3,102,4,1,250,1,1,0
2894,3,103,4,1,200,1,1,0
2896,3,232,4,1,300,1,1,0
2896,3,233,4,1,250,1,1,0
2896,3,234,4,1,250,1,1,0
2896,3,235,4,1,200,1,1,0
2897,3,732,4,1,300,1,1,0
2897,3,733,4,1,250,1,1,0
2897,3,734,4,1,250,1,1,0
2897,3,735,4,1,200,1,1,0
2898,3,236,4,1,300,1,1,0
2898,3,237,4,1,250,1,1,0
2898,3,238,4,1,250,1,1,0
2898,3,239,4,1,200,1,1,0
2899,3,68,4,1,300,1,1,0
2899,3,69,4,1,250,1,1,0
2899,3,70,4,1,250,1,1,0
2899,3,71,4,1,200,1,1,0
2900,3,56,4,1,300,1,1,0
2900,3,57,4,1,250,1,1,0
2900,3,58,4,1,250,1,1,0
2900,3,59,4,1,200,1,1,0
2902,3,532,4,1,300,1,1,0
2902,3,533,4,1,250,1,1,0
2902,3,534,4,1,250,1,1,0
2902,3,535,4,1,200,1,1,0
2903,3,80,4,1,300,1,1,0
2903,3,81,4,1,250,1,1,0
2903,3,82,4,1,250,1,1,0
2903,3,83,4,1,200,1,1,0
2904,3,64,4,1,300,1,1,0
2904,3,65,4,1,250,1,1,0
2904,3,66,4,1,250,1,1,0
2904,3,67,4,1,200,1,1,0
2905,3,52,4,1,300,1,1,0
2905,3,53,4,1,250,1,1,0
2905,3,54,4,1,250,1,1,0
2905,3,55,4,1,200,1,1,0
2906,3,20,4,1,300,1,1,0
2906,3,21,4,1,250,1,1,0
2906,3,22,4,1,250,1,1,0
2906,3,23,4,1,200,1,1,0
2908,3,60,4,1,300,1,1,0
2908,3,61,4,1,250,1,1,0
2908,3,62,4,1,250,1,1,0
2908,3,63,4,1,200,1,1,0
2908,9,0,2,2,1000,10000,10000,0
2909,3,48,4,1,300,1,1,0
2909,3,49,4,1,250,1,1,0
2909,3,50,4,1,250,1,1,0
2909,3,51,4,1,200,1,1,0
2909,9,0,2,2,1000,10000,10000,0
2910,3,84,4,1,300,1,1,0
2910,3,85,4,1,250,1,1,0
2910,3,86,4,1,250,1,1,0
2910,3,87,4,1,200,1,1,0
2910,9,0,2,2,1000,10000,10000,0
2911,9,0,2,1,1000,30000,30000,0
2912,9,0,2,1,1000,20000,20000,0
2920,1,462,4,1,1000,1,1,0
2921,1,51,4,1,1000,1,1,0
2922,1,463,4,1,1000,1,1,0
2923,1,391,4,1,1000,1,1,0
2924,1,394,4,1,1000,1,1,0
2925,1,494,4,1,1000,1,1,0
2926,1,229,4,1,1000,1,1,0
2927,1,400,4,1,1000,1,1,0
2928,1,283,4,1,1000,1,1,0
2929,1,309,4,1,1000,1,1,0
2950,8,0,3,0,1000,5,5,0
2951,8,0,3,0,1000,20,20,0
2952,8,0,3,0,1000,10,10,0
2953,8,0,3,0,1000,100,100,0
2954,8,0,3,0,1000,200,200,0
3000,1,307,4,0,1000,1,1,0
3001,1,306,4,0,1000,1,1,0
3002,1,305,4,0,1000,1,1,0
3003,1,304,4,0,1000,1,1,0
3004,1,303,4,0,1000,1,1,0
3005,1,302,4,0,1000,1,1,0
3006,1,301,4,0,1000,1,1,0
3007,1,300,4,0,1000,1,1,0
3008,1,299,4,0,1000,1,1,0
3009,1,298,4,0,1000,1,1,0
3010,1,297,4,0,1000,1,1,0
3011,1,296,4,0,1000,1,1,0
3012,1,295,4,0,1000,1,1,0
3013,1,294,4,0,1000,1,1,0
3014,1,293,4,0,1000,1,1,0
3015,1,292,4,0,1000,1,1,0
3016,1,291,4,0,1000,1,1,0
3017,1,290,4,0,1000,1,1,0
3018,1,289,4,0,1000,1,1,0
3019,1,288,4,0,1000,1,1,0
3020,1,287,4,0,1000,1,1,0
3021,1,286,4,0,1000,1,1,0
3022,1,285,4,0,1000,1,1,0
3023,1,284,4,0,1000,1,1,0
3024,1,283,4,0,1000,1,1,0
3025,1,282,4,0,1000,1,1,0
3026,1,281,4,0,1000,1,1,0
3027,1,280,4,0,1000,1,1,0
3028,1,279,4,0,1000,1,1,0
3029,1,278,4,0,1000,1,1,0
3030,1,277,4,0,1000,1,1,0
3031,1,276,4,0,1000,1,1,0
3032,1,275,4,0,1000,1,1,0
3033,1,274,4,0,1000,1,1,0
3034,1,273,4,0,1000,1,1,0
3035,1,272,4,0,1000,1,1,0
3036,1,271,4,0,1000,1,1,0
3037,1,270,4,0,1000,1,1,0
3038,1,269,4,0,1000,1,1,0
3039,1,268,4,0,1000,1,1,0
3040,1,267,4,0,1000,1,1,0
3041,1,265,4,0,1000,1,1,0
3042,1,264,4,0,1000,1,1,0
3043,1,263,4,0,1000,1,1,0
3044,1,262,4,0,1000,1,1,0
3045,1,261,4,0,1000,1,1,0
3046,1,260,4,0,1000,1,1,0
3047,1,259,4,0,1000,1,1,0
3048,1,258,4,0,1000,1,1,0
3049,1,257,4,0,1000,1,1,0
3050,1,256,4,0,1000,1,1,0
3051,8,0,3,0,1000,100,100,0
3052,8,0,3,0,1000,200,200,0
3053,8,0,3,0,1000,300,300,0
3054,8,0,3,0,1000,400,400,0
3055,8,0,3,0,1000,500,500,0
3056,8,0,3,0,1000,600,600,0
3057,8,0,3,0,1000,700,700,0
3058,8,0,3,0,1000,800,800,0
3059,8,0,3,0,1000,900,900,0
3060,8,0,3,0,1000,1000,1000,0
3061,8,0,3,0,1000,1500,1500,0
3062,8,0,3,0,1000,2000,2000,0
3063,1,894,4,1,1000,1,1,0
3063,8,0,3,2,1000,800,800,0
3063,12,0,4,4,1000,300,300,0
3063,16,0,1,3,1000,300,300,0
3064,1,101,4,0,1000,1,1,0
3065,1,308,4,0,1000,1,1,0
3066,1,309,4,0,1000,1,1,0
3067,1,310,4,0,1000,1,1,0
3068,1,313,4,0,1000,1,1,0
3456,14,0,6,1,1000,200,200,0
3457,14,0,6,1,1000,500,500,0
3458,14,0,6,1,1000,800,800,0
3459,14,0,6,1,1000,1000,1000,0
3460,14,0,6,1,1000,1600,1600,0
3513,7,0,1,2,1000,200000,200000,0
3513,8,0,3,1,1000,400,400,0
3514,7,0,1,2,1000,300000,300000,0
3514,8,0,3,1,1000,500,500,0
3515,7,0,1,2,1000,400000,400000,0
3515,8,0,3,1,1000,700,700,0
3516,7,0,1,2,1000,500000,500000,0
3516,8,0,3,1,1000,1200,1200,0
3517,7,0,1,2,1000,600000,600000,0
3517,8,0,3,1,1000,2200,2200,0
3518,7,0,1,2,1000,1000000,1000000,0
3518,8,0,3,1,1000,5000,5000,0
3519,26,0,4,0,1000,7500,7500,0
3520,26,0,4,0,1000,15000,15000,0
3521,26,0,4,0,1000,22500,22500,0
3522,26,0,4,0,1000,30000,30000,0
3523,8,0,3,0,1000,100,100,0
3524,7,0,1,0,1000,1000000,1000000,0
3525,12,0,4,0,1000,10,10,0
3526,3,1286,4,0,1000,1,1,0
3527,3,1287,4,0,1000,1,1,0
3528,3,1288,4,0,1000,1,1,0
3529,3,1289,4,0,1000,1,1,0
3530,4,2,4,0,1000,1,1,0
3531,8,0,3,0,1000,500,500,0
3532,3,1338,4,0,1000,1,1,0
3533,3,1339,4,0,1000,1,1,0
3534,3,1340,4,0,1000,1,1,0
3535,3,1341,4,0,1000,1,1,0
3536,9,0,2,0,1000,1000000,1000000,0
3537,3,1426,4,0,1000,1,1,0
3538,3,1427,4,0,1000,1,1,0
3539,3,1428,4,0,1000,1,1,0
3540,3,1429,4,0,1000,1,1,0
3541,3,1430,4,0,1000,1,1,0
3542,3,1431,4,0,1000,1,1,0
3543,3,1432,4,0,1000,1,1,0
3544,3,1433,4,0,1000,1,1,0
3545,3,1434,4,0,1000,1,1,0
3546,3,1435,4,0,1000,1,1,0
3547,3,1436,4,0,1000,1,1,0
3548,3,1437,4,0,1000,1,1,0
3549,7,0,1,0,1000,10000000,10000000,0
3550,12,0,4,0,1000,40,40,0
3551,16,0,4,0,1000,100,100,0
3700,8,0,3,0,1000,200,200,0
3701,12,0,4,0,1000,26,26,0
3702,16,0,4,0,1000,50,50,0
3703,1,500,4,2,1000,1,1,0
3703,1,512,4,1,1000,1,1,0
3704,1,500,4,1,1000,1,1,0
3704,1,5001,4,2,1000,1,1,0
3705,1,512,4,1,1000,1,1,0
3705,1,5001,4,2,1000,1,1,0
3706,1,488,4,1,1000,1,1,0
3707,1,452,4,1,1000,1,1,0
3708,1,357,4,1,1000,1,1,0
3709,1,5001,4,1,1000,1,1,0
4000,1,332,4,0,1000,1,1,0
4001,1,309,4,0,1000,1,1,0
4002,1,333,4,0,1000,1,1,0
4003,1,275,4,0,1000,1,1,0
4004,1,303,4,0,1000,1,1,0
4005,1,59,4,0,1000,1,1,0
4006,1,426,4,0,1000,1,1,0
4007,1,433,4,0,1000,1,1,0
5000,8,0,3,0,1000,1,1,0
5001,8,0,3,0,1000,5,5,0
5002,8,0,3,0,1000,10,10,0
5003,8,0,3,0,1000,20,20,0
5004,8,0,3,0,1000,30,30,0
5005,8,0,3,0,1000,5,5,0
5006,8,0,3,0,1000,15,15,0
5007,8,0,3,0,1000,5,5,0
5008,8,0,3,0,1000,1,1,0
5009,8,0,100,0,1000,1,1,0
5010,7,0,100,0,1000,1,1,0
5344,1,502,4,0,1000,2,2,4
5345,1,502,4,0,1000,4,4,4
5346,1,502,4,0,1000,6,6,4
5347,1,502,4,0,1000,8,8,4
5348,1,502,4,0,1000,10,10,4
5349,1,506,4,0,1000,2,2,4
5350,1,506,4,0,1000,4,4,4
5351,1,506,4,0,1000,6,6,4
5352,1,506,4,0,1000,8,8,4
5353,1,506,4,0,1000,10,10,4
5354,1,503,4,0,1000,2,2,2
5355,1,503,4,0,1000,4,4,2
5356,1,503,4,0,1000,6,6,2
5357,1,503,4,0,1000,8,8,2
5358,1,503,4,0,1000,10,10,2
5359,1,488,4,0,1000,2,2,4
5360,1,488,4,0,1000,4,4,4
5361,1,488,4,0,1000,6,6,4
5362,1,488,4,0,1000,8,8,4
5363,1,488,4,0,1000,10,10,4
5574,3,1704,4,1,156,1,1,0
5574,3,1705,4,1,156,1,1,0
5574,3,1706,4,1,156,1,1,0
5574,3,1707,4,1,148,1,1,0
5574,3,1708,4,1,48,1,1,0
5574,3,1709,4,1,48,1,1,0
5574,3,1710,4,1,48,1,1,0
5574,3,1711,4,1,48,1,1,0
5574,3,1712,4,1,48,1,1,0
5574,3,1713,4,1,48,1,1,0
5574,3,1714,4,1,48,1,1,0
5574,3,1715,4,1,48,1,1,0
5574,8,0,3,0,1000,150,150,0
5575,1,555,4,3,1000,1,1,0
5576,3,1680,4,1,156,1,1,0
5576,3,1681,4,1,156,1,1,0
5576,3,1682,4,1,156,1,1,0
5576,3,1683,4,1,148,1,1,0
5576,3,1684,4,1,48,1,1,0
5576,3,1685,4,1,48,1,1,0
5576,3,1686,4,1,48,1,1,0
5576,3,1687,4,1,48,1,1,0
5576,3,1688,4,1,48,1,1,0
5576,3,1689,4,1,48,1,1,0
5576,3,1690,4,1,48,1,1,0
5576,3,1691,4,1,48,1,1,0
5576,8,0,3,0,1000,130,130,0
5577,1,549,4,3,1000,1,1,0
5577,3,1704,4,2,120,1,1,0
5577,3,1705,4,2,120,1,1,0
5577,3,1706,4,2,120,1,1,0
5577,3,1707,4,2,120,1,1,0
5577,3,1708,4,2,60,1,1,0
5577,3,1709,4,2,60,1,1,0
5577,3,1710,4,2,60,1,1,0
5577,3,1711,4,2,60,1,1,0
5577,3,1712,4,2,70,1,1,0
5577,3,1713,4,2,70,1,1,0
5577,3,1714,4,2,70,1,1,0
5577,3,1715,4,2,70,1,1,0
5578,3,1562,4,1,156,1,1,0
5578,3,1563,4,1,156,1,1,0
5578,3,1564,4,1,156,1,1,0
5578,3,1565,4,1,148,1,1,0
5578,3,1566,4,1,48,1,1,0
5578,3,1567,4,1,48,1,1,0
5578,3,1568,4,1,48,1,1,0
5578,3,1569,4,1,48,1,1,0
5578,3,1570,4,1,48,1,1,0
5578,3,1571,4,1,48,1,1,0
5578,3,1572,4,1,48,1,1,0
5578,3,1573,4,1,48,1,1,0
5578,8,0,3,0,1000,100,100,0
5579,1,546,4,3,1000,1,1,0
5579,3,1704,4,2,120,1,1,0
5579,3,1705,4,2,120,1,1,0
5579,3,1706,4,2,120,1,1,0
5579,3,1707,4,2,120,1,1,0
5579,3,1708,4,2,60,1,1,0
5579,3,1709,4,2,60,1,1,0
5579,3,1710,4,2,60,1,1,0
5579,3,1711,4,2,60,1,1,0
5579,3,1712,4,2,70,1,1,0
5579,3,1713,4,2,70,1,1,0
5579,3,1714,4,2,70,1,1,0
5579,3,1715,4,2,70,1,1,0
5580,3,1502,4,1,156,1,1,0
5580,3,1503,4,1,156,1,1,0
5580,3,1504,4,1,156,1,1,0
5580,3,1505,4,1,148,1,1,0
5580,3,1506,4,1,48,1,1,0
5580,3,1507,4,1,48,1,1,0
5580,3,1508,4,1,48,1,1,0
5580,3,1509,4,1,48,1,1,0
5580,3,1510,4,1,48,1,1,0
5580,3,1511,4,1,48,1,1,0
5580,3,1512,4,1,48,1,1,0
5580,3,1513,4,1,48,1,1,0
5580,8,0,3,0,1000,80,80,0
5581,1,531,4,3,1000,1,1,0
5581,3,1704,4,2,120,1,1,0
5581,3,1705,4,2,120,1,1,0
5581,3,1706,4,2,120,1,1,0
5581,3,1707,4,2,120,1,1,0
5581,3,1708,4,2,60,1,1,0
5581,3,1709,4,2,60,1,1,0
5581,3,1710,4,2,60,1,1,0
5581,3,1711,4,2,60,1,1,0
5581,3,1712,4,2,70,1,1,0
5581,3,1713,4,2,70,1,1,0
5581,3,1714,4,2,70,1,1,0
5581,3,1715,4,2,70,1,1,0
5582,3,1234,4,1,250,1,1,0
5582,3,1235,4,1,250,1,1,0
5582,3,1236,4,1,250,1,1,0
5582,3,1237,4,1,250,1,1,0
5582,8,0,3,0,1000,50,50,0
5583,1,462,4,3,1000,1,1,0
5583,3,1704,4,2,120,1,1,0
5583,3,1705,4,2,120,1,1,0
5583,3,1706,4,2,120,1,1,0
5583,3,1707,4,2,120,1,1,0
5583,3,1708,4,2,60,1,1,0
5583,3,1709,4,2,60,1,1,0
5583,3,1710,4,2,60,1,1,0
5583,3,1711,4,2,60,1,1,0
5583,3,1712,4,2,70,1,1,0
5583,3,1713,4,2,70,1,1,0
5583,3,1714,4,2,70,1,1,0
5583,3,1715,4,2,70,1,1,0
5584,3,1194,4,1,250,1,1,0
5584,3,1195,4,1,250,1,1,0
5584,3,1196,4,1,250,1,1,0
5584,3,1197,4,1,250,1,1,0
5584,8,0,3,0,1000,35,35,0
5585,1,452,4,3,1000,1,1,0
5586,3,1118,4,1,250,1,1,0
5586,3,1119,4,1,250,1,1,0
5586,3,1120,4,1,250,1,1,0
5586,3,1121,4,1,250,1,1,0
5586,8,0,3,0,1000,25,25,0
5587,1,429,4,3,1000,1,1,0
5678,7,0,1,0,1000,20000,20000,0
5679,7,0,1,0,1000,30000,30000,0
5680,7,0,1,0,1000,40000,40000,0
5681,7,0,1,0,1000,50000,50000,0
5682,7,0,1,0,1000,60000,60000,0
5683,7,0,1,0,1000,70000,70000,0
5684,7,0,1,0,1000,80000,80000,0
5685,7,0,1,0,1000,300000,300000,0
5686,7,0,1,0,1000,400000,400000,0
5687,7,0,1,0,1000,600000,600000,0
5688,9,0,2,0,1000,4300,4300,0
5689,9,0,2,0,1000,5000,5000,0
5690,9,0,2,0,1000,5500,5500,0
5691,9,0,2,0,1000,10000,10000,0
5692,9,0,2,0,1000,20000,20000,0
5693,8,0,3,0,1000,10,10,0
5694,8,0,3,0,1000,20,20,0
5695,8,0,3,0,1000,30,30,0
5696,8,0,3,0,1000,40,40,0
5697,8,0,3,0,1000,50,50,0
5698,8,0,3,0,1000,100,100,0
5699,8,0,3,0,1000,300,300,0
5700,12,0,4,0,1000,26,26,0
5701,4,2,4,0,1000,1,1,0
5702,4,3,4,0,1000,3,3,0
5703,8,0,3,1,1000,30,30,0
5703,9,0,2,2,1000,20000,20000,0
5704,7,0,1,1,1000,300000,300000,0
5704,9,0,2,2,1000,20000,20000,0
5705,8,0,3,1,1000,100,100,0
5705,9,0,2,2,1000,20000,20000,0
5706,14,0,6,0,1000,14000,14000,0
5707,16,0,4,0,1000,100,100,0
5708,1,30,4,0,1000,1,1,0
5709,1,36,4,0,1000,1,1,0
5710,1,24,4,0,1000,1,1,0
5711,1,15,4,0,1000,1,1,0
5712,1,375,4,0,1000,1,1,0
5713,1,515,4,0,1000,1,1,0
5714,1,7,4,1,1000,1,1,0
5714,8,0,3,2,1000,10,10,0
5715,1,18,4,1,1000,1,1,0
5715,9,0,2,2,1000,20000,20000,0
5716,1,21,4,1,1000,1,1,0
5716,9,0,2,2,1000,20000,20000,0
5717,1,33,4,1,1000,1,1,0
5717,9,0,2,2,1000,20000,20000,0
5718,1,27,4,1,1000,1,1,0
5718,9,0,2,2,1000,20000,20000,0
5719,1,12,4,1,1000,1,1,0
5719,8,0,3,2,1000,10,10,0
5720,3,430,4,0,1000,1,1,0
5721,3,428,4,0,1000,1,1,0
5722,3,429,4,0,1000,1,1,0
5723,3,431,4,0,1000,1,1,0
5724,3,418,4,0,1000,1,1,0
5725,3,416,4,0,1000,1,1,0
5726,3,417,4,0,1000,1,1,0
5727,3,419,4,0,1000,1,1,0
5728,18,0,4,0,1000,1,1,0
5729,17,0,4,0,1000,1,1,0
5730,20,0,4,0,1000,1,1,0
5731,20,0,4,0,1000,10,10,0
5732,1,421,4,0,1000,1,1,0
5733,1,357,4,0,1000,1,1,0
5734,1,465,4,0,1000,1,1,0
5735,1,451,4,0,1000,1,1,0
5736,1,445,4,0,1000,1,1,0
5737,1,480,4,0,1000,1,1,0
5738,1,486,4,0,1000,1,1,0
5739,1,489,4,0,1000,1,1,0
5740,1,477,4,0,1000,1,1,0
5741,1,492,4,0,1000,1,1,0
5742,1,510,4,0,1000,1,1,0
5743,1,512,4,0,1000,1,1,0
5744,1,513,4,0,1000,1,1,0
5745,1,448,4,0,1000,1,1,0
5746,1,456,4,0,1000,1,1,0
5747,1,483,4,0,1000,1,1,0
5748,1,474,4,0,1000,1,1,0
5749,1,513,4,0,1000,1,1,0
5750,1,495,4,0,1000,1,1,0
5751,1,468,4,0,1000,1,1,0
5752,1,382,4,0,1000,1,1,0
5753,1,498,4,0,1000,1,1,0
5754,1,507,4,0,1000,1,1,0
5755,1,465,4,0,1000,1,1,0
5756,1,354,4,0,1000,1,1,0
5757,1,355,4,0,1000,1,1,0
5758,1,370,4,0,1000,1,1,0
5759,1,378,4,0,1000,1,1,0
5760,1,392,4,0,1000,1,1,0
5761,1,394,4,0,1000,1,1,0
5763,1,453,4,0,1000,1,1,0
5764,1,441,4,0,1000,1,1,0
5765,1,424,4,0,1000,1,1,0
5766,1,501,4,0,1000,1,1,0
5767,1,410,4,0,1000,1,1,0
5768,1,411,4,0,1000,1,1,0
5769,1,462,4,0,1000,1,1,0
5770,1,383,4,0,1000,1,1,0
5771,1,469,4,0,1000,1,1,0
5772,1,376,4,0,1000,1,1,0
5773,1,345,4,0,1000,1,1,0
5774,1,459,4,0,1000,1,1,0
5775,1,330,4,0,1000,1,1,0
5776,1,293,4,0,1000,1,1,0
5777,1,294,4,0,1000,1,1,0
5778,1,319,4,0,1000,1,1,0
5800,1,894,4,0,1000,32,32,0
5801,1,894,4,0,1000,16,16,0
5802,1,894,4,0,1000,12,12,0
5803,1,894,4,0,1000,8,8,0
5804,1,894,4,0,1000,6,6,0
5805,1,894,4,0,1000,4,4,0
5806,1,894,4,0,1000,2,2,0
5807,1,894,4,0,1000,1,1,0
5808,16,0,4,0,1000,100,100,0
5900,1,561,4,0,1000,1,1,0
5901,1,531,4,0,1000,1,1,0
5902,1,509,4,0,1000,1,1,0
5903,1,573,4,0,1000,1,1,0
5904,1,567,4,0,1000,1,1,0
5905,1,461,4,0,1000,1,1,0
5906,1,540,4,0,1000,1,1,0
5907,1,591,4,0,1000,1,1,0
5908,1,579,4,0,1000,1,1,0
5909,1,570,4,0,1000,1,1,0
5910,1,549,4,0,1000,1,1,0
5911,1,564,4,0,1000,1,1,0
5912,1,576,4,0,1000,1,1,0
5913,1,582,4,0,1000,1,1,0
5914,1,597,4,0,1000,1,1,0
5915,1,594,4,0,1000,1,1,0
5916,1,598,4,0,1000,1,1,0
5917,1,621,4,0,1000,1,1,0
5918,1,630,4,0,1000,1,1,0
5919,1,588,4,0,1000,1,1,0
5920,1,618,4,0,1000,1,1,0
5921,1,612,4,0,1000,1,1,0
5922,1,624,4,0,1000,1,1,0
5923,1,627,4,0,1000,1,1,0
5924,1,604,4,0,1000,1,1,0
5925,1,609,4,0,1000,1,1,0
5926,1,555,4,0,1000,1,1,0
5927,1,615,4,0,1000,1,1,0
5959,8,0,3,2,1000,100,100,0
5959,16,0,4,1,1000,5,5,0
5960,8,0,3,2,1000,300,300,0
5960,16,0,4,1,1000,20,20,0
5961,1,615,4,0,1000,1,1,0
5962,8,0,3,2,1000,280,280,0
5962,16,0,4,1,1000,18,18,0
5963,1,555,4,0,1000,1,1,0
5964,8,0,3,2,1000,260,260,0
5964,16,0,4,1,1000,16,16,0
5965,1,609,4,0,1000,1,1,0
5966,8,0,3,2,1000,250,250,0
5966,16,0,4,1,1000,15,15,0
5967,1,627,4,0,1000,1,1,0
5968,8,0,3,2,1000,250,250,0
5968,16,0,4,1,1000,15,15,0
5969,1,624,4,0,1000,1,1,0
5970,8,0,3,2,1000,200,200,0
5970,16,0,4,1,1000,13,13,0
5971,1,621,4,0,1000,1,1,0
5972,8,0,3,2,1000,200,200,0
5972,16,0,4,1,1000,13,13,0
5973,1,594,4,0,1000,1,1,0
5974,8,0,3,2,1000,200,200,0
5974,16,0,4,1,1000,13,13,0
5975,1,597,4,0,1000,1,1,0
5976,8,0,3,2,1000,200,200,0
5976,16,0,4,1,1000,11,11,0
5977,1,598,4,0,1000,1,1,0
5978,8,0,3,2,1000,200,200,0
5978,16,0,4,1,1000,11,11,0
5979,1,564,4,0,1000,1,1,0
5998,21,0,4,1,1000,30,30,0
5999,21,0,4,1,1000,60,60,0
6000,3,1414,4,0,27,1,1,0
6000,3,1415,4,0,27,1,1,0
6000,3,1416,4,0,27,1,1,0
6000,3,1417,4,0,27,1,1,0
6000,3,1418,4,0,27,1,1,0
6000,3,1419,4,0,27,1,1,0
6000,3,1420,4,0,27,1,1,0
6000,3,1421,4,0,27,1,1,0
6000,3,1422,4,0,28,1,1,0
6000,3,1423,4,0,28,1,1,0
6000,3,1424,4,0,28,1,1,0
6000,3,1425,4,0,28,1,1,0
6000,3,1502,4,0,28,1,1,0
6000,3,1503,4,0,28,1,1,0
6000,3,1504,4,0,28,1,1,0
6000,3,1505,4,0,28,1,1,0
6000,3,1506,4,0,28,1,1,0
6000,3,1507,4,0,28,1,1,0
6000,3,1508,4,0,28,1,1,0
6000,3,1509,4,0,28,1,1,0
6000,3,1510,4,0,28,1,1,0
6000,3,1511,4,0,28,1,1,0
6000,3,1512,4,0,28,1,1,0
6000,3,1513,4,0,28,1,1,0
6000,3,1692,4,0,28,1,1,0
6000,3,1693,4,0,28,1,1,0
6000,3,1694,4,0,28,1,1,0
6000,3,1695,4,0,28,1,1,0
6000,3,1696,4,0,28,1,1,0
6000,3,1697,4,0,28,1,1,0
6000,3,1698,4,0,28,1,1,0
6000,3,1699,4,0,28,1,1,0
6000,3,1700,4,0,28,1,1,0
6000,3,1701,4,0,28,1,1,0
6000,3,1702,4,0,28,1,1,0
6000,3,1703,4,0,28,1,1,0
6001,26,0,6,0,1000,20000,20000,0
6002,26,0,6,0,1000,17000,17000,0
6003,26,0,6,0,1000,14000,14000,0
6004,26,0,6,0,1000,12000,12000,0
6005,26,0,6,0,1000,10000,10000,0
6006,26,0,6,0,1000,9000,9000,0
6007,26,0,6,0,1000,8000,8000,0
6008,26,0,6,0,1000,7000,7000,0
6009,26,0,6,0,1000,6000,6000,0
6010,26,0,6,0,1000,5000,5000,0
6011,26,0,6,0,1000,4400,4400,0
6012,26,0,6,0,1000,3800,3800,0
6013,26,0,6,0,1000,3200,3200,0
6014,26,0,6,0,1000,2800,2800,0
6015,26,0,6,0,1000,2400,2400,0
6016,26,0,6,0,1000,2000,2000,0
6017,26,0,6,0,1000,1600,1600,0
6018,26,0,6,0,1000,1400,1400,0
6019,26,0,6,0,1000,1200,1200,0
6020,8,0,3,2,1000,50,50,0
6020,16,0,1,1,1000,1,1,0
6021,8,0,3,2,1000,60,60,0
6021,16,0,1,1,1000,2,2,0
6022,8,0,3,2,1000,70,70,0
6022,16,0,1,1,1000,3,3,0
6023,8,0,3,2,1000,80,80,0
6023,16,0,1,1,1000,4,4,0
6024,8,0,3,2,1000,100,100,0
6024,16,0,1,1,1000,5,5,0
6030,1,509,4,0,1000,1,1,0
6031,1,531,4,0,1000,1,1,0
6032,1,585,4,0,1000,1,1,0
6033,1,552,4,0,1000,1,1,0
6034,1,540,4,0,1000,1,1,0
6035,1,51,4,0,1000,1,1,0
6036,1,537,4,0,1000,1,1,0
6037,1,561,4,0,1000,1,1,0
6038,1,573,4,0,1000,1,1,0
6039,1,567,4,0,1000,1,1,0
6040,1,579,4,0,1000,1,1,0
6041,1,461,4,0,1000,1,1,0
6042,1,591,4,0,1000,1,1,0
6043,1,558,4,0,1000,1,1,0
6044,1,549,4,0,1000,1,1,0
6045,1,564,4,0,1000,1,1,0
6046,1,598,4,0,1000,1,1,0
6047,1,570,4,0,1000,1,1,0
6048,1,576,4,0,1000,1,1,0
6049,1,582,4,0,1000,1,1,0
6050,1,597,4,0,1000,1,1,0
6051,1,594,4,0,1000,1,1,0
6052,1,621,4,0,1000,1,1,0
6053,1,618,4,0,1000,1,1,0
6054,1,601,4,0,1000,1,1,0
6055,1,588,4,0,1000,1,1,0
6056,1,612,4,0,1000,1,1,0
6057,1,633,4,0,1000,1,1,0
6058,1,624,4,0,1000,1,1,0
6059,1,627,4,0,1000,1,1,0
6060,1,639,4,0,1000,1,1,0
6061,1,604,4,0,1000,1,1,0
6062,1,609,4,0,1000,1,1,0
6063,1,645,4,0,1000,1,1,0
6064,1,648,4,0,1000,1,1,0
6065,1,642,4,0,1000,1,1,0
6066,1,555,4,0,1000,1,1,0
6067,1,615,4,0,1000,1,1,0
6430,8,0,3,2,1000,10,10,0
6430,16,0,4,1,1000,1,1,0
6431,8,0,3,2,1000,20,20,0
6431,16,0,4,1,1000,2,2,0
6432,8,0,3,2,1000,30,30,0
6432,16,0,4,1,1000,3,3,0
6433,8,0,3,2,1000,40,40,0
6433,16,0,4,1,1000,4,4,0
6434,3,1844,4,3,250,1,1,0
6434,3,1845,4,3,250,1,1,0
6434,3,1846,4,3,250,1,1,0
6434,3,1847,4,3,250,1,1,0
6434,8,0,3,2,1000,100,100,0
6434,16,0,4,1,1000,5,5,0
6435,8,0,3,0,1000,4000,4000,0
6436,8,0,3,0,1000,5000,5000,0
6437,8,0,3,0,1000,6000,6000,0
6438,8,0,3,0,1000,7000,7000,0
6439,8,0,3,0,1000,8000,8000,0
6440,16,0,4,0,1000,1000,1000,0
6441,16,0,4,0,1000,2000,2000,0
6442,16,0,4,0,1000,3000,3000,0
6443,16,0,4,0,1000,4000,4000,0
6444,16,0,4,0,1000,5000,5000,0
6445,26,0,4,0,1000,15000,15000,0
6446,26,0,4,0,1000,30000,30000,0
6447,26,0,4,0,1000,45000,45000,0
6448,26,0,4,0,1000,75000,75000,0
7000,1,891,4,1,1000,1,1,0
7000,8,0,4,2,1000,200,200,0
7000,16,0,4,3,1000,50,50,0
7000,27,0,4,4,1000,5,5,0
7001,1,891,4,1,1000,2,2,0
7001,8,0,3,2,1000,300,300,0
7001,16,0,1,3,1000,70,70,0
7001,27,0,4,4,1000,10,10,0
7002,1,891,4,1,1000,3,3,0
7002,8,0,3,2,1000,500,500,0
7002,16,0,1,3,1000,90,90,0
7002,27,0,4,4,1000,15,15,0
7003,1,891,4,1,1000,4,4,0
7003,8,0,3,2,1000,700,700,0
7003,16,0,1,3,1000,110,110,0
7003,27,0,4,4,1000,20,20,0
7004,1,891,4,1,1000,5,5,0
7004,8,0,3,2,1000,1100,1100,0
7004,16,0,1,3,1000,150,150,0
7004,27,0,4,4,1000,25,25,0
7005,1,891,4,1,1000,6,6,0
7005,8,0,3,2,1000,1400,1400,0
7005,16,0,1,3,1000,200,200,0
7005,27,0,4,4,1000,35,35,0
7006,1,891,4,1,1000,7,7,0
7006,8,0,3,2,1000,1700,1700,0
7006,16,0,1,3,1000,300,300,0
7006,27,0,4,4,1000,40,40,0
7007,1,891,4,1,1000,8,8,0
7007,8,0,3,2,1000,2300,2300,0
7007,16,0,1,3,1000,400,400,0
7007,27,0,4,4,1000,60,60,0
7008,1,891,4,1,1000,9,9,0
7008,8,0,3,2,1000,3000,3000,0
7008,16,0,1,3,1000,600,600,0
7008,27,0,4,4,1000,90,90,0
7009,1,891,4,1,1000,19,19,0
7009,8,0,3,2,1000,3800,3800,0
7009,16,0,1,3,1000,800,800,0
7009,27,0,4,4,1000,120,120,0
9000,8,0,3,1,1000,200,200,0
9000,16,0,4,2,1000,200,200,0
9001,8,0,3,1,1000,400,400,0
9001,16,0,4,2,1000,400,400,0
9002,8,0,3,1,1000,600,600,0
9002,16,0,4,2,1000,600,600,0
9003,8,0,3,1,1000,800,800,0
9003,16,0,4,2,1000,800,800,0
9004,8,0,3,1,1000,1000,1000,0
9004,16,0,4,2,1000,1000,1000,0
9005,8,0,3,1,1000,2000,2000,0
9005,16,0,4,2,1000,2000,2000,0
9006,8,0,3,0,1000,1000,1000,0
9007,8,0,3,0,1000,3000,3000,0
9008,1,886,4,2,330,1,1,0
9008,1,887,4,2,330,1,1,0
9008,1,888,4,2,340,1,1,0
9008,8,0,3,1,1000,5000,5000,0
9009,1,886,4,2,330,1,1,0
9009,1,887,4,2,330,1,1,0
9009,1,888,4,2,340,1,1,0
9009,4,3,4,3,1000,1,1,0
9009,8,0,3,1,1000,7000,7000,0
9010,1,886,4,2,330,1,1,0
9010,1,886,4,3,330,1,1,0
9010,1,887,4,2,330,1,1,0
9010,1,887,4,3,330,1,1,0
9010,1,888,4,2,340,1,1,0
9010,1,888,4,3,340,1,1,0
9010,4,3,4,5,1000,1,1,0
9010,8,0,3,1,1000,10000,10000,0
9011,1,886,4,2,330,1,1,0
9011,1,886,4,3,330,1,1,0
9011,1,886,4,4,330,1,1,0
9011,1,886,4,5,330,1,1,0
9011,1,887,4,2,330,1,1,0
9011,1,887,4,3,330,1,1,0
9011,1,887,4,4,330,1,1,0
9011,1,887,4,5,330,1,1,0
9011,1,888,4,2,340,1,1,0
9011,1,888,4,3,340,1,1,0
9011,1,888,4,4,340,1,1,0
9011,1,888,4,5,340,1,1,0
9011,4,3,4,6,1000,1,1,0
9011,8,0,3,1,1000,13000,13000,0
9012,16,0,4,0,1000,500,500,0
9013,16,0,4,0,1000,1000,1000,0
9014,1,886,4,2,330,1,1,0
9014,1,887,4,2,330,1,1,0
9014,1,888,4,2,340,1,1,0
9014,16,0,4,1,1000,2000,2000,0
9015,1,886,4,2,330,1,1,0
9015,1,887,4,2,330,1,1,0
9015,1,888,4,2,340,1,1,0
9015,4,3,4,3,1000,1,1,0
9015,16,0,4,1,1000,3500,3500,0
9016,1,886,4,2,330,1,1,0
9016,1,886,4,3,330,1,1,0
9016,1,887,4,2,330,1,1,0
9016,1,887,4,3,330,1,1,0
9016,1,888,4,2,340,1,1,0
9016,1,888,4,3,340,1,1,0
9016,4,3,4,4,1000,1,1,0
9016,16,0,4,1,1000,5000,5000,0
9017,1,886,4,2,330,1,1,0
9017,1,886,4,3,330,1,1,0
9017,1,886,4,4,330,1,1,0
9017,1,886,4,5,330,1,1,0
9017,1,887,4,2,330,1,1,0
9017,1,887,4,3,330,1,1,0
9017,1,887,4,4,330,1,1,0
9017,1,887,4,5,330,1,1,0
9017,1,888,4,2,340,1,1,0
9017,1,888,4,3,340,1,1,0
9017,1,888,4,4,340,1,1,0
9017,1,888,4,5,340,1,1,0
9017,4,3,4,6,1000,1,1,0
9017,16,0,4,1,1000,6500,6500,0
9018,1,888,4,1,1000,16,16,0
9018,35,0,0,0,1000,2000,2000,1
9019,1,888,4,1,1000,12,12,0
9019,35,0,0,0,1000,1500,1500,1
9020,1,888,4,1,1000,10,10,0
9020,35,0,0,0,1000,1000,1000,1
9021,1,888,4,1,1000,8,8,0
9021,35,0,0,0,1000,800,800,1
9022,1,888,4,1,1000,6,6,0
9022,35,0,0,0,1000,600,600,1
9023,1,888,4,1,1000,4,4,0
9023,35,0,0,0,1000,400,400,1
9024,1,888,4,1,1000,2,2,0
9024,35,0,0,0,1000,200,200,1
9025,1,888,4,1,1000,1,1,0
9025,35,0,0,0,1000,100,100,1
10000,1,1,4,0,1000,1,1,0
10001,1,2,4,0,1000,1,1,0
10002,1,3,4,0,1000,1,1,0
10003,1,4,4,0,1000,1,1,0
10004,1,5,4,0,1000,1,1,0
10005,1,6,4,0,1000,1,1,0
10006,1,7,4,0,1000,1,1,0
10007,1,8,4,0,1000,1,1,0
10008,1,9,4,0,1000,1,1,0
10009,1,10,4,0,1000,1,1,0
10010,1,11,4,0,1000,1,1,0
10011,1,12,4,0,1000,1,1,0
10012,1,13,4,0,1000,1,1,0
10013,1,14,4,0,1000,1,1,0
10014,1,15,4,0,1000,1,1,0
10015,1,16,4,0,1000,1,1,0
10016,1,17,4,0,1000,1,1,0
10017,1,18,4,0,1000,1,1,0
10018,1,19,4,0,1000,1,1,0
10019,1,20,4,0,1000,1,1,0
10020,1,21,4,0,1000,1,1,0
10021,1,22,4,0,1000,1,1,0
10022,1,23,4,0,1000,1,1,0
10023,1,24,4,0,1000,1,1,0
10024,1,25,4,0,1000,1,1,0
10025,1,26,4,0,1000,1,1,0
10026,1,27,4,0,1000,1,1,0
10027,1,28,4,0,1000,1,1,0
10028,1,29,4,0,1000,1,1,0
10029,1,30,4,0,1000,1,1,0
10030,1,31,4,0,1000,1,1,0
10031,1,32,4,0,1000,1,1,0
10032,1,33,4,0,1000,1,1,0
10033,1,34,4,0,1000,1,1,0
10034,1,35,4,0,1000,1,1,0
10035,1,36,4,0,1000,1,1,0
10036,1,37,4,0,1000,1,1,0
10037,1,38,4,0,1000,1,1,0
10038,1,39,4,0,1000,1,1,0
10039,1,40,4,0,1000,1,1,0
10040,1,41,4,0,1000,1,1,0
10041,1,42,4,0,1000,1,1,0
10042,1,43,4,0,1000,1,1,0
10043,1,44,4,0,1000,1,1,0
10044,1,45,4,0,1000,1,1,0
10045,1,46,4,0,1000,1,1,0
10046,1,47,4,0,1000,1,1,0
10047,1,48,4,0,1000,1,1,0
10048,1,49,4,0,1000,1,1,0
10049,1,50,4,0,1000,1,1,0
10050,1,51,4,0,1000,1,1,0
10051,1,52,4,0,1000,1,1,0
10052,1,53,4,0,1000,1,1,0
10053,1,54,4,0,1000,1,1,0
10054,1,55,4,0,1000,1,1,0
10055,1,56,4,0,1000,1,1,0
10056,1,57,4,0,1000,1,1,0
10057,1,58,4,0,1000,1,1,0
10058,1,59,4,0,1000,1,1,0
10059,1,60,4,0,1000,1,1,0
10060,1,61,4,0,1000,1,1,0
10061,1,62,4,0,1000,1,1,0
10062,1,63,4,0,1000,1,1,0
10063,1,64,4,0,1000,1,1,0
10064,1,65,4,0,1000,1,1,0
10065,1,100,4,0,1000,1,1,0
10066,1,101,4,0,1000,1,1,0
10067,1,102,4,0,1000,1,1,0
10068,1,103,4,0,1000,1,1,0
10069,1,104,4,0,1000,1,1,0
10070,1,107,4,0,1000,1,1,0
10071,1,108,4,0,1000,1,1,0
10072,1,200,4,0,1000,1,1,0
10073,1,201,4,0,1000,1,1,0
10074,1,202,4,0,1000,1,1,0
10075,1,203,4,0,1000,1,1,0
10076,1,204,4,0,1000,1,1,0
10077,1,205,4,0,1000,1,1,0
10078,1,206,4,0,1000,1,1,0
10079,1,207,4,0,1000,1,1,0
10080,1,208,4,0,1000,1,1,0
10081,1,209,4,0,1000,1,1,0
10082,1,210,4,0,1000,1,1,0
10083,1,214,4,0,1000,1,1,0
10084,1,215,4,0,1000,1,1,0
10085,1,218,4,0,1000,1,1,0
10086,1,219,4,0,1000,1,1,0
10087,1,221,4,0,1000,1,1,0
10088,1,222,4,0,1000,1,1,0
10089,1,223,4,0,1000,1,1,0
10090,1,224,4,0,1000,1,1,0
10091,1,225,4,0,1000,1,1,0
10092,1,226,4,0,1000,1,1,0
10093,1,227,4,0,1000,1,1,0
10094,1,228,4,0,1000,1,1,0
10095,1,229,4,0,1000,1,1,0
10096,1,230,4,0,1000,1,1,0
10097,1,231,4,0,1000,1,1,0
10098,1,232,4,0,1000,1,1,0
10099,1,233,4,0,1000,1,1,0
10100,1,234,4,0,1000,1,1,0
10101,1,235,4,0,1000,1,1,0
10102,1,238,4,0,1000,1,1,0
10103,1,239,4,0,1000,1,1,0
10104,1,240,4,0,1000,1,1,0
10105,1,241,4,0,1000,1,1,0
10106,1,242,4,0,1000,1,1,0
10107,1,243,4,0,1000,1,1,0
10108,1,244,4,0,1000,1,1,0
10109,1,245,4,0,1000,1,1,0
10110,1,246,4,0,1000,1,1,0
10111,1,247,4,0,1000,1,1,0
10112,1,248,4,0,1000,1,1,0
10113,1,249,4,0,1000,1,1,0
10114,1,250,4,0,1000,1,1,0
10115,1,251,4,0,1000,1,1,0
10116,1,252,4,0,1000,1,1,0
10117,1,253,4,0,1000,1,1,0
10118,1,254,4,0,1000,1,1,0
10119,1,255,4,0,1000,1,1,0
10120,1,256,4,0,1000,1,1,0
10121,1,257,4,0,1000,1,1,0
10122,1,258,4,0,1000,1,1,0
10123,1,259,4,0,1000,1,1,0
10124,1,266,4,0,1000,1,1,0
10125,1,267,4,0,1000,1,1,0
10126,1,268,4,0,1000,1,1,0
10127,1,269,4,0,1000,1,1,0
10128,1,270,4,0,1000,1,1,0
10129,1,271,4,0,1000,1,1,0
10130,1,272,4,0,1000,1,1,0
10131,1,273,4,0,1000,1,1,0
10132,1,274,4,0,1000,1,1,0
10133,1,275,4,0,1000,1,1,0
10134,1,276,4,0,1000,1,1,0
10135,1,277,4,0,1000,1,1,0
10136,1,278,4,0,1000,1,1,0
10137,1,279,4,0,1000,1,1,0
10138,1,280,4,0,1000,1,1,0
10139,1,281,4,0,1000,1,1,0
10140,1,282,4,0,1000,1,1,0
10141,1,283,4,0,1000,1,1,0
10142,1,284,4,0,1000,1,1,0
10143,1,285,4,0,1000,1,1,0
10144,1,286,4,0,1000,1,1,0
10145,1,287,4,0,1000,1,1,0
10146,1,288,4,0,1000,1,1,0
10147,1,289,4,0,1000,1,1,0
10148,1,290,4,0,1000,1,1,0
10149,1,291,4,0,1000,1,1,0
10150,1,292,4,0,1000,1,1,0
10151,1,293,4,0,1000,1,1,0
10152,1,294,4,0,1000,1,1,0
10153,1,295,4,0,1000,1,1,0
10154,1,296,4,0,1000,1,1,0
10155,1,297,4,0,1000,1,1,0
10156,1,298,4,0,1000,1,1,0
10157,1,299,4,0,1000,1,1,0
10158,1,300,4,0,1000,1,1,0
10159,1,301,4,0,1000,1,1,0
10160,1,302,4,0,1000,1,1,0
10161,1,303,4,0,1000,1,1,0
10162,1,304,4,0,1000,1,1,0
10163,1,305,4,0,1000,1,1,0
10164,1,306,4,0,1000,1,1,0
10165,1,307,4,0,1000,1,1,0
10166,1,308,4,0,1000,1,1,0
10167,1,309,4,0,1000,1,1,0
10168,1,310,4,0,1000,1,1,0
10169,1,311,4,0,1000,1,1,0
10170,1,312,4,0,1000,1,1,0
10171,1,313,4,0,1000,1,1,0
10172,1,314,4,0,1000,1,1,0
10173,1,315,4,0,1000,1,1,0
10174,1,316,4,0,1000,1,1,0
10175,1,317,4,0,1000,1,1,0
10176,1,318,4,0,1000,1,1,0
10177,1,319,4,0,1000,1,1,0
10178,1,320,4,0,1000,1,1,0
10179,1,321,4,0,1000,1,1,0
10180,1,322,4,0,1000,1,1,0
10181,3,0,4,0,1000,1,1,0
10182,3,1,4,0,1000,1,1,0
10183,3,2,4,0,1000,1,1,0
10184,3,3,4,0,1000,1,1,0
10185,3,4,4,0,1000,1,1,0
10186,3,5,4,0,1000,1,1,0
10187,3,6,4,0,1000,1,1,0
10188,3,7,4,0,1000,1,1,0
10189,3,8,4,0,1000,1,1,0
10190,3,9,4,0,1000,1,1,0
10191,3,10,4,0,1000,1,1,0
10192,3,11,4,0,1000,1,1,0
10193,3,12,4,0,1000,1,1,0
10194,3,13,4,0,1000,1,1,0
10195,3,14,4,0,1000,1,1,0
10196,3,15,4,0,1000,1,1,0
10197,3,16,4,0,1000,1,1,0
10198,3,17,4,0,1000,1,1,0
10199,3,18,4,0,1000,1,1,0
10200,3,19,4,0,1000,1,1,0
10201,3,20,4,0,1000,1,1,0
10202,3,21,4,0,1000,1,1,0
10203,3,22,4,0,1000,1,1,0
10204,3,23,4,0,1000,1,1,0
10205,3,24,4,0,1000,1,1,0
10206,3,25,4,0,1000,1,1,0
10207,3,26,4,0,1000,1,1,0
10208,3,27,4,0,1000,1,1,0
10209,3,28,4,0,1000,1,1,0
10210,3,29,4,0,1000,1,1,0
10211,3,30,4,0,1000,1,1,0
10212,3,31,4,0,1000,1,1,0
10213,3,32,4,0,1000,1,1,0
10214,3,33,4,0,1000,1,1,0
10215,3,34,4,0,1000,1,1,0
10216,3,35,4,0,1000,1,1,0
10217,3,36,4,0,1000,1,1,0
10218,3,37,4,0,1000,1,1,0
10219,3,38,4,0,1000,1,1,0
10220,3,39,4,0,1000,1,1,0
10221,3,40,4,0,1000,1,1,0
10222,3,41,4,0,1000,1,1,0
10223,3,42,4,0,1000,1,1,0
10224,3,43,4,0,1000,1,1,0
10225,3,44,4,0,1000,1,1,0
10226,3,45,4,0,1000,1,1,0
10227,3,46,4,0,1000,1,1,0
10228,3,47,4,0,1000,1,1,0
10229,3,48,4,0,1000,1,1,0
10230,3,49,4,0,1000,1,1,0
10231,3,50,4,0,1000,1,1,0
10232,3,51,4,0,1000,1,1,0
10233,3,52,4,0,1000,1,1,0
10234,3,53,4,0,1000,1,1,0
10235,3,54,4,0,1000,1,1,0
10236,3,55,4,0,1000,1,1,0
10237,3,56,4,0,1000,1,1,0
10238,3,57,4,0,1000,1,1,0
10239,3,58,4,0,1000,1,1,0
10240,3,59,4,0,1000,1,1,0
10241,3,60,4,0,1000,1,1,0
10242,3,61,4,0,1000,1,1,0
10243,3,62,4,0,1000,1,1,0
10244,3,63,4,0,1000,1,1,0
10245,3,64,4,0,1000,1,1,0
10246,3,65,4,0,1000,1,1,0
10247,3,66,4,0,1000,1,1,0
10248,3,67,4,0,1000,1,1,0
10249,3,68,4,0,1000,1,1,0
10250,3,69,4,0,1000,1,1,0
10251,3,70,4,0,1000,1,1,0
10252,3,71,4,0,1000,1,1,0
10253,3,72,4,0,1000,1,1,0
10254,3,73,4,0,1000,1,1,0
10255,3,74,4,0,1000,1,1,0
10256,3,75,4,0,1000,1,1,0
10257,3,76,4,0,1000,1,1,0
10258,3,77,4,0,1000,1,1,0
10259,3,78,4,0,1000,1,1,0
10260,3,79,4,0,1000,1,1,0
10261,3,80,4,0,1000,1,1,0
10262,3,81,4,0,1000,1,1,0
10263,3,82,4,0,1000,1,1,0
10264,3,83,4,0,1000,1,1,0
10265,3,84,4,0,1000,1,1,0
10266,3,85,4,0,1000,1,1,0
10267,3,86,4,0,1000,1,1,0
10268,3,87,4,0,1000,1,1,0
10269,3,88,4,0,1000,1,1,0
10270,3,89,4,0,1000,1,1,0
10271,3,90,4,0,1000,1,1,0
10272,3,91,4,0,1000,1,1,0
10273,3,92,4,0,1000,1,1,0
10274,3,93,4,0,1000,1,1,0
10275,3,94,4,0,1000,1,1,0
10276,3,95,4,0,1000,1,1,0
10277,3,96,4,0,1000,1,1,0
10278,3,97,4,0,1000,1,1,0
10279,3,98,4,0,1000,1,1,0
10280,3,99,4,0,1000,1,1,0
10281,3,100,4,0,1000,1,1,0
10282,3,101,4,0,1000,1,1,0
10283,3,102,4,0,1000,1,1,0
10284,3,103,4,0,1000,1,1,0
10285,3,104,4,0,1000,1,1,0
10286,3,105,4,0,1000,1,1,0
10287,3,106,4,0,1000,1,1,0
10288,3,107,4,0,1000,1,1,0
10289,3,108,4,0,1000,1,1,0
10290,3,109,4,0,1000,1,1,0
10291,3,110,4,0,1000,1,1,0
10292,3,111,4,0,1000,1,1,0
10293,3,112,4,0,1000,1,1,0
10294,3,113,4,0,1000,1,1,0
10295,3,114,4,0,1000,1,1,0
10296,3,115,4,0,1000,1,1,0
10297,3,116,4,0,1000,1,1,0
10298,3,117,4,0,1000,1,1,0
10299,3,118,4,0,1000,1,1,0
10300,3,119,4,0,1000,1,1,0
10301,3,120,4,0,1000,1,1,0
10302,3,121,4,0,1000,1,1,0
10303,3,122,4,0,1000,1,1,0
10304,3,123,4,0,1000,1,1,0
10305,3,124,4,0,1000,1,1,0
10306,3,125,4,0,1000,1,1,0
10307,3,126,4,0,1000,1,1,0
10308,3,127,4,0,1000,1,1,0
10309,3,128,4,0,1000,1,1,0
10310,3,129,4,0,1000,1,1,0
10311,3,130,4,0,1000,1,1,0
10312,3,131,4,0,1000,1,1,0
10313,3,132,4,0,1000,1,1,0
10314,3,133,4,0,1000,1,1,0
10315,3,134,4,0,1000,1,1,0
10316,3,135,4,0,1000,1,1,0
10317,3,136,4,0,1000,1,1,0
10318,3,137,4,0,1000,1,1,0
10319,3,138,4,0,1000,1,1,0
10320,3,139,4,0,1000,1,1,0
10321,3,140,4,0,1000,1,1,0
10322,3,141,4,0,1000,1,1,0
10323,3,142,4,0,1000,1,1,0
10324,3,143,4,0,1000,1,1,0
10325,3,144,4,0,1000,1,1,0
10326,3,145,4,0,1000,1,1,0
10327,3,146,4,0,1000,1,1,0
10328,3,147,4,0,1000,1,1,0
10329,3,148,4,0,1000,1,1,0
10330,3,149,4,0,1000,1,1,0
10331,3,150,4,0,1000,1,1,0
10332,3,151,4,0,1000,1,1,0
10333,3,152,4,0,1000,1,1,0
10334,3,153,4,0,1000,1,1,0
10335,3,154,4,0,1000,1,1,0
10336,3,155,4,0,1000,1,1,0
10337,3,156,4,0,1000,1,1,0
10338,3,157,4,0,1000,1,1,0
10339,3,158,4,0,1000,1,1,0
10340,3,159,4,0,1000,1,1,0
10341,3,160,4,0,1000,1,1,0
10342,3,161,4,0,1000,1,1,0
10343,3,162,4,0,1000,1,1,0
10344,3,163,4,0,1000,1,1,0
10345,3,164,4,0,1000,1,1,0
10346,3,165,4,0,1000,1,1,0
10347,3,166,4,0,1000,1,1,0
10348,3,167,4,0,1000,1,1,0
10349,3,168,4,0,1000,1,1,0
10350,3,169,4,0,1000,1,1,0
10351,3,170,4,0,1000,1,1,0
10352,3,171,4,0,1000,1,1,0
10353,3,172,4,0,1000,1,1,0
10354,3,173,4,0,1000,1,1,0
10355,3,174,4,0,1000,1,1,0
10356,3,175,4,0,1000,1,1,0
10357,3,176,4,0,1000,1,1,0
10358,3,177,4,0,1000,1,1,0
10359,3,178,4,0,1000,1,1,0
10360,3,179,4,0,1000,1,1,0
10361,3,180,4,0,1000,1,1,0
10362,3,181,4,0,1000,1,1,0
10363,3,182,4,0,1000,1,1,0
10364,3,183,4,0,1000,1,1,0
10365,3,184,4,0,1000,1,1,0
10366,3,185,4,0,1000,1,1,0
10367,3,186,4,0,1000,1,1,0
10368,3,187,4,0,1000,1,1,0
10369,3,188,4,0,1000,1,1,0
10370,3,189,4,0,1000,1,1,0
10371,3,190,4,0,1000,1,1,0
10372,3,191,4,0,1000,1,1,0
10373,3,192,4,0,1000,1,1,0
10374,3,193,4,0,1000,1,1,0
10375,3,194,4,0,1000,1,1,0
10376,3,195,4,0,1000,1,1,0
10377,3,196,4,0,1000,1,1,0
10378,3,197,4,0,1000,1,1,0
10379,3,198,4,0,1000,1,1,0
10380,3,199,4,0,1000,1,1,0
10381,3,200,4,0,1000,1,1,0
10382,3,201,4,0,1000,1,1,0
10383,3,202,4,0,1000,1,1,0
10384,3,203,4,0,1000,1,1,0
10385,3,204,4,0,1000,1,1,0
10386,3,205,4,0,1000,1,1,0
10387,3,206,4,0,1000,1,1,0
10388,3,207,4,0,1000,1,1,0
10389,3,216,4,0,1000,1,1,0
10390,3,217,4,0,1000,1,1,0
10391,3,218,4,0,1000,1,1,0
10392,3,219,4,0,1000,1,1,0
10393,3,220,4,0,1000,1,1,0
10394,3,221,4,0,1000,1,1,0
10395,3,222,4,0,1000,1,1,0
10396,3,223,4,0,1000,1,1,0
10397,3,224,4,0,1000,1,1,0
10398,3,225,4,0,1000,1,1,0
10399,3,226,4,0,1000,1,1,0
10400,3,227,4,0,1000,1,1,0
10401,3,228,4,0,1000,1,1,0
10402,3,229,4,0,1000,1,1,0
10403,3,230,4,0,1000,1,1,0
10404,3,231,4,0,1000,1,1,0
10405,3,232,4,0,1000,1,1,0
10406,3,233,4,0,1000,1,1,0
10407,3,234,4,0,1000,1,1,0
10408,3,235,4,0,1000,1,1,0
10409,3,236,4,0,1000,1,1,0
10410,3,237,4,0,1000,1,1,0
10411,3,238,4,0,1000,1,1,0
10412,3,239,4,0,1000,1,1,0
10413,3,240,4,0,1000,1,1,0
10414,3,241,4,0,1000,1,1,0
10415,3,242,4,0,1000,1,1,0
10416,3,243,4,0,1000,1,1,0
10417,3,244,4,0,1000,1,1,0
10418,3,245,4,0,1000,1,1,0
10419,3,246,4,0,1000,1,1,0
10420,3,247,4,0,1000,1,1,0
10421,3,264,4,0,1000,1,1,0
10422,3,265,4,0,1000,1,1,0
10423,3,266,4,0,1000,1,1,0
10424,3,267,4,0,1000,1,1,0
10425,3,268,4,0,1000,1,1,0
10426,3,269,4,0,1000,1,1,0
10427,3,270,4,0,1000,1,1,0
10428,3,271,4,0,1000,1,1,0
10429,3,272,4,0,1000,1,1,0
10430,3,273,4,0,1000,1,1,0
10431,3,274,4,0,1000,1,1,0
10432,3,275,4,0,1000,1,1,0
10433,3,276,4,0,1000,1,1,0
10434,3,277,4,0,1000,1,1,0
10435,3,278,4,0,1000,1,1,0
10436,3,279,4,0,1000,1,1,0
10437,3,280,4,0,1000,1,1,0
10438,3,281,4,0,1000,1,1,0
10439,3,282,4,0,1000,1,1,0
10440,3,283,4,0,1000,1,1,0
10441,3,284,4,0,1000,1,1,0
10442,3,285,4,0,1000,1,1,0
10443,3,286,4,0,1000,1,1,0
10444,3,287,4,0,1000,1,1,0
10445,3,288,4,0,1000,1,1,0
10446,3,289,4,0,1000,1,1,0
10447,3,290,4,0,1000,1,1,0
10448,3,291,4,0,1000,1,1,0
10449,3,292,4,0,1000,1,1,0
10450,3,293,4,0,1000,1,1,0
10451,3,294,4,0,1000,1,1,0
10452,3,295,4,0,1000,1,1,0
10453,3,296,4,0,1000,1,1,0
10454,3,297,4,0,1000,1,1,0
10455,3,298,4,0,1000,1,1,0
10456,3,299,4,0,1000,1,1,0
10457,3,300,4,0,1000,1,1,0
10458,3,301,4,0,1000,1,1,0
10459,3,302,4,0,1000,1,1,0
10460,3,303,4,0,1000,1,1,0
10461,3,304,4,0,1000,1,1,0
10462,3,305,4,0,1000,1,1,0
10463,3,306,4,0,1000,1,1,0
10464,3,307,4,0,1000,1,1,0
10465,3,308,4,0,1000,1,1,0
10466,3,309,4,0,1000,1,1,0
10467,3,310,4,0,1000,1,1,0
10468,3,311,4,0,1000,1,1,0
10469,3,312,4,0,1000,1,1,0
10470,3,313,4,0,1000,1,1,0
10471,3,314,4,0,1000,1,1,0
10472,3,315,4,0,1000,1,1,0
10473,3,316,4,0,1000,1,1,0
10474,3,317,4,0,1000,1,1,0
10475,3,318,4,0,1000,1,1,0
10476,3,319,4,0,1000,1,1,0
10477,3,320,4,0,1000,1,1,0
10478,3,321,4,0,1000,1,1,0
10479,3,322,4,0,1000,1,1,0
10480,3,323,4,0,1000,1,1,0
10481,3,324,4,0,1000,1,1,0
10482,3,325,4,0,1000,1,1,0
10483,3,326,4,0,1000,1,1,0
10484,3,327,4,0,1000,1,1,0
10485,3,328,4,0,1000,1,1,0
10486,3,329,4,0,1000,1,1,0
10487,3,330,4,0,1000,1,1,0
10488,3,331,4,0,1000,1,1,0
10489,3,332,4,0,1000,1,1,0
10490,3,333,4,0,1000,1,1,0
10491,3,334,4,0,1000,1,1,0
10492,3,335,4,0,1000,1,1,0
10493,3,336,4,0,1000,1,1,0
10494,3,337,4,0,1000,1,1,0
10495,3,338,4,0,1000,1,1,0
10496,3,339,4,0,1000,1,1,0
10497,3,340,4,0,1000,1,1,0
10498,3,341,4,0,1000,1,1,0
10499,3,342,4,0,1000,1,1,0
10500,3,343,4,0,1000,1,1,0
10501,3,344,4,0,1000,1,1,0
10502,3,345,4,0,1000,1,1,0
10503,3,346,4,0,1000,1,1,0
10504,3,347,4,0,1000,1,1,0
10505,3,348,4,0,1000,1,1,0
10506,3,349,4,0,1000,1,1,0
10507,3,350,4,0,1000,1,1,0
10508,3,351,4,0,1000,1,1,0
10509,3,352,4,0,1000,1,1,0
10510,3,353,4,0,1000,1,1,0
10511,3,354,4,0,1000,1,1,0
10512,3,355,4,0,1000,1,1,0
10513,3,356,4,0,1000,1,1,0
10514,3,357,4,0,1000,1,1,0
10515,3,358,4,0,1000,1,1,0
10516,3,359,4,0,1000,1,1,0
10517,3,360,4,0,1000,1,1,0
10518,3,361,4,0,1000,1,1,0
10519,3,362,4,0,1000,1,1,0
10520,3,363,4,0,1000,1,1,0
10521,3,364,4,0,1000,1,1,0
10522,3,365,4,0,1000,1,1,0
10523,3,366,4,0,1000,1,1,0
10524,3,367,4,0,1000,1,1,0
10525,3,368,4,0,1000,1,1,0
10526,3,369,4,0,1000,1,1,0
10527,3,370,4,0,1000,1,1,0
10528,3,371,4,0,1000,1,1,0
10529,3,372,4,0,1000,1,1,0
10530,3,373,4,0,1000,1,1,0
10531,3,374,4,0,1000,1,1,0
10532,3,375,4,0,1000,1,1,0
10533,3,376,4,0,1000,1,1,0
10534,3,377,4,0,1000,1,1,0
10535,3,378,4,0,1000,1,1,0
10536,3,379,4,0,1000,1,1,0
10537,3,380,4,0,1000,1,1,0
10538,3,381,4,0,1000,1,1,0
10539,3,382,4,0,1000,1,1,0
10540,3,383,4,0,1000,1,1,0
10541,3,384,4,0,1000,1,1,0
10542,3,385,4,0,1000,1,1,0
10543,3,386,4,0,1000,1,1,0
10544,3,387,4,0,1000,1,1,0
10545,3,388,4,0,1000,1,1,0
10546,3,389,4,0,1000,1,1,0
10547,3,390,4,0,1000,1,1,0
10548,3,391,4,0,1000,1,1,0
10549,3,392,4,0,1000,1,1,0
10550,3,393,4,0,1000,1,1,0
10551,3,394,4,0,1000,1,1,0
10552,3,395,4,0,1000,1,1,0
10553,3,396,4,0,1000,1,1,0
10554,3,397,4,0,1000,1,1,0
10555,3,398,4,0,1000,1,1,0
10556,3,399,4,0,1000,1,1,0
10557,3,400,4,0,1000,1,1,0
10558,3,401,4,0,1000,1,1,0
10559,3,402,4,0,1000,1,1,0
10560,3,403,4,0,1000,1,1,0
10561,3,404,4,0,1000,1,1,0
10562,3,405,4,0,1000,1,1,0
10563,3,406,4,0,1000,1,1,0
10564,3,407,4,0,1000,1,1,0
10565,3,408,4,0,1000,1,1,0
10566,3,409,4,0,1000,1,1,0
10567,3,410,4,0,1000,1,1,0
10568,3,411,4,0,1000,1,1,0
10569,3,412,4,0,1000,1,1,0
10570,3,413,4,0,1000,1,1,0
10571,3,414,4,0,1000,1,1,0
10572,3,415,4,0,1000,1,1,0
10573,3,416,4,0,1000,1,1,0
10574,3,417,4,0,1000,1,1,0
10575,3,418,4,0,1000,1,1,0
10576,3,419,4,0,1000,1,1,0
10577,3,420,4,0,1000,1,1,0
10578,3,421,4,0,1000,1,1,0
10579,3,422,4,0,1000,1,1,0
10580,3,423,4,0,1000,1,1,0
10581,3,424,4,0,1000,1,1,0
10582,3,425,4,0,1000,1,1,0
10583,3,426,4,0,1000,1,1,0
10584,3,427,4,0,1000,1,1,0
10585,3,428,4,0,1000,1,1,0
10586,3,429,4,0,1000,1,1,0
10587,3,430,4,0,1000,1,1,0
10588,3,431,4,0,1000,1,1,0
10589,3,432,4,0,1000,1,1,0
10590,3,433,4,0,1000,1,1,0
10591,3,434,4,0,1000,1,1,0
10592,3,435,4,0,1000,1,1,0
10593,3,436,4,0,1000,1,1,0
10594,3,437,4,0,1000,1,1,0
10595,3,438,4,0,1000,1,1,0
10596,3,439,4,0,1000,1,1,0
10597,3,440,4,0,1000,1,1,0
10598,3,441,4,0,1000,1,1,0
10599,3,442,4,0,1000,1,1,0
10600,3,443,4,0,1000,1,1,0
10601,3,444,4,0,1000,1,1,0
10602,3,445,4,0,1000,1,1,0
10603,3,446,4,0,1000,1,1,0
10604,3,447,4,0,1000,1,1,0
10605,3,448,4,0,1000,1,1,0
10606,3,449,4,0,1000,1,1,0
10607,3,450,4,0,1000,1,1,0
10608,3,451,4,0,1000,1,1,0
10609,3,452,4,0,1000,1,1,0
10610,3,453,4,0,1000,1,1,0
10611,3,454,4,0,1000,1,1,0
10612,3,455,4,0,1000,1,1,0
10613,3,456,4,0,1000,1,1,0
10614,3,457,4,0,1000,1,1,0
10615,3,458,4,0,1000,1,1,0
10616,3,459,4,0,1000,1,1,0
10617,3,460,4,0,1000,1,1,0
10618,3,461,4,0,1000,1,1,0
10619,3,462,4,0,1000,1,1,0
10620,3,463,4,0,1000,1,1,0
10621,3,464,4,0,1000,1,1,0
10622,3,465,4,0,1000,1,1,0
10623,3,466,4,0,1000,1,1,0
10624,3,467,4,0,1000,1,1,0
10625,3,468,4,0,1000,1,1,0
10626,3,469,4,0,1000,1,1,0
10627,3,470,4,0,1000,1,1,0
10628,3,471,4,0,1000,1,1,0
10629,3,472,4,0,1000,1,1,0
10630,3,473,4,0,1000,1,1,0
10631,3,474,4,0,1000,1,1,0
10632,3,475,4,0,1000,1,1,0
10633,3,476,4,0,1000,1,1,0
10634,3,477,4,0,1000,1,1,0
10635,3,478,4,0,1000,1,1,0
10636,3,479,4,0,1000,1,1,0
10637,3,480,4,0,1000,1,1,0
10638,3,481,4,0,1000,1,1,0
10639,3,482,4,0,1000,1,1,0
10640,3,483,4,0,1000,1,1,0
10641,3,484,4,0,1000,1,1,0
10642,3,485,4,0,1000,1,1,0
10643,3,486,4,0,1000,1,1,0
10644,3,487,4,0,1000,1,1,0
10645,3,488,4,0,1000,1,1,0
10646,3,489,4,0,1000,1,1,0
10647,3,490,4,0,1000,1,1,0
10648,3,491,4,0,1000,1,1,0
10649,3,492,4,0,1000,1,1,0
10650,3,493,4,0,1000,1,1,0
10651,3,494,4,0,1000,1,1,0
10652,3,495,4,0,1000,1,1,0
10653,3,496,4,0,1000,1,1,0
10654,3,497,4,0,1000,1,1,0
10655,3,498,4,0,1000,1,1,0
10656,3,499,4,0,1000,1,1,0
10657,3,500,4,0,1000,1,1,0
10658,3,501,4,0,1000,1,1,0
10659,3,502,4,0,1000,1,1,0
10660,3,503,4,0,1000,1,1,0
10661,3,504,4,0,1000,1,1,0
10662,3,505,4,0,1000,1,1,0
10663,3,506,4,0,1000,1,1,0
10664,3,507,4,0,1000,1,1,0
10665,3,508,4,0,1000,1,1,0
10666,3,509,4,0,1000,1,1,0
10667,3,510,4,0,1000,1,1,0
10668,3,511,4,0,1000,1,1,0
10669,3,512,4,0,1000,1,1,0
10670,3,513,4,0,1000,1,1,0
10671,3,514,4,0,1000,1,1,0
10672,3,515,4,0,1000,1,1,0
10673,3,516,4,0,1000,1,1,0
10674,3,517,4,0,1000,1,1,0
10675,3,518,4,0,1000,1,1,0
10676,3,519,4,0,1000,1,1,0
10677,3,520,4,0,1000,1,1,0
10678,3,521,4,0,1000,1,1,0
10679,3,522,4,0,1000,1,1,0
10680,3,523,4,0,1000,1,1,0
10681,3,524,4,0,1000,1,1,0
10682,3,525,4,0,1000,1,1,0
10683,3,526,4,0,1000,1,1,0
10684,3,527,4,0,1000,1,1,0
10685,3,528,4,0,1000,1,1,0
10686,3,529,4,0,1000,1,1,0
10687,3,530,4,0,1000,1,1,0
10688,3,531,4,0,1000,1,1,0
10689,3,532,4,0,1000,1,1,0
10690,3,533,4,0,1000,1,1,0
10691,3,534,4,0,1000,1,1,0
10692,3,535,4,0,1000,1,1,0
10693,3,536,4,0,1000,1,1,0
10694,3,537,4,0,1000,1,1,0
10695,3,538,4,0,1000,1,1,0
10696,3,539,4,0,1000,1,1,0
10697,3,540,4,0,1000,1,1,0
10698,3,541,4,0,1000,1,1,0
10699,3,542,4,0,1000,1,1,0
10700,3,543,4,0,1000,1,1,0
10701,3,544,4,0,1000,1,1,0
10702,3,545,4,0,1000,1,1,0
10703,3,546,4,0,1000,1,1,0
10704,3,547,4,0,1000,1,1,0
10705,3,548,4,0,1000,1,1,0
10706,3,549,4,0,1000,1,1,0
10707,3,550,4,0,1000,1,1,0
10708,3,551,4,0,1000,1,1,0
10709,3,552,4,0,1000,1,1,0
10710,3,553,4,0,1000,1,1,0
10711,3,554,4,0,1000,1,1,0
10712,3,555,4,0,1000,1,1,0
10713,3,556,4,0,1000,1,1,0
10714,3,557,4,0,1000,1,1,0
10715,3,558,4,0,1000,1,1,0
10716,3,559,4,0,1000,1,1,0
10717,3,560,4,0,1000,1,1,0
10718,3,561,4,0,1000,1,1,0
10719,3,562,4,0,1000,1,1,0
10720,3,563,4,0,1000,1,1,0
10721,3,564,4,0,1000,1,1,0
10722,3,565,4,0,1000,1,1,0
10723,3,566,4,0,1000,1,1,0
10724,3,567,4,0,1000,1,1,0
10725,3,568,4,0,1000,1,1,0
10726,3,569,4,0,1000,1,1,0
10727,3,570,4,0,1000,1,1,0
10728,3,571,4,0,1000,1,1,0
10729,3,572,4,0,1000,1,1,0
10730,3,573,4,0,1000,1,1,0
10731,3,574,4,0,1000,1,1,0
10732,3,575,4,0,1000,1,1,0
10733,3,576,4,0,1000,1,1,0
10734,3,577,4,0,1000,1,1,0
10735,3,578,4,0,1000,1,1,0
10736,3,579,4,0,1000,1,1,0
10737,3,580,4,0,1000,1,1,0
10738,3,581,4,0,1000,1,1,0
10739,3,582,4,0,1000,1,1,0
10740,3,583,4,0,1000,1,1,0
10741,3,584,4,0,1000,1,1,0
10742,3,585,4,0,1000,1,1,0
10743,3,586,4,0,1000,1,1,0
10744,3,587,4,0,1000,1,1,0
10745,3,588,4,0,1000,1,1,0
10746,3,589,4,0,1000,1,1,0
10747,3,590,4,0,1000,1,1,0
10748,3,591,4,0,1000,1,1,0
10749,3,592,4,0,1000,1,1,0
10750,3,593,4,0,1000,1,1,0
10751,3,594,4,0,1000,1,1,0
10752,3,595,4,0,1000,1,1,0
10753,3,596,4,0,1000,1,1,0
10754,3,597,4,0,1000,1,1,0
10755,3,598,4,0,1000,1,1,0
10756,3,599,4,0,1000,1,1,0
10757,3,600,4,0,1000,1,1,0
10758,3,601,4,0,1000,1,1,0
10759,3,602,4,0,1000,1,1,0
10760,3,603,4,0,1000,1,1,0
10761,3,604,4,0,1000,1,1,0
10762,3,605,4,0,1000,1,1,0
10763,3,606,4,0,1000,1,1,0
10764,3,607,4,0,1000,1,1,0
10765,3,608,4,0,1000,1,1,0
10766,3,609,4,0,1000,1,1,0
10767,3,610,4,0,1000,1,1,0
10768,3,611,4,0,1000,1,1,0
10769,3,612,4,0,1000,1,1,0
10770,3,613,4,0,1000,1,1,0
10771,3,614,4,0,1000,1,1,0
10772,3,615,4,0,1000,1,1,0
10773,3,616,4,0,1000,1,1,0
10774,3,617,4,0,1000,1,1,0
10775,3,618,4,0,1000,1,1,0
10776,3,619,4,0,1000,1,1,0
10777,3,620,4,0,1000,1,1,0
10778,3,621,4,0,1000,1,1,0
10779,3,622,4,0,1000,1,1,0
10780,3,623,4,0,1000,1,1,0
10781,3,624,4,0,1000,1,1,0
10782,3,625,4,0,1000,1,1,0
10783,3,626,4,0,1000,1,1,0
10784,3,627,4,0,1000,1,1,0
10785,3,628,4,0,1000,1,1,0
10786,3,629,4,0,1000,1,1,0
10787,3,630,4,0,1000,1,1,0
10788,3,631,4,0,1000,1,1,0
10789,3,632,4,0,1000,1,1,0
10790,3,633,4,0,1000,1,1,0
10791,3,634,4,0,1000,1,1,0
10792,3,635,4,0,1000,1,1,0
10793,3,636,4,0,1000,1,1,0
10794,3,637,4,0,1000,1,1,0
10795,3,638,4,0,1000,1,1,0
10796,3,639,4,0,1000,1,1,0
10797,3,640,4,0,1000,1,1,0
10798,3,641,4,0,1000,1,1,0
10799,3,642,4,0,1000,1,1,0
10800,3,643,4,0,1000,1,1,0
10801,3,644,4,0,1000,1,1,0
10802,3,645,4,0,1000,1,1,0
10803,3,646,4,0,1000,1,1,0
10804,3,647,4,0,1000,1,1,0
10805,3,648,4,0,1000,1,1,0
10806,3,649,4,0,1000,1,1,0
10807,3,650,4,0,1000,1,1,0
10808,3,651,4,0,1000,1,1,0
10809,3,652,4,0,1000,1,1,0
10810,3,653,4,0,1000,1,1,0
10811,3,654,4,0,1000,1,1,0
10812,3,655,4,0,1000,1,1,0
10813,3,656,4,0,1000,1,1,0
10814,3,657,4,0,1000,1,1,0
10815,3,658,4,0,1000,1,1,0
10816,3,659,4,0,1000,1,1,0
10817,3,660,4,0,1000,1,1,0
10818,3,661,4,0,1000,1,1,0
10819,3,662,4,0,1000,1,1,0
10820,3,663,4,0,1000,1,1,0
10821,3,664,4,0,1000,1,1,0
10822,3,665,4,0,1000,1,1,0
10823,3,666,4,0,1000,1,1,0
10824,3,667,4,0,1000,1,1,0
10825,3,668,4,0,1000,1,1,0
10826,3,669,4,0,1000,1,1,0
10827,3,670,4,0,1000,1,1,0
10828,3,671,4,0,1000,1,1,0
10829,3,672,4,0,1000,1,1,0
10830,3,673,4,0,1000,1,1,0
10831,3,674,4,0,1000,1,1,0
10832,3,675,4,0,1000,1,1,0
10833,3,676,4,0,1000,1,1,0
10834,3,677,4,0,1000,1,1,0
10835,3,678,4,0,1000,1,1,0
10836,3,679,4,0,1000,1,1,0
10837,3,680,4,0,1000,1,1,0
10838,3,681,4,0,1000,1,1,0
10839,3,682,4,0,1000,1,1,0
10840,3,683,4,0,1000,1,1,0
10841,3,684,4,0,1000,1,1,0
10842,3,685,4,0,1000,1,1,0
10843,3,686,4,0,1000,1,1,0
10844,3,687,4,0,1000,1,1,0
10845,3,688,4,0,1000,1,1,0
10846,3,689,4,0,1000,1,1,0
10847,3,690,4,0,1000,1,1,0
10848,3,691,4,0,1000,1,1,0
10849,3,692,4,0,1000,1,1,0
10850,3,693,4,0,1000,1,1,0
10851,3,694,4,0,1000,1,1,0
10852,3,695,4,0,1000,1,1,0
10853,3,696,4,0,1000,1,1,0
10854,3,697,4,0,1000,1,1,0
10855,3,698,4,0,1000,1,1,0
10856,3,699,4,0,1000,1,1,0
10857,3,700,4,0,1000,1,1,0
10858,3,701,4,0,1000,1,1,0
10859,3,702,4,0,1000,1,1,0
10860,3,703,4,0,1000,1,1,0
10861,3,704,4,0,1000,1,1,0
10862,3,705,4,0,1000,1,1,0
10863,3,706,4,0,1000,1,1,0
10864,3,707,4,0,1000,1,1,0
10865,3,708,4,0,1000,1,1,0
10866,3,709,4,0,1000,1,1,0
10867,3,710,4,0,1000,1,1,0
10868,3,711,4,0,1000,1,1,0
10869,3,712,4,0,1000,1,1,0
10870,3,713,4,0,1000,1,1,0
10871,3,714,4,0,1000,1,1,0
10872,3,715,4,0,1000,1,1,0
10873,3,716,4,0,1000,1,1,0
10874,3,717,4,0,1000,1,1,0
10875,3,718,4,0,1000,1,1,0
10876,3,719,4,0,1000,1,1,0
10877,3,720,4,0,1000,1,1,0
10878,3,721,4,0,1000,1,1,0
10879,3,722,4,0,1000,1,1,0
10880,3,723,4,0,1000,1,1,0
10881,3,724,4,0,1000,1,1,0
10882,3,725,4,0,1000,1,1,0
10883,3,726,4,0,1000,1,1,0
10884,3,727,4,0,1000,1,1,0
10885,3,728,4,0,1000,1,1,0
10886,3,729,4,0,1000,1,1,0
10887,3,730,4,0,1000,1,1,0
10888,3,731,4,0,1000,1,1,0
10889,3,732,4,0,1000,1,1,0
10890,3,733,4,0,1000,1,1,0
10891,3,734,4,0,1000,1,1,0
10892,3,735,4,0,1000,1,1,0
10893,3,736,4,0,1000,1,1,0
10894,3,737,4,0,1000,1,1,0
10895,3,738,4,0,1000,1,1,0
10896,3,739,4,0,1000,1,1,0
10897,3,740,4,0,1000,1,1,0
10898,3,741,4,0,1000,1,1,0
10899,3,742,4,0,1000,1,1,0
10900,3,743,4,0,1000,1,1,0
10901,3,744,4,0,1000,1,1,0
10902,3,745,4,0,1000,1,1,0
10903,3,746,4,0,1000,1,1,0
10904,3,747,4,0,1000,1,1,0
10905,3,748,4,0,1000,1,1,0
10906,3,749,4,0,1000,1,1,0
10907,3,750,4,0,1000,1,1,0
10908,3,751,4,0,1000,1,1,0
10909,3,752,4,0,1000,1,1,0
10910,3,753,4,0,1000,1,1,0
10911,3,754,4,0,1000,1,1,0
10912,3,755,4,0,1000,1,1,0
10913,3,756,4,0,1000,1,1,0
10914,3,757,4,0,1000,1,1,0
10915,3,758,4,0,1000,1,1,0
10916,3,759,4,0,1000,1,1,0
10917,3,760,4,0,1000,1,1,0
10918,3,761,4,0,1000,1,1,0
10919,3,762,4,0,1000,1,1,0
10920,3,763,4,0,1000,1,1,0
10921,3,764,4,0,1000,1,1,0
10922,3,765,4,0,1000,1,1,0
10923,3,766,4,0,1000,1,1,0
10924,3,767,4,0,1000,1,1,0
10925,3,768,4,0,1000,1,1,0
10926,3,769,4,0,1000,1,1,0
10927,3,770,4,0,1000,1,1,0
10928,3,771,4,0,1000,1,1,0
10929,3,772,4,0,1000,1,1,0
10930,3,773,4,0,1000,1,1,0
10931,3,774,4,0,1000,1,1,0
10932,3,775,4,0,1000,1,1,0
10933,3,776,4,0,1000,1,1,0
10934,3,777,4,0,1000,1,1,0
10935,3,778,4,0,1000,1,1,0
10936,3,779,4,0,1000,1,1,0
10937,3,780,4,0,1000,1,1,0
10938,3,781,4,0,1000,1,1,0
10939,3,782,4,0,1000,1,1,0
10940,3,783,4,0,1000,1,1,0
10941,3,784,4,0,1000,1,1,0
10942,3,785,4,0,1000,1,1,0
10943,3,786,4,0,1000,1,1,0
10944,3,787,4,0,1000,1,1,0
10945,3,788,4,0,1000,1,1,0
10946,3,789,4,0,1000,1,1,0
10947,3,790,4,0,1000,1,1,0
10948,3,791,4,0,1000,1,1,0
10949,1,336,4,0,1000,1,1,0
10950,1,337,4,0,1000,1,1,0
10951,1,338,4,0,1000,1,1,0
10952,1,339,4,0,1000,1,1,0
10953,1,340,4,0,1000,1,1,0
10954,1,341,4,0,1000,1,1,0
10955,1,342,4,0,1000,1,1,0
10956,1,343,4,0,1000,1,1,0
10957,1,344,4,0,1000,1,1,0
10958,1,345,4,0,1000,1,1,0
10959,1,346,4,0,1000,1,1,0
10960,1,347,4,0,1000,1,1,0
10961,1,354,4,0,1000,1,1,0
10962,3,916,4,0,1000,1,1,0
10963,3,917,4,0,1000,1,1,0
10964,3,918,4,0,1000,1,1,0
10965,3,919,4,0,1000,1,1,0
10966,1,355,4,0,1000,1,1,0
10967,3,920,4,0,1000,1,1,0
10968,3,921,4,0,1000,1,1,0
10969,3,922,4,0,1000,1,1,0
10970,3,923,4,0,1000,1,1,0
10971,1,356,4,0,1000,1,1,0
10972,3,924,4,0,1000,1,1,0
10973,3,925,4,0,1000,1,1,0
10974,3,926,4,0,1000,1,1,0
10975,3,927,4,0,1000,1,1,0
10976,1,358,4,0,1000,1,1,0
10977,1,357,4,0,1000,1,1,0
10978,3,928,4,0,1000,1,1,0
10979,3,929,4,0,1000,1,1,0
10980,3,930,4,0,1000,1,1,0
10981,3,931,4,0,1000,1,1,0
10982,3,932,4,0,1000,1,1,0
10983,3,933,4,0,1000,1,1,0
10984,3,934,4,0,1000,1,1,0
10985,3,935,4,0,1000,1,1,0
10986,1,358,4,1,1000,1,1,0
10987,3,932,4,1,1000,1,1,0
10988,3,933,4,1,1000,1,1,0
10989,3,934,4,1,1000,1,1,0
10990,3,935,4,1,1000,1,1,0
10991,1,388,4,1,1000,1,1,0
10992,3,1008,4,1,1000,1,1,0
10993,3,1009,4,1,1000,1,1,0
10994,3,1010,4,1,1000,1,1,0
10995,3,1011,4,1,1000,1,1,0
10996,1,389,4,1,1000,1,1,0
10997,3,1012,4,1,1000,1,1,0
10998,3,1013,4,1,1000,1,1,0
10999,3,1014,4,1,1000,1,1,0
11000,3,1015,4,1,1000,1,1,0
11001,1,391,4,1,1000,1,1,0
11002,3,1016,4,1,1000,1,1,0
11003,3,1017,4,1,1000,1,1,0
11004,3,1018,4,1,1000,1,1,0
11005,3,1019,4,1,1000,1,1,0
11006,1,392,4,1,1000,1,1,0
11007,3,1020,4,1,1000,1,1,0
11008,3,1021,4,1,1000,1,1,0
11009,3,1022,4,1,1000,1,1,0
11010,3,1023,4,1,1000,1,1,0
11011,1,394,4,1,1000,1,1,0
11012,3,1024,4,1,1000,1,1,0
11013,3,1025,4,1,1000,1,1,0
11014,3,1026,4,1,1000,1,1,0
11015,3,1027,4,1,1000,1,1,0
11016,1,397,4,1,1000,1,1,0
11017,3,1028,4,1,1000,1,1,0
11018,3,1029,4,1,1000,1,1,0
11019,3,1030,4,1,1000,1,1,0
11020,3,1031,4,1,1000,1,1,0
11021,1,400,4,1,1000,1,1,0
11022,3,1032,4,1,1000,1,1,0
11023,3,1033,4,1,1000,1,1,0
11024,3,1034,4,1,1000,1,1,0
11025,3,1035,4,1,1000,1,1,0
11026,1,248,4,1,1000,1,1,0
11027,3,492,4,1,1000,1,1,0
11028,3,493,4,1,1000,1,1,0
11029,3,494,4,1,1000,1,1,0
11030,3,495,4,1,1000,1,1,0
11031,1,249,4,1,1000,1,1,0
11032,3,496,4,1,1000,1,1,0
11033,3,497,4,1,1000,1,1,0
11034,3,498,4,1,1000,1,1,0
11035,3,499,4,1,1000,1,1,0
11036,1,252,4,1,1000,1,1,0
11037,3,508,4,1,1000,1,1,0
11038,3,509,4,1,1000,1,1,0
11039,3,510,4,1,1000,1,1,0
11040,3,511,4,1,1000,1,1,0
11041,1,363,4,1,1000,1,1,0
11042,3,948,4,1,1000,1,1,0
11043,3,949,4,1,1000,1,1,0
11044,3,950,4,1,1000,1,1,0
11045,3,951,4,1,1000,1,1,0
11046,1,370,4,1,1000,1,1,0
11047,3,952,4,1,1000,1,1,0
11048,3,953,4,1,1000,1,1,0
11049,3,954,4,1,1000,1,1,0
11050,3,955,4,1,1000,1,1,0
11051,1,371,4,1,1000,1,1,0
11052,3,956,4,1,1000,1,1,0
11053,3,957,4,1,1000,1,1,0
11054,3,958,4,1,1000,1,1,0
11055,3,959,4,1,1000,1,1,0
11056,1,372,4,1,1000,1,1,0
11057,3,960,4,1,1000,1,1,0
11058,3,961,4,1,1000,1,1,0
11059,3,962,4,1,1000,1,1,0
11060,3,963,4,1,1000,1,1,0
11061,1,373,4,1,1000,1,1,0
11062,3,964,4,1,1000,1,1,0
11063,3,965,4,1,1000,1,1,0
11064,3,966,4,1,1000,1,1,0
11065,3,967,4,1,1000,1,1,0
11066,1,374,4,1,1000,1,1,0
11067,3,968,4,1,1000,1,1,0
11068,3,969,4,1,1000,1,1,0
11069,3,970,4,1,1000,1,1,0
11070,3,971,4,1,1000,1,1,0
11071,1,375,4,1,1000,1,1,0
11072,3,972,4,1,1000,1,1,0
11073,3,973,4,1,1000,1,1,0
11074,3,974,4,1,1000,1,1,0
11075,3,975,4,1,1000,1,1,0
11076,1,376,4,1,1000,1,1,0
11077,3,976,4,1,1000,1,1,0
11078,3,977,4,1,1000,1,1,0
11079,3,978,4,1,1000,1,1,0
11080,3,979,4,1,1000,1,1,0
11081,1,377,4,1,1000,1,1,0
11082,3,980,4,1,1000,1,1,0
11083,3,981,4,1,1000,1,1,0
11084,3,982,4,1,1000,1,1,0
11085,3,983,4,1,1000,1,1,0
11086,1,378,4,1,1000,1,1,0
11087,3,984,4,1,1000,1,1,0
11088,3,985,4,1,1000,1,1,0
11089,3,986,4,1,1000,1,1,0
11090,3,987,4,1,1000,1,1,0
11091,1,379,4,1,1000,1,1,0
11092,3,988,4,1,1000,1,1,0
11093,3,989,4,1,1000,1,1,0
11094,3,990,4,1,1000,1,1,0
11095,3,991,4,1,1000,1,1,0
11096,1,380,4,1,1000,1,1,0
11097,3,992,4,1,1000,1,1,0
11098,3,993,4,1,1000,1,1,0
11099,3,994,4,1,1000,1,1,0
11100,3,995,4,1,1000,1,1,0
11101,1,381,4,1,1000,1,1,0
11102,3,996,4,1,1000,1,1,0
11103,3,997,4,1,1000,1,1,0
11104,3,998,4,1,1000,1,1,0
11105,3,999,4,1,1000,1,1,0
11106,1,382,4,1,1000,1,1,0
11107,3,1000,4,1,1000,1,1,0
11108,3,1001,4,1,1000,1,1,0
11109,3,1002,4,1,1000,1,1,0
11110,3,1003,4,1,1000,1,1,0
11111,1,383,4,1,1000,1,1,0
11112,3,1004,4,1,1000,1,1,0
11113,3,1005,4,1,1000,1,1,0
11114,3,1006,4,1,1000,1,1,0
11115,3,1007,4,1,1000,1,1,0
11116,1,323,4,1,1000,1,1,0
11117,3,792,4,1,1000,1,1,0
11118,3,793,4,1,1000,1,1,0
11119,3,794,4,1,1000,1,1,0
11120,3,795,4,1,1000,1,1,0
11121,1,324,4,1,1000,1,1,0
11122,3,796,4,1,1000,1,1,0
11123,3,797,4,1,1000,1,1,0
11124,3,798,4,1,1000,1,1,0
11125,3,799,4,1,1000,1,1,0
11126,1,325,4,1,1000,1,1,0
11127,3,800,4,1,1000,1,1,0
11128,3,801,4,1,1000,1,1,0
11129,3,802,4,1,1000,1,1,0
11130,3,803,4,1,1000,1,1,0
11131,1,326,4,1,1000,1,1,0
11132,3,804,4,1,1000,1,1,0
11133,3,805,4,1,1000,1,1,0
11134,3,806,4,1,1000,1,1,0
11135,3,807,4,1,1000,1,1,0
11136,1,327,4,1,1000,1,1,0
11137,3,808,4,1,1000,1,1,0
11138,3,809,4,1,1000,1,1,0
11139,3,810,4,1,1000,1,1,0
11140,3,811,4,1,1000,1,1,0
11141,1,328,4,1,1000,1,1,0
11142,3,812,4,1,1000,1,1,0
11143,3,813,4,1,1000,1,1,0
11144,3,814,4,1,1000,1,1,0
11145,3,815,4,1,1000,1,1,0
11146,1,329,4,1,1000,1,1,0
11147,3,816,4,1,1000,1,1,0
11148,3,817,4,1,1000,1,1,0
11149,3,818,4,1,1000,1,1,0
11150,3,819,4,1,1000,1,1,0
11151,1,330,4,1,1000,1,1,0
11152,3,820,4,1,1000,1,1,0
11153,3,821,4,1,1000,1,1,0
11154,3,822,4,1,1000,1,1,0
11155,3,823,4,1,1000,1,1,0
11156,1,331,4,1,1000,1,1,0
11157,3,824,4,1,1000,1,1,0
11158,3,825,4,1,1000,1,1,0
11159,3,826,4,1,1000,1,1,0
11160,3,827,4,1,1000,1,1,0
11161,1,332,4,1,1000,1,1,0
11162,3,828,4,1,1000,1,1,0
11163,3,829,4,1,1000,1,1,0
11164,3,830,4,1,1000,1,1,0
11165,3,831,4,1,1000,1,1,0
11166,1,333,4,1,1000,1,1,0
11167,3,832,4,1,1000,1,1,0
11168,3,833,4,1,1000,1,1,0
11169,3,834,4,1,1000,1,1,0
11170,3,835,4,1,1000,1,1,0
11171,1,334,4,1,1000,1,1,0
11172,3,836,4,1,1000,1,1,0
11173,3,837,4,1,1000,1,1,0
11174,3,838,4,1,1000,1,1,0
11175,3,839,4,1,1000,1,1,0
11176,1,335,4,1,1000,1,1,0
11177,3,840,4,1,1000,1,1,0
11178,3,841,4,1,1000,1,1,0
11179,3,842,4,1,1000,1,1,0
11180,3,843,4,1,1000,1,1,0
11181,1,336,4,1,1000,1,1,0
11182,3,844,4,1,1000,1,1,0
11183,3,845,4,1,1000,1,1,0
11184,3,846,4,1,1000,1,1,0
11185,3,847,4,1,1000,1,1,0
11186,1,337,4,1,1000,1,1,0
11187,3,848,4,1,1000,1,1,0
11188,3,849,4,1,1000,1,1,0
11189,3,850,4,1,1000,1,1,0
11190,3,851,4,1,1000,1,1,0
11191,1,338,4,1,1000,1,1,0
11192,3,852,4,1,1000,1,1,0
11193,3,853,4,1,1000,1,1,0
11194,3,854,4,1,1000,1,1,0
11195,3,855,4,1,1000,1,1,0
11196,1,339,4,1,1000,1,1,0
11197,3,856,4,1,1000,1,1,0
11198,3,857,4,1,1000,1,1,0
11199,3,858,4,1,1000,1,1,0
11200,3,859,4,1,1000,1,1,0
11201,1,340,4,1,1000,1,1,0
11202,3,860,4,1,1000,1,1,0
11203,3,861,4,1,1000,1,1,0
11204,3,862,4,1,1000,1,1,0
11205,3,863,4,1,1000,1,1,0
11206,1,341,4,1,1000,1,1,0
11207,3,864,4,1,1000,1,1,0
11208,3,865,4,1,1000,1,1,0
11209,3,866,4,1,1000,1,1,0
11210,3,867,4,1,1000,1,1,0
11271,1,354,4,1,1000,1,1,0
11272,3,916,4,1,1000,1,1,0
11273,3,917,4,1,1000,1,1,0
11274,3,918,4,1,1000,1,1,0
11275,3,919,4,1,1000,1,1,0
11276,1,355,4,1,1000,1,1,0
11277,3,920,4,1,1000,1,1,0
11278,3,921,4,1,1000,1,1,0
11279,3,922,4,1,1000,1,1,0
11280,3,923,4,1,1000,1,1,0
11286,1,357,4,1,1000,1,1,0
11287,3,928,4,1,1000,1,1,0
11288,3,929,4,1,1000,1,1,0
11289,3,930,4,1,1000,1,1,0
11290,3,931,4,1,1000,1,1,0
11291,1,410,4,1,1000,1,1,0
11292,3,1042,4,1,1000,1,1,0
11293,3,1043,4,1,1000,1,1,0
11294,3,1044,4,1,1000,1,1,0
11295,3,1045,4,1,1000,1,1,0
11296,1,411,4,1,1000,1,1,0
11297,3,1046,4,1,1000,1,1,0
11298,3,1047,4,1,1000,1,1,0
11299,3,1048,4,1,1000,1,1,0
11300,3,1049,4,1,1000,1,1,0
11301,1,412,4,1,1000,1,1,0
11302,3,1050,4,1,1000,1,1,0
11303,3,1051,4,1,1000,1,1,0
11304,3,1052,4,1,1000,1,1,0
11305,3,1053,4,1,1000,1,1,0
11306,1,413,4,1,1000,1,1,0
11307,3,1054,4,1,1000,1,1,0
11308,3,1055,4,1,1000,1,1,0
11309,3,1056,4,1,1000,1,1,0
11310,3,1057,4,1,1000,1,1,0
11311,1,414,4,1,1000,1,1,0
11312,3,1058,4,1,1000,1,1,0
11313,3,1059,4,1,1000,1,1,0
11314,3,1060,4,1,1000,1,1,0
11315,3,1061,4,1,1000,1,1,0
11316,1,415,4,1,1000,1,1,0
11317,3,1062,4,1,1000,1,1,0
11318,3,1063,4,1,1000,1,1,0
11319,3,1064,4,1,1000,1,1,0
11320,3,1065,4,1,1000,1,1,0
11321,1,416,4,1,1000,1,1,0
11322,3,1066,4,1,1000,1,1,0
11323,3,1067,4,1,1000,1,1,0
11324,3,1068,4,1,1000,1,1,0
11325,3,1069,4,1,1000,1,1,0
11326,1,417,4,1,1000,1,1,0
11327,3,1070,4,1,1000,1,1,0
11328,3,1071,4,1,1000,1,1,0
11329,3,1072,4,1,1000,1,1,0
11330,3,1073,4,1,1000,1,1,0
11331,1,418,4,1,1000,1,1,0
11332,3,1074,4,1,1000,1,1,0
11333,3,1075,4,1,1000,1,1,0
11334,3,1076,4,1,1000,1,1,0
11335,3,1077,4,1,1000,1,1,0
11336,1,419,4,1,1000,1,1,0
11337,3,1078,4,1,1000,1,1,0
11338,3,1079,4,1,1000,1,1,0
11339,3,1080,4,1,1000,1,1,0
11340,3,1081,4,1,1000,1,1,0
11341,1,420,4,1,1000,1,1,0
11342,3,1082,4,1,1000,1,1,0
11343,3,1083,4,1,1000,1,1,0
11344,3,1084,4,1,1000,1,1,0
11345,3,1085,4,1,1000,1,1,0
11346,1,421,4,1,1000,1,1,0
11347,3,1086,4,1,1000,1,1,0
11348,3,1087,4,1,1000,1,1,0
11349,3,1088,4,1,1000,1,1,0
11350,3,1089,4,1,1000,1,1,0
11351,1,422,4,1,1000,1,1,0
11352,3,1090,4,1,1000,1,1,0
11353,3,1091,4,1,1000,1,1,0
11354,3,1092,4,1,1000,1,1,0
11355,3,1093,4,1,1000,1,1,0
11356,1,423,4,1,1000,1,1,0
11357,3,1094,4,1,1000,1,1,0
11358,3,1095,4,1,1000,1,1,0
11359,3,1096,4,1,1000,1,1,0
11360,3,1097,4,1,1000,1,1,0
11361,1,424,4,1,1000,1,1,0
11362,3,1098,4,1,1000,1,1,0
11363,3,1099,4,1,1000,1,1,0
11364,3,1100,4,1,1000,1,1,0
11365,3,1101,4,1,1000,1,1,0
11366,1,425,4,1,1000,1,1,0
11367,3,1102,4,1,1000,1,1,0
11368,3,1103,4,1,1000,1,1,0
11369,3,1104,4,1,1000,1,1,0
11370,3,1105,4,1,1000,1,1,0
11371,8,0,3,1,1000,170,170,0
11372,8,0,3,1,1000,200,200,0
11373,8,0,3,1,1000,230,230,0
11374,8,0,3,1,1000,260,260,0
11375,8,0,3,1,1000,20,20,0
11376,8,0,3,1,1000,50,50,0
11377,8,0,3,1,1000,100,100,0
11378,8,0,3,1,1000,300,300,0
11379,8,0,3,1,1000,400,400,0
11380,8,0,3,1,1000,500,500,0
11381,8,0,3,1,1000,1000,1000,0
11382,8,0,3,1,1000,700,700,0
11383,8,0,3,1,1000,3000,3000,0
11384,8,0,3,1,1000,60,60,0
11385,1,426,4,1,1000,1,1,0
11386,1,427,4,1,1000,1,1,0
11387,1,428,4,1,1000,1,1,0
11388,1,429,4,1,1000,1,1,0
11389,3,1106,4,1,1000,1,1,0
11390,3,1107,4,1,1000,1,1,0
11391,3,1108,4,1,1000,1,1,0
11392,3,1109,4,1,1000,1,1,0
11393,3,1110,4,1,1000,1,1,0
11394,3,1111,4,1,1000,1,1,0
11395,3,1112,4,1,1000,1,1,0
11396,3,1113,4,1,1000,1,1,0
11397,3,1114,4,1,1000,1,1,0
11398,3,1115,4,1,1000,1,1,0
11399,3,1116,4,1,1000,1,1,0
11400,3,1117,4,1,1000,1,1,0
11401,3,1118,4,1,1000,1,1,0
11402,3,1119,4,1,1000,1,1,0
11403,3,1120,4,1,1000,1,1,0
11404,3,1121,4,1,1000,1,1,0
11405,1,430,4,1,1000,1,1,0
11406,1,431,4,1,1000,1,1,0
11407,1,432,4,1,1000,1,1,0
11408,3,1122,4,1,1000,1,1,0
11409,3,1123,4,1,1000,1,1,0
11410,3,1124,4,1,1000,1,1,0
11411,3,1125,4,1,1000,1,1,0
11412,3,1126,4,1,1000,1,1,0
11413,3,1127,4,1,1000,1,1,0
11414,3,1128,4,1,1000,1,1,0
11415,3,1129,4,1,1000,1,1,0
11416,3,1130,4,1,1000,1,1,0
11417,3,1131,4,1,1000,1,1,0
11418,3,1132,4,1,1000,1,1,0
11419,3,1133,4,1,1000,1,1,0
11420,3,1134,4,1,1000,1,1,0
11421,3,1135,4,1,1000,1,1,0
11422,3,1136,4,1,1000,1,1,0
11423,3,1137,4,1,1000,1,1,0
11424,1,433,4,1,1000,1,1,0
11425,3,1142,4,1,1000,1,1,0
11426,3,1143,4,1,1000,1,1,0
11427,3,1144,4,1,1000,1,1,0
11428,3,1145,4,1,1000,1,1,0
11429,1,439,4,1,1000,1,1,0
11430,3,1146,4,1,1000,1,1,0
11431,3,1147,4,1,1000,1,1,0
11432,3,1148,4,1,1000,1,1,0
11433,3,1149,4,1,1000,1,1,0
11434,1,440,4,1,1000,1,1,0
11435,3,1150,4,1,1000,1,1,0
11436,3,1151,4,1,1000,1,1,0
11437,3,1152,4,1,1000,1,1,0
11438,3,1153,4,1,1000,1,1,0
11439,1,441,4,1,1000,1,1,0
11440,3,1154,4,1,1000,1,1,0
11441,3,1155,4,1,1000,1,1,0
11442,3,1156,4,1,1000,1,1,0
11443,3,1157,4,1,1000,1,1,0
11444,1,442,4,1,1000,1,1,0
11445,3,1158,4,1,1000,1,1,0
11446,3,1159,4,1,1000,1,1,0
11447,3,1160,4,1,1000,1,1,0
11448,3,1161,4,1,1000,1,1,0
11449,1,443,4,1,1000,1,1,0
11450,3,1162,4,1,1000,1,1,0
11451,3,1163,4,1,1000,1,1,0
11452,3,1164,4,1,1000,1,1,0
11453,3,1165,4,1,1000,1,1,0
11454,1,444,4,1,1000,1,1,0
11455,12,0,4,1,1000,60,60,0
11456,12,0,4,1,1000,330,330,0
11457,12,0,4,1,1000,688,688,0
11458,12,0,4,1,1000,1426,1426,0
11459,3,1166,4,1,1000,1,1,0
11460,3,1167,4,1,1000,1,1,0
11461,3,1168,4,1,1000,1,1,0
11462,3,1169,4,1,1000,1,1,0
11463,1,445,4,1,1000,1,1,0
11464,1,446,4,1,1000,1,1,0
11465,3,1170,4,1,1000,1,1,0
11466,3,1171,4,1,1000,1,1,0
11467,3,1172,4,1,1000,1,1,0
11468,3,1173,4,1,1000,1,1,0
11469,1,447,4,1,1000,1,1,0
11470,3,1174,4,1,1000,1,1,0
11471,3,1175,4,1,1000,1,1,0
11472,3,1176,4,1,1000,1,1,0
11473,3,1177,4,1,1000,1,1,0
11474,1,448,4,1,1000,1,1,0
11475,3,1178,4,1,1000,1,1,0
11476,3,1179,4,1,1000,1,1,0
11477,3,1180,4,1,1000,1,1,0
11478,3,1181,4,1,1000,1,1,0
11479,1,449,4,1,1000,1,1,0
11480,3,1182,4,1,1000,1,1,0
11481,3,1183,4,1,1000,1,1,0
11482,3,1184,4,1,1000,1,1,0
11483,3,1185,4,1,1000,1,1,0
11484,1,450,4,1,1000,1,1,0
11485,3,1186,4,1,1000,1,1,0
11486,3,1187,4,1,1000,1,1,0
11487,3,1188,4,1,1000,1,1,0
11488,3,1189,4,1,1000,1,1,0
11489,1,451,4,1,1000,1,1,0
11490,3,1190,4,1,1000,1,1,0
11491,3,1191,4,1,1000,1,1,0
11492,3,1192,4,1,1000,1,1,0
11493,3,1193,4,1,1000,1,1,0
11494,1,344,4,1,1000,1,1,0
11495,3,876,4,1,1000,1,1,0
11496,3,877,4,1,1000,1,1,0
11497,3,878,4,1,1000,1,1,0
11498,3,879,4,1,1000,1,1,0
11499,1,345,4,1,1000,1,1,0
11500,3,880,4,1,1000,1,1,0
11501,3,881,4,1,1000,1,1,0
11502,3,882,4,1,1000,1,1,0
11503,3,883,4,1,1000,1,1,0
11504,1,452,4,1,1000,1,1,0
11505,3,1194,4,1,1000,1,1,0
11506,3,1195,4,1,1000,1,1,0
11507,3,1196,4,1,1000,1,1,0
11508,3,1197,4,1,1000,1,1,0
11509,1,5001,4,1,1000,1,1,0
11510,1,5002,4,1,1000,1,1,0
11511,1,5003,4,1,1000,1,1,0
11512,3,30016,4,1,1000,1,1,0
11513,3,30017,4,1,1000,1,1,0
11514,3,30018,4,1,1000,1,1,0
11515,3,30019,4,1,1000,1,1,0
11516,3,30020,4,1,1000,1,1,0
11517,3,30021,4,1,1000,1,1,0
11518,3,30022,4,1,1000,1,1,0
11519,3,30023,4,1,1000,1,1,0
11520,3,30004,4,1,1000,1,1,0
11521,3,30005,4,1,1000,1,1,0
11522,3,30006,4,1,1000,1,1,0
11523,3,30007,4,1,1000,1,1,0
11524,8,0,3,1,1000,1800,1800,0
11525,8,0,3,1,1000,3700,3700,0
11526,8,0,3,1,1000,8000,8000,0
11527,8,0,3,1,1000,15000,15000,0
11528,1,456,4,1,1000,1,1,0
11529,3,1210,4,1,1000,1,1,0
11530,3,1211,4,1,1000,1,1,0
11531,3,1212,4,1,1000,1,1,0
11532,3,1213,4,1,1000,1,1,0
11533,1,457,4,1,1000,1,1,0
11534,3,1214,4,1,1000,1,1,0
11535,3,1215,4,1,1000,1,1,0
11536,3,1216,4,1,1000,1,1,0
11537,3,1217,4,1,1000,1,1,0
11538,8,0,3,1,1000,150,150,0
11539,8,0,3,1,1000,350,350,0
11540,1,458,4,1,1000,1,1,0
11541,3,1218,4,1,1000,1,1,0
11542,3,1219,4,1,1000,1,1,0
11543,3,1220,4,1,1000,1,1,0
11544,3,1221,4,1,1000,1,1,0
11545,3,1222,4,1,1000,1,1,0
11546,3,1223,4,1,1000,1,1,0
11547,3,1224,4,1,1000,1,1,0
11548,3,1225,4,1,1000,1,1,0
11549,3,1226,4,1,1000,1,1,0
11550,3,1227,4,1,1000,1,1,0
11551,3,1228,4,1,1000,1,1,0
11552,3,1229,4,1,1000,1,1,0
11553,1,459,4,1,1000,1,1,0
11554,1,460,4,1,1000,1,1,0
11555,8,0,3,1,1000,5000,5000,0
11556,12,0,4,1,1000,1500,1500,0
11557,3,1230,4,1,1000,1,1,0
11558,3,1231,4,1,1000,1,1,0
11559,3,1232,4,1,1000,1,1,0
11560,3,1233,4,1,1000,1,1,0
11561,1,461,4,1,1000,1,1,0
11562,3,1234,4,1,1000,1,1,0
11563,3,1235,4,1,1000,1,1,0
11564,3,1236,4,1,1000,1,1,0
11565,3,1237,4,1,1000,1,1,0
11566,1,462,4,1,1000,1,1,0
11567,3,1238,4,1,1000,1,1,0
11568,3,1239,4,1,1000,1,1,0
11569,3,1240,4,1,1000,1,1,0
11570,3,1241,4,1,1000,1,1,0
11571,1,463,4,1,1000,1,1,0
11572,3,1242,4,1,1000,1,1,0
11573,3,1243,4,1,1000,1,1,0
11574,3,1244,4,1,1000,1,1,0
11575,3,1245,4,1,1000,1,1,0
11576,1,464,4,1,1000,1,1,0
11577,3,1246,4,1,1000,1,1,0
11578,3,1247,4,1,1000,1,1,0
11579,3,1248,4,1,1000,1,1,0
11580,3,1249,4,1,1000,1,1,0
11581,1,465,4,1,1000,1,1,0
11582,3,1250,4,1,1000,1,1,0
11583,3,1251,4,1,1000,1,1,0
11584,3,1252,4,1,1000,1,1,0
11585,3,1253,4,1,1000,1,1,0
11586,1,466,4,1,1000,1,1,0
11587,3,1254,4,1,1000,1,1,0
11588,3,1255,4,1,1000,1,1,0
11589,3,1256,4,1,1000,1,1,0
11590,3,1257,4,1,1000,1,1,0
11591,1,467,4,1,1000,1,1,0
11592,3,1258,4,1,1000,1,1,0
11593,3,1259,4,1,1000,1,1,0
11594,3,1260,4,1,1000,1,1,0
11595,3,1261,4,1,1000,1,1,0
11596,1,468,4,1,1000,1,1,0
11597,1,469,4,1,1000,1,1,0
11598,3,1262,4,1,1000,1,1,0
11599,3,1263,4,1,1000,1,1,0
11600,3,1264,4,1,1000,1,1,0
11601,3,1265,4,1,1000,1,1,0
11602,1,470,4,1,1000,1,1,0
11603,3,1266,4,1,1000,1,1,0
11604,3,1267,4,1,1000,1,1,0
11605,3,1268,4,1,1000,1,1,0
11606,3,1269,4,1,1000,1,1,0
11607,1,471,4,1,1000,1,1,0
11608,3,1270,4,1,1000,1,1,0
11609,3,1271,4,1,1000,1,1,0
11610,3,1272,4,1,1000,1,1,0
11611,3,1273,4,1,1000,1,1,0
11612,1,472,4,1,1000,1,1,0
11613,3,1274,4,1,1000,1,1,0
11614,3,1275,4,1,1000,1,1,0
11615,3,1276,4,1,1000,1,1,0
11616,3,1277,4,1,1000,1,1,0
11617,1,473,4,1,1000,1,1,0
11618,3,1278,4,1,1000,1,1,0
11619,3,1279,4,1,1000,1,1,0
11620,3,1280,4,1,1000,1,1,0
11621,3,1281,4,1,1000,1,1,0
11622,1,474,4,1,1000,1,1,0
11623,3,1282,4,1,1000,1,1,0
11624,3,1283,4,1,1000,1,1,0
11625,3,1284,4,1,1000,1,1,0
11626,3,1285,4,1,1000,1,1,0
11627,1,475,4,1,1000,1,1,0
11628,3,1286,4,1,1000,1,1,0
11629,3,1287,4,1,1000,1,1,0
11630,3,1288,4,1,1000,1,1,0
11631,3,1289,4,1,1000,1,1,0
11632,1,452,4,1,1000,1,1,0
11633,3,1194,4,1,1000,1,1,0
11634,3,1195,4,1,1000,1,1,0
11635,3,1196,4,1,1000,1,1,0
11636,3,1197,4,1,1000,1,1,0
11637,1,453,4,1,1000,1,1,0
11638,3,1198,4,1,1000,1,1,0
11639,3,1199,4,1,1000,1,1,0
11640,3,1200,4,1,1000,1,1,0
11641,3,1201,4,1,1000,1,1,0
11642,1,454,4,1,1000,1,1,0
11643,3,1202,4,1,1000,1,1,0
11644,3,1203,4,1,1000,1,1,0
11645,3,1204,4,1,1000,1,1,0
11646,3,1205,4,1,1000,1,1,0
11647,1,455,4,1,1000,1,1,0
11648,3,1206,4,1,1000,1,1,0
11649,3,1207,4,1,1000,1,1,0
11650,3,1208,4,1,1000,1,1,0
11651,3,1209,4,1,1000,1,1,0
11652,12,0,4,1,1000,100,100,0
11653,12,0,4,1,1000,200,200,0
11654,12,0,4,1,1000,300,300,0
11655,12,0,4,1,1000,400,400,0
11657,3,1171,4,2,1000,1,1,0
11657,8,0,3,1,1000,3888,3888,0
11658,3,1171,4,3,1000,1,1,0
11658,3,1173,4,4,1000,1,1,0
11658,8,0,3,1,1000,5476,5476,0
11658,12,0,4,2,1000,888,888,0
11659,1,484,4,4,1000,1,1,0
11659,3,1170,4,6,1000,1,1,0
11659,3,1171,4,7,1000,1,1,0
11659,3,1173,4,5,1000,1,1,0
11659,7,0,1,3,1000,180000000,180000000,0
11659,8,0,3,1,1000,7064,7064,0
11659,12,0,4,2,1000,2076,2076,0
11660,1,484,4,4,1000,1,1,0
11660,3,1170,4,6,1000,1,1,0
11660,3,1171,4,7,1000,1,1,0
11660,3,1172,4,5,1000,1,1,0
11660,3,1173,4,8,1000,1,1,0
11660,7,0,1,3,1000,460000000,460000000,0
11660,8,0,3,1,1000,7064,7064,0
11660,12,0,4,2,1000,2076,2076,0
11661,3,1290,4,1,1000,1,1,0
11662,3,1291,4,1,1000,1,1,0
11663,3,1292,4,1,1000,1,1,0
11664,3,1293,4,1,1000,1,1,0
11665,3,1294,4,1,1000,1,1,0
11666,3,1295,4,1,1000,1,1,0
11667,3,1296,4,1,1000,1,1,0
11668,3,1297,4,1,1000,1,1,0
11669,3,1298,4,1,1000,1,1,0
11670,3,1299,4,1,1000,1,1,0
11671,3,1300,4,1,1000,1,1,0
11672,3,1301,4,1,1000,1,1,0
11673,1,476,4,1,1000,1,1,0
11674,1,477,4,1,1000,1,1,0
11675,1,478,4,1,1000,1,1,0
11676,7,0,1,1,1000,180000000,180000000,0
11677,12,0,4,1,1000,1188,1188,0
11678,8,0,3,1,1000,1588,1588,0
11679,3,1302,4,1,1000,1,1,0
11680,3,1303,4,1,1000,1,1,0
11681,3,1304,4,1,1000,1,1,0
11682,3,1305,4,1,1000,1,1,0
11683,3,1306,4,1,1000,1,1,0
11684,3,1307,4,1,1000,1,1,0
11685,3,1308,4,1,1000,1,1,0
11686,3,1309,4,1,1000,1,1,0
11687,3,1310,4,1,1000,1,1,0
11688,3,1311,4,1,1000,1,1,0
11689,3,1312,4,1,1000,1,1,0
11690,3,1313,4,1,1000,1,1,0
11691,1,479,4,1,1000,1,1,0
11692,1,480,4,1,1000,1,1,0
11693,1,481,4,1,1000,1,1,0
11694,3,1314,4,1,1000,1,1,0
11695,3,1315,4,1,1000,1,1,0
11696,3,1316,4,1,1000,1,1,0
11697,3,1317,4,1,1000,1,1,0
11698,3,1318,4,1,1000,1,1,0
11699,3,1319,4,1,1000,1,1,0
11700,3,1320,4,1,1000,1,1,0
11701,3,1321,4,1,1000,1,1,0
11702,3,1322,4,1,1000,1,1,0
11703,3,1323,4,1,1000,1,1,0
11704,3,1324,4,1,1000,1,1,0
11705,3,1325,4,1,1000,1,1,0
11706,1,482,4,1,1000,1,1,0
11707,1,483,4,1,1000,1,1,0
11708,1,484,4,1,1000,1,1,0
11709,1,894,4,1,1000,8,8,0
11709,8,0,3,2,1000,2000,2000,0
11709,12,0,4,4,1000,500,500,0
11709,16,0,4,3,1000,1500,1500,0
11710,1,438,4,1,1000,1,1,0
11711,3,1138,4,1,1000,1,1,0
11712,3,1139,4,1,1000,1,1,0
11713,3,1140,4,1,1000,1,1,0
11714,3,1141,4,1,1000,1,1,0
11715,1,275,4,1,1000,1,1,0
11715,3,1166,4,2,1000,1,1,0
11716,1,303,4,1,1000,1,1,0
11716,3,1167,4,2,1000,1,1,0
11717,1,5001,4,1,1000,1,1,0
11718,1,452,4,1,1000,1,1,0
11718,3,1169,4,2,1000,1,1,0
11719,3,1326,4,1,1000,1,1,0
11720,3,1327,4,1,1000,1,1,0
11721,3,1328,4,1,1000,1,1,0
11722,3,1329,4,1,1000,1,1,0
11723,3,1330,4,1,1000,1,1,0
11724,3,1331,4,1,1000,1,1,0
11725,3,1332,4,1,1000,1,1,0
11726,3,1333,4,1,1000,1,1,0
11727,3,1334,4,1,1000,1,1,0
11728,3,1335,4,1,1000,1,1,0
11729,3,1336,4,1,1000,1,1,0
11730,3,1337,4,1,1000,1,1,0
11731,1,485,4,1,1000,1,1,0
11732,1,486,4,1,1000,1,1,0
11733,1,487,4,1,1000,1,1,0
11734,3,1338,4,1,1000,1,1,0
11735,3,1339,4,1,1000,1,1,0
11736,3,1340,4,1,1000,1,1,0
11737,3,1341,4,1,1000,1,1,0
11738,1,488,4,1,1000,1,1,0
11739,3,1342,4,1,1000,1,1,0
11740,3,1343,4,1,1000,1,1,0
11741,3,1344,4,1,1000,1,1,0
11742,3,1345,4,1,1000,1,1,0
11743,3,1346,4,1,1000,1,1,0
11744,3,1347,4,1,1000,1,1,0
11745,3,1348,4,1,1000,1,1,0
11746,3,1349,4,1,1000,1,1,0
11747,3,1350,4,1,1000,1,1,0
11748,3,1351,4,1,1000,1,1,0
11749,3,1352,4,1,1000,1,1,0
11750,3,1353,4,1,1000,1,1,0
11751,1,489,4,1,1000,1,1,0
11752,1,490,4,1,1000,1,1,0
11753,1,491,4,1,1000,1,1,0
11754,3,1171,4,2,1000,1,1,0
11754,8,0,3,1,1000,3000,3000,0
11755,3,1171,4,2,1000,1,1,0
11755,3,1173,4,3,1000,1,1,0
11755,8,0,3,1,1000,6000,6000,0
11756,1,491,4,2,1000,1,1,0
11756,3,1170,4,4,1000,1,1,0
11756,3,1171,4,5,1000,1,1,0
11756,3,1173,4,3,1000,1,1,0
11756,8,0,3,1,1000,7000,7000,0
11757,1,481,4,4,1000,1,1,0
11757,1,491,4,3,1000,1,1,0
11757,3,1170,4,6,1000,1,1,0
11757,3,1171,4,7,1000,1,1,0
11757,3,1172,4,5,1000,1,1,0
11757,3,1173,4,8,1000,1,1,0
11757,7,0,1,2,1000,280000000,280000000,0
11757,8,0,3,1,1000,14000,14000,0
11758,3,1354,4,1,1000,1,1,0
11759,3,1355,4,1,1000,1,1,0
11760,3,1356,4,1,1000,1,1,0
11761,3,1357,4,1,1000,1,1,0
11762,3,1358,4,1,1000,1,1,0
11763,3,1359,4,1,1000,1,1,0
11764,3,1360,4,1,1000,1,1,0
11765,3,1361,4,1,1000,1,1,0
11766,3,1362,4,1,1000,1,1,0
11767,3,1363,4,1,1000,1,1,0
11768,3,1364,4,1,1000,1,1,0
11769,3,1365,4,1,1000,1,1,0
11770,1,492,4,1,1000,1,1,0
11771,1,493,4,1,1000,1,1,0
11772,1,494,4,1,1000,1,1,0
11773,4,2,4,1,1000,1,1,0
11774,3,1366,4,1,1000,1,1,0
11775,3,1367,4,1,1000,1,1,0
11776,3,1368,4,1,1000,1,1,0
11777,3,1369,4,1,1000,1,1,0
11778,3,1370,4,1,1000,1,1,0
11779,3,1371,4,1,1000,1,1,0
11780,3,1372,4,1,1000,1,1,0
11781,3,1373,4,1,1000,1,1,0
11782,3,1374,4,1,1000,1,1,0
11783,3,1375,4,1,1000,1,1,0
11784,3,1376,4,1,1000,1,1,0
11785,3,1377,4,1,1000,1,1,0
11786,1,495,4,1,1000,1,1,0
11787,1,496,4,1,1000,1,1,0
11788,1,497,4,1,1000,1,1,0
11789,3,1378,4,1,1000,1,1,0
11790,3,1379,4,1,1000,1,1,0
11791,3,1380,4,1,1000,1,1,0
11792,3,1381,4,1,1000,1,1,0
11793,3,1382,4,1,1000,1,1,0
11794,3,1383,4,1,1000,1,1,0
11795,3,1384,4,1,1000,1,1,0
11796,3,1385,4,1,1000,1,1,0
11797,3,1386,4,1,1000,1,1,0
11798,3,1387,4,1,1000,1,1,0
11799,3,1388,4,1,1000,1,1,0
11800,3,1389,4,1,1000,1,1,0
11801,1,498,4,1,1000,1,1,0
11802,1,499,4,1,1000,1,1,0
11803,1,500,4,1,1000,1,1,0
11804,3,1339,4,2,1000,2,2,0
11804,8,0,3,1,1000,5000,5000,0
11805,3,1341,4,2,1000,2,2,0
11805,12,0,4,1,1000,2000,2000,0
11806,4,2,4,2,1000,10,10,0
11806,7,0,1,1,1000,100000000,100000000,0
11807,3,1338,4,2,1000,2,2,0
11807,3,1340,4,3,1000,2,2,0
11807,4,3,4,1,1000,3,3,0
11808,1,488,4,1,1000,2,2,0
11808,16,0,4,2,1000,5000,5000,0
11809,1,503,4,1,1000,1,1,0
11810,1,501,4,1,1000,1,1,0
11811,1,502,4,1,1000,1,1,0
11812,3,1390,4,1,1000,1,1,0
11813,3,1391,4,1,1000,1,1,0
11814,3,1392,4,1,1000,1,1,0
11815,3,1393,4,1,1000,1,1,0
11816,3,1394,4,1,1000,1,1,0
11817,3,1395,4,1,1000,1,1,0
11818,3,1396,4,1,1000,1,1,0
11819,3,1397,4,1,1000,1,1,0
11820,3,1398,4,1,1000,1,1,0
11821,3,1399,4,1,1000,1,1,0
11822,3,1400,4,1,1000,1,1,0
11823,3,1401,4,1,1000,1,1,0
11824,4,1,4,1,1000,1,1,0
11825,4,3,4,1,1000,1,1,0
11826,1,506,4,1,1000,1,1,0
11827,1,507,4,1,1000,1,1,0
11828,1,508,4,1,1000,1,1,0
11829,1,509,4,1,1000,1,1,0
11830,3,1410,4,1,1000,1,1,0
11831,3,1411,4,1,1000,1,1,0
11832,3,1412,4,1,1000,1,1,0
11833,3,1413,4,1,1000,1,1,0
11834,3,1414,4,1,1000,1,1,0
11835,3,1415,4,1,1000,1,1,0
11836,3,1416,4,1,1000,1,1,0
11837,3,1417,4,1,1000,1,1,0
11838,3,1418,4,1,1000,1,1,0
11839,3,1419,4,1,1000,1,1,0
11840,3,1420,4,1,1000,1,1,0
11841,3,1421,4,1,1000,1,1,0
11842,3,1422,4,1,1000,1,1,0
11843,3,1423,4,1,1000,1,1,0
11844,3,1424,4,1,1000,1,1,0
11845,3,1425,4,1,1000,1,1,0
11846,16,0,4,1,1000,100,100,0
11847,16,0,4,1,1000,200,200,0
11848,16,0,4,1,1000,500,500,0
11849,16,0,4,1,1000,800,800,0
11850,16,0,4,1,1000,1000,1000,0
11851,16,0,4,1,1000,1500,1500,0
11852,16,0,4,1,1000,5000,5000,0
11853,1,494,4,1,1000,1,1,0
11854,1,494,4,1,1000,1,1,1
11855,1,494,4,1,1000,1,1,2
11856,1,494,4,1,1000,1,1,3
11857,1,494,4,1,1000,1,1,4
11858,1,494,4,1,1000,1,1,5
11859,1,48,4,1,1000,1,1,0
11860,1,48,4,1,1000,1,1,1
11861,1,48,4,1,1000,1,1,2
11862,1,48,4,1,1000,1,1,3
11863,1,48,4,1,1000,1,1,4
11864,1,48,4,1,1000,1,1,5
11865,1,208,4,1,1000,1,1,0
11866,1,208,4,1,1000,1,1,1
11867,1,208,4,1,1000,1,1,2
11868,1,208,4,1,1000,1,1,3
11869,1,208,4,1,1000,1,1,4
11870,1,208,4,1,1000,1,1,5
11871,16,0,4,1,1000,500,500,0
11872,16,0,4,1,1000,3000,3000,0
11873,16,0,4,1,1000,8000,8000,0
11874,16,0,4,1,1000,20000,20000,0
11875,16,0,4,1,1000,50000,50000,0
11876,1,58,4,1,1000,1,1,0
11877,1,240,4,1,1000,1,1,0
11878,1,215,4,1,1000,1,1,0
11879,1,275,4,1,1000,1,1,0
11880,1,5001,4,1,1000,1,1,0
11881,1,335,4,1,1000,2,2,0
11882,1,445,4,1,1000,2,2,0
11883,1,488,4,1,1000,1,1,0
11884,1,475,4,1,1000,1,1,0
11885,1,510,4,1,1000,1,1,0
11886,1,511,4,1,1000,1,1,0
11887,1,512,4,1,1000,1,1,0
11888,3,1426,4,1,1000,1,1,0
11889,3,1427,4,1,1000,1,1,0
11890,3,1428,4,1,1000,1,1,0
11891,3,1429,4,1,1000,1,1,0
11892,3,1430,4,1,1000,1,1,0
11893,3,1431,4,1,1000,1,1,0
11894,3,1432,4,1,1000,1,1,0
11895,3,1433,4,1,1000,1,1,0
11896,3,1434,4,1,1000,1,1,0
11897,3,1435,4,1,1000,1,1,0
11898,3,1436,4,1,1000,1,1,0
11899,3,1437,4,1,1000,1,1,0
11900,8,0,3,1,1000,160,160,0
11900,12,0,4,2,1000,10,10,0
11901,8,0,3,1,1000,260,260,0
11901,12,0,4,2,1000,40,40,0
11902,8,0,3,1,1000,360,360,0
11902,12,0,4,2,1000,80,80,0
11903,8,0,3,1,1000,500,500,0
11903,12,0,4,2,1000,100,100,0
11904,1,513,4,1,1000,1,1,0
11905,1,514,4,1,1000,1,1,0
11906,1,515,4,1,1000,1,1,0
11907,3,1438,4,1,1000,1,1,0
11908,3,1439,4,1,1000,1,1,0
11909,3,1440,4,1,1000,1,1,0
11910,3,1441,4,1,1000,1,1,0
11911,3,1442,4,1,1000,1,1,0
11912,3,1443,4,1,1000,1,1,0
11913,3,1444,4,1,1000,1,1,0
11914,3,1445,4,1,1000,1,1,0
11915,3,1446,4,1,1000,1,1,0
11916,3,1447,4,1,1000,1,1,0
11917,3,1448,4,1,1000,1,1,0
11918,3,1449,4,1,1000,1,1,0
11919,26,0,4,0,1000,100,100,0
11920,26,0,4,0,1000,1000,1000,0
11921,26,0,4,0,1000,10000,10000,0
11922,26,0,4,0,1000,100000,100000,0
11923,26,0,4,0,1000,1000000,1000000,0
11924,3,1450,4,1,1000,1,1,0
11925,3,1451,4,1,1000,1,1,0
11926,3,1452,4,1,1000,1,1,0
11927,3,1453,4,1,1000,1,1,0
11928,3,1454,4,1,1000,1,1,0
11929,3,1455,4,1,1000,1,1,0
11930,3,1456,4,1,1000,1,1,0
11931,3,1457,4,1,1000,1,1,0
11932,3,1458,4,1,1000,1,1,0
11933,3,1459,4,1,1000,1,1,0
11934,3,1460,4,1,1000,1,1,0
11935,3,1461,4,1,1000,1,1,0
11936,3,1462,4,1,1000,1,1,0
11937,3,1463,4,1,1000,1,1,0
11938,3,1464,4,1,1000,1,1,0
11939,3,1465,4,1,1000,1,1,0
11940,1,516,4,1,1000,1,1,0
11941,1,517,4,1,1000,1,1,0
11942,1,518,4,1,1000,1,1,0
11943,1,519,4,1,1000,1,1,0
11944,1,445,4,1,1000,2,2,0
11945,1,488,4,1,1000,2,2,0
11946,1,475,4,1,1000,2,2,0
11947,14,0,6,0,1000,100,100,0
11948,14,0,6,0,1000,1000,1000,0
11949,14,0,6,0,1000,10000,10000,0
11950,14,0,6,0,1000,50000,50000,0
11951,3,1466,4,1,1000,1,1,0
11952,3,1467,4,1,1000,1,1,0
11953,3,1468,4,1,1000,1,1,0
11954,3,1469,4,1,1000,1,1,0
11955,3,1470,4,1,1000,1,1,0
11956,3,1471,4,1,1000,1,1,0
11957,3,1472,4,1,1000,1,1,0
11958,3,1473,4,1,1000,1,1,0
11959,3,1474,4,1,1000,1,1,0
11960,3,1475,4,1,1000,1,1,0
11961,3,1476,4,1,1000,1,1,0
11962,3,1477,4,1,1000,1,1,0
11963,3,1478,4,1,1000,1,1,0
11964,3,1479,4,1,1000,1,1,0
11965,3,1480,4,1,1000,1,1,0
11966,3,1481,4,1,1000,1,1,0
11967,3,1482,4,1,1000,1,1,0
11968,3,1483,4,1,1000,1,1,0
11969,3,1484,4,1,1000,1,1,0
11970,3,1485,4,1,1000,1,1,0
11971,3,1486,4,1,1000,1,1,0
11972,3,1487,4,1,1000,1,1,0
11973,3,1488,4,1,1000,1,1,0
11974,3,1489,4,1,1000,1,1,0
11975,1,520,4,1,1000,1,1,0
11976,1,521,4,1,1000,1,1,0
11977,1,522,4,1,1000,1,1,0
11978,1,523,4,1,1000,1,1,0
11979,1,524,4,1,1000,1,1,0
11980,1,525,4,1,1000,1,1,0
11981,1,256,4,1,1000,1,1,0
11981,4,2,4,2,1000,1,1,0
11982,1,452,4,1,1000,2,2,0
11983,1,357,4,1,1000,2,2,0
11984,1,58,6,1,1000,2,2,0
11985,1,240,4,1,1000,2,2,0
11986,1,215,4,1,1000,2,2,0
11987,1,275,4,1,1000,2,2,0
11988,1,5001,4,1,1000,2,2,0
11989,1,301,4,1,1000,1,1,0
11989,4,2,4,2,1000,1,1,0
11990,1,240,4,1,1000,1,1,0
11990,4,2,4,2,1000,1,1,0
11991,3,1490,4,1,1000,1,1,0
11992,3,1491,4,1,1000,1,1,0
11993,3,1492,4,1,1000,1,1,0
11994,3,1493,4,1,1000,1,1,0
11995,3,1494,4,1,1000,1,1,0
11996,3,1495,4,1,1000,1,1,0
11997,3,1496,4,1,1000,1,1,0
11998,3,1497,4,1,1000,1,1,0
11999,3,1498,4,1,1000,1,1,0
12000,3,1499,4,1,1000,1,1,0
12001,3,1500,4,1,1000,1,1,0
12002,3,1501,4,1,1000,1,1,0
12003,1,526,4,1,1000,1,1,0
12004,1,527,4,1,1000,1,1,0
12005,1,528,4,1,1000,1,1,0
12006,1,291,4,1,1000,1,1,0
12006,4,2,4,2,1000,1,1,0
12007,1,529,4,1,1000,1,1,0
12008,1,530,4,1,1000,1,1,0
12009,1,531,4,1,1000,1,1,0
12010,3,1502,4,1,1000,1,1,0
12011,3,1503,4,1,1000,1,1,0
12012,3,1504,4,1,1000,1,1,0
12013,3,1505,4,1,1000,1,1,0
12014,3,1506,4,1,1000,1,1,0
12015,3,1507,4,1,1000,1,1,0
12016,3,1508,4,1,1000,1,1,0
12017,3,1509,4,1,1000,1,1,0
12018,3,1510,4,1,1000,1,1,0
12019,3,1511,4,1,1000,1,1,0
12020,3,1512,4,1,1000,1,1,0
12021,3,1513,4,1,1000,1,1,0
12022,1,532,4,1,1000,1,1,0
12023,3,1514,4,1,1000,1,1,0
12024,3,1515,4,1,1000,1,1,0
12025,3,1516,4,1,1000,1,1,0
12026,3,1517,4,1,1000,1,1,0
12027,1,533,4,1,1000,1,1,0
12028,3,1518,4,1,1000,1,1,0
12029,3,1519,4,1,1000,1,1,0
12030,3,1520,4,1,1000,1,1,0
12031,3,1521,4,1,1000,1,1,0
12032,1,534,4,1,1000,1,1,0
12033,3,1522,4,1,1000,1,1,0
12034,3,1523,4,1,1000,1,1,0
12035,3,1524,4,1,1000,1,1,0
12036,3,1525,4,1,1000,1,1,0
12037,1,535,4,1,1000,1,1,0
12038,3,1526,4,1,1000,1,1,0
12039,3,1527,4,1,1000,1,1,0
12040,3,1528,4,1,1000,1,1,0
12041,3,1529,4,1,1000,1,1,0
12042,1,536,4,1,1000,1,1,0
12043,3,1530,4,1,1000,1,1,0
12044,3,1531,4,1,1000,1,1,0
12045,3,1532,4,1,1000,1,1,0
12046,3,1533,4,1,1000,1,1,0
12047,1,537,4,1,1000,1,1,0
12048,3,1534,4,1,1000,1,1,0
12049,3,1535,4,1,1000,1,1,0
12050,3,1536,4,1,1000,1,1,0
12051,3,1537,4,1,1000,1,1,0
12052,1,538,4,1,1000,1,1,0
12053,3,1538,4,1,1000,1,1,0
12054,3,1539,4,1,1000,1,1,0
12055,3,1540,4,1,1000,1,1,0
12056,3,1541,4,1,1000,1,1,0
12057,1,539,4,1,1000,1,1,0
12058,3,1542,4,1,1000,1,1,0
12059,3,1543,4,1,1000,1,1,0
12060,3,1544,4,1,1000,1,1,0
12061,3,1545,4,1,1000,1,1,0
12062,1,540,4,1,1000,1,1,0
12063,3,1546,4,1,1000,1,1,0
12064,3,1547,4,1,1000,1,1,0
12065,3,1548,4,1,1000,1,1,0
12066,3,1549,4,1,1000,1,1,0
12067,1,286,4,1,1000,1,1,0
12067,4,2,4,2,1000,1,1,0
12068,1,302,4,1,1000,1,1,0
12069,1,284,4,1,1000,1,1,0
12070,1,303,4,1,1000,1,1,0
12071,1,285,4,1,1000,1,1,0
12071,4,2,4,2,1000,1,1,0
12072,1,354,4,1,1000,1,1,0
12073,1,414,4,1,1000,1,1,0
12074,1,519,4,1,1000,1,1,0
12075,1,313,4,1,1000,1,1,0
12075,4,2,4,2,1000,1,1,0
12076,1,302,4,1,1000,1,1,0
12077,1,296,4,1,1000,1,1,0
12078,1,356,4,1,1000,1,1,0
12079,1,285,4,1,1000,1,1,0
12079,4,2,4,2,1000,1,1,0
12080,1,363,4,1,1000,1,1,0
12081,1,428,4,1,1000,1,1,0
12082,1,519,4,1,1000,1,1,0
12083,1,310,4,1,1000,1,1,0
12084,1,240,4,1,1000,1,1,0
12085,1,501,4,1,1000,1,1,0
12086,1,303,4,1,1000,1,1,0
12087,1,5001,4,1,1000,1,1,0
12088,1,304,4,1,1000,1,1,0
12089,1,445,4,1,1000,2,2,0
12090,1,488,4,1,1000,2,2,0
12091,1,475,4,1,1000,2,2,0
12092,1,310,4,1,1000,1,1,0
12093,1,240,4,1,1000,1,1,0
12094,1,206,4,1,1000,1,1,0
12095,1,358,4,1,1000,1,1,0
12096,1,5001,4,1,1000,1,1,0
12097,1,357,4,1,1000,1,1,0
12098,1,452,4,1,1000,2,2,0
12099,1,488,4,1,1000,2,2,0
12100,1,475,4,1,1000,2,2,0
12101,1,541,4,1,1000,1,1,0
12102,1,542,4,1,1000,1,1,0
12103,1,543,4,1,1000,1,1,0
12104,3,1550,4,1,1000,1,1,0
12105,3,1551,4,1,1000,1,1,0
12106,3,1552,4,1,1000,1,1,0
12107,3,1553,4,1,1000,1,1,0
12108,3,1554,4,1,1000,1,1,0
12109,3,1555,4,1,1000,1,1,0
12110,3,1556,4,1,1000,1,1,0
12111,3,1557,4,1,1000,1,1,0
12112,3,1558,4,1,1000,1,1,0
12113,3,1559,4,1,1000,1,1,0
12114,3,1560,4,1,1000,1,1,0
12115,3,1561,4,1,1000,1,1,0
12116,1,544,4,1,1000,1,1,0
12117,1,545,4,1,1000,1,1,0
12118,1,546,4,1,1000,1,1,0
12119,3,1562,4,1,1000,1,1,0
12120,3,1563,4,1,1000,1,1,0
12121,3,1564,4,1,1000,1,1,0
12122,3,1565,4,1,1000,1,1,0
12123,3,1566,4,1,1000,1,1,0
12124,3,1567,4,1,1000,1,1,0
12125,3,1568,4,1,1000,1,1,0
12126,3,1569,4,1,1000,1,1,0
12127,3,1570,4,1,1000,1,1,0
12128,3,1571,4,1,1000,1,1,0
12129,3,1572,4,1,1000,1,1,0
12130,3,1573,4,1,1000,1,1,0
12131,1,543,4,0,1000,1,1,4
12132,1,1,4,0,1000,1,1,1
12133,1,2,4,0,1000,1,1,1
12134,1,3,4,0,1000,1,1,1
12135,1,4,4,0,1000,1,1,1
12136,1,5,4,0,1000,1,1,1
12137,1,6,4,0,1000,1,1,1
12138,1,7,4,0,1000,1,1,1
12139,1,8,4,0,1000,1,1,1
12140,1,9,4,0,1000,1,1,1
12141,1,10,4,0,1000,1,1,1
12142,1,11,4,0,1000,1,1,1
12143,1,12,4,0,1000,1,1,1
12144,1,13,4,0,1000,1,1,1
12145,1,14,4,0,1000,1,1,1
12146,1,15,4,0,1000,1,1,1
12147,1,16,4,0,1000,1,1,1
12148,1,17,4,0,1000,1,1,1
12149,1,18,4,0,1000,1,1,1
12150,1,19,4,0,1000,1,1,1
12151,1,20,4,0,1000,1,1,1
12152,1,21,4,0,1000,1,1,1
12153,1,22,4,0,1000,1,1,1
12154,1,23,4,0,1000,1,1,1
12155,1,24,4,0,1000,1,1,1
12156,1,25,4,0,1000,1,1,1
12157,1,26,4,0,1000,1,1,1
12158,1,27,4,0,1000,1,1,1
12159,1,28,4,0,1000,1,1,1
12160,1,29,4,0,1000,1,1,1
12161,1,30,4,0,1000,1,1,1
12162,1,31,4,0,1000,1,1,1
12163,1,32,4,0,1000,1,1,1
12164,1,33,4,0,1000,1,1,1
12165,1,34,4,0,1000,1,1,1
12166,1,35,4,0,1000,1,1,1
12167,1,36,4,0,1000,1,1,1
12168,1,37,4,0,1000,1,1,1
12169,1,38,4,0,1000,1,1,1
12170,1,39,4,0,1000,1,1,1
12171,1,40,4,0,1000,1,1,1
12172,1,41,4,0,1000,1,1,1
12173,1,42,4,0,1000,1,1,1
12174,1,43,4,0,1000,1,1,1
12175,1,44,4,0,1000,1,1,1
12176,1,45,4,0,1000,1,1,1
12177,1,46,4,0,1000,1,1,1
12178,1,47,4,0,1000,1,1,1
12179,1,48,4,0,1000,1,1,1
12180,1,49,4,0,1000,1,1,1
12181,1,50,4,0,1000,1,1,1
12182,1,51,4,0,1000,1,1,1
12183,1,52,4,0,1000,1,1,1
12184,1,53,4,0,1000,1,1,1
12185,1,54,4,0,1000,1,1,1
12186,1,55,4,0,1000,1,1,1
12187,1,56,4,0,1000,1,1,1
12188,1,57,4,0,1000,1,1,1
12189,1,58,4,0,1000,1,1,1
12190,1,59,4,0,1000,1,1,1
12191,1,60,4,0,1000,1,1,1
12192,1,61,4,0,1000,1,1,1
12193,1,62,4,0,1000,1,1,1
12194,1,63,4,0,1000,1,1,1
12195,1,64,4,0,1000,1,1,1
12196,1,65,4,0,1000,1,1,1
12197,1,100,4,0,1000,1,1,1
12198,1,101,4,0,1000,1,1,1
12199,1,102,4,0,1000,1,1,1
12200,1,103,4,0,1000,1,1,1
12201,1,104,4,0,1000,1,1,1
12202,1,107,4,0,1000,1,1,1
12203,1,108,4,0,1000,1,1,1
12204,1,200,4,0,1000,1,1,1
12205,1,201,4,0,1000,1,1,1
12206,1,202,4,0,1000,1,1,1
12207,1,203,4,0,1000,1,1,1
12208,1,204,4,0,1000,1,1,1
12209,1,205,4,0,1000,1,1,1
12210,1,206,4,0,1000,1,1,1
12211,1,207,4,0,1000,1,1,1
12212,1,208,4,0,1000,1,1,1
12213,1,209,4,0,1000,1,1,1
12214,1,210,4,0,1000,1,1,1
12215,1,214,4,0,1000,1,1,1
12216,1,215,4,0,1000,1,1,1
12217,1,218,4,0,1000,1,1,1
12218,1,219,4,0,1000,1,1,1
12219,1,221,4,0,1000,1,1,1
12220,1,222,4,0,1000,1,1,1
12221,1,223,4,0,1000,1,1,1
12222,1,224,4,0,1000,1,1,1
12223,1,225,4,0,1000,1,1,1
12224,1,226,4,0,1000,1,1,1
12225,1,227,4,0,1000,1,1,1
12226,1,228,4,0,1000,1,1,1
12227,1,229,4,0,1000,1,1,1
12228,1,230,4,0,1000,1,1,1
12229,1,231,4,0,1000,1,1,1
12230,1,232,4,0,1000,1,1,1
12231,1,233,4,0,1000,1,1,1
12232,1,234,4,0,1000,1,1,1
12233,1,235,4,0,1000,1,1,1
12234,1,238,4,0,1000,1,1,1
12235,1,239,4,0,1000,1,1,1
12236,1,240,4,0,1000,1,1,1
12237,1,241,4,0,1000,1,1,1
12238,1,242,4,0,1000,1,1,1
12239,1,243,4,0,1000,1,1,1
12240,1,244,4,0,1000,1,1,1
12241,1,245,4,0,1000,1,1,1
12242,1,246,4,0,1000,1,1,1
12243,1,247,4,0,1000,1,1,1
12244,1,248,4,0,1000,1,1,1
12245,1,249,4,0,1000,1,1,1
12246,1,250,4,0,1000,1,1,1
12247,1,251,4,0,1000,1,1,1
12248,1,252,4,0,1000,1,1,1
12249,1,253,4,0,1000,1,1,1
12250,1,254,4,0,1000,1,1,1
12251,1,255,4,0,1000,1,1,1
12252,1,256,4,0,1000,1,1,1
12253,1,257,4,0,1000,1,1,1
12254,1,258,4,0,1000,1,1,1
12255,1,259,4,0,1000,1,1,1
12256,1,266,4,0,1000,1,1,1
12257,1,267,4,0,1000,1,1,1
12258,1,268,4,0,1000,1,1,1
12259,1,269,4,0,1000,1,1,1
12260,1,270,4,0,1000,1,1,1
12261,1,271,4,0,1000,1,1,1
12262,1,272,4,0,1000,1,1,1
12263,1,273,4,0,1000,1,1,1
12264,1,274,4,0,1000,1,1,1
12265,1,275,4,0,1000,1,1,1
12266,1,276,4,0,1000,1,1,1
12267,1,277,4,0,1000,1,1,1
12268,1,278,4,0,1000,1,1,1
12269,1,279,4,0,1000,1,1,1
12270,1,280,4,0,1000,1,1,1
12271,1,281,4,0,1000,1,1,1
12272,1,282,4,0,1000,1,1,1
12273,1,283,4,0,1000,1,1,1
12274,1,284,4,0,1000,1,1,1
12275,1,285,4,0,1000,1,1,1
12276,1,286,4,0,1000,1,1,1
12277,1,287,4,0,1000,1,1,1
12278,1,288,4,0,1000,1,1,1
12279,1,289,4,0,1000,1,1,1
12280,1,290,4,0,1000,1,1,1
12281,1,291,4,0,1000,1,1,1
12282,1,292,4,0,1000,1,1,1
12283,1,293,4,0,1000,1,1,1
12284,1,294,4,0,1000,1,1,1
12285,1,295,4,0,1000,1,1,1
12286,1,296,4,0,1000,1,1,1
12287,1,297,4,0,1000,1,1,1
12288,1,298,4,0,1000,1,1,1
12289,1,299,4,0,1000,1,1,1
12290,1,300,4,0,1000,1,1,1
12291,1,301,4,0,1000,1,1,1
12292,1,302,4,0,1000,1,1,1
12293,1,303,4,0,1000,1,1,1
12294,1,304,4,0,1000,1,1,1
12295,1,305,4,0,1000,1,1,1
12296,1,306,4,0,1000,1,1,1
12297,1,307,4,0,1000,1,1,1
12298,1,308,4,0,1000,1,1,1
12299,1,309,4,0,1000,1,1,1
12300,1,310,4,0,1000,1,1,1
12301,1,311,4,0,1000,1,1,1
12302,1,312,4,0,1000,1,1,1
12303,1,313,4,0,1000,1,1,1
12304,1,314,4,0,1000,1,1,1
12305,1,315,4,0,1000,1,1,1
12306,1,316,4,0,1000,1,1,1
12307,1,317,4,0,1000,1,1,1
12308,1,318,4,0,1000,1,1,1
12309,1,319,4,0,1000,1,1,1
12310,1,320,4,0,1000,1,1,1
12311,1,321,4,0,1000,1,1,1
12312,1,322,4,0,1000,1,1,1
12313,1,323,4,0,1000,1,1,1
12314,1,324,4,0,1000,1,1,1
12315,1,325,4,0,1000,1,1,1
12316,1,326,4,0,1000,1,1,1
12317,1,327,4,0,1000,1,1,1
12318,1,328,4,0,1000,1,1,1
12319,1,329,4,0,1000,1,1,1
12320,1,330,4,0,1000,1,1,1
12321,1,331,4,0,1000,1,1,1
12322,1,332,4,0,1000,1,1,1
12323,1,333,4,0,1000,1,1,1
12324,1,334,4,0,1000,1,1,1
12325,1,335,4,0,1000,1,1,1
12326,1,336,4,0,1000,1,1,1
12327,1,337,4,0,1000,1,1,1
12328,1,338,4,0,1000,1,1,1
12329,1,339,4,0,1000,1,1,1
12330,1,340,4,0,1000,1,1,1
12331,1,341,4,0,1000,1,1,1
12332,1,344,4,0,1000,1,1,1
12333,1,345,4,0,1000,1,1,1
12334,1,354,4,0,1000,1,1,1
12335,1,355,4,0,1000,1,1,1
12336,1,356,4,0,1000,1,1,1
12337,1,357,4,0,1000,1,1,1
12338,1,358,4,0,1000,1,1,1
12339,1,363,4,0,1000,1,1,1
12340,1,370,4,0,1000,1,1,1
12341,1,371,4,0,1000,1,1,1
12342,1,372,4,0,1000,1,1,1
12343,1,373,4,0,1000,1,1,1
12344,1,374,4,0,1000,1,1,1
12345,1,375,4,0,1000,1,1,1
12346,1,376,4,0,1000,1,1,1
12347,1,377,4,0,1000,1,1,1
12348,1,378,4,0,1000,1,1,1
12349,1,379,4,0,1000,1,1,1
12350,1,380,4,0,1000,1,1,1
12351,1,381,4,0,1000,1,1,1
12352,1,382,4,0,1000,1,1,1
12353,1,383,4,0,1000,1,1,1
12354,1,388,4,0,1000,1,1,1
12355,1,389,4,0,1000,1,1,1
12356,1,391,4,0,1000,1,1,1
12357,1,392,4,0,1000,1,1,1
12358,1,394,4,0,1000,1,1,1
12359,1,397,4,0,1000,1,1,1
12360,1,400,4,0,1000,1,1,1
12361,1,410,4,0,1000,1,1,1
12362,1,411,4,0,1000,1,1,1
12363,1,412,4,0,1000,1,1,1
12364,1,413,4,0,1000,1,1,1
12365,1,414,4,0,1000,1,1,1
12366,1,415,4,0,1000,1,1,1
12367,1,416,4,0,1000,1,1,1
12368,1,417,4,0,1000,1,1,1
12369,1,418,4,0,1000,1,1,1
12370,1,419,4,0,1000,1,1,1
12371,1,420,4,0,1000,1,1,1
12372,1,421,4,0,1000,1,1,1
12373,1,422,4,0,1000,1,1,1
12374,1,423,4,0,1000,1,1,1
12375,1,424,4,0,1000,1,1,1
12376,1,425,4,0,1000,1,1,1
12377,1,426,4,0,1000,1,1,1
12378,1,427,4,0,1000,1,1,1
12379,1,428,4,0,1000,1,1,1
12380,1,429,4,0,1000,1,1,1
12381,1,430,4,0,1000,1,1,1
12382,1,431,4,0,1000,1,1,1
12383,1,432,4,0,1000,1,1,1
12384,1,433,4,0,1000,1,1,1
12385,1,438,4,0,1000,1,1,1
12386,1,439,4,0,1000,1,1,1
12387,1,440,4,0,1000,1,1,1
12388,1,441,4,0,1000,1,1,1
12389,1,442,4,0,1000,1,1,1
12390,1,443,4,0,1000,1,1,1
12391,1,444,4,0,1000,1,1,1
12392,1,445,4,0,1000,1,1,1
12393,1,446,4,0,1000,1,1,1
12394,1,447,4,0,1000,1,1,1
12395,1,448,4,0,1000,1,1,1
12396,1,449,4,0,1000,1,1,1
12397,1,450,4,0,1000,1,1,1
12398,1,451,4,0,1000,1,1,1
12399,1,452,4,0,1000,1,1,1
12400,1,453,4,0,1000,1,1,1
12401,1,454,4,0,1000,1,1,1
12402,1,455,4,0,1000,1,1,1
12403,1,456,4,0,1000,1,1,1
12404,1,457,4,0,1000,1,1,1
12405,1,458,4,0,1000,1,1,1
12406,1,459,4,0,1000,1,1,1
12407,1,460,4,0,1000,1,1,1
12408,1,461,4,0,1000,1,1,1
12409,1,462,4,0,1000,1,1,1
12410,1,463,4,0,1000,1,1,1
12411,1,464,4,0,1000,1,1,1
12412,1,465,4,0,1000,1,1,1
12413,1,466,4,0,1000,1,1,1
12414,1,467,4,0,1000,1,1,1
12415,1,468,4,0,1000,1,1,1
12416,1,469,4,0,1000,1,1,1
12417,1,470,4,0,1000,1,1,1
12418,1,471,4,0,1000,1,1,1
12419,1,472,4,0,1000,1,1,1
12420,1,473,4,0,1000,1,1,1
12421,1,474,4,0,1000,1,1,1
12422,1,475,4,0,1000,1,1,1
12423,1,476,4,0,1000,1,1,1
12424,1,477,4,0,1000,1,1,1
12425,1,478,4,0,1000,1,1,1
12426,1,479,4,0,1000,1,1,1
12427,1,480,4,0,1000,1,1,1
12428,1,481,4,0,1000,1,1,1
12429,1,482,4,0,1000,1,1,1
12430,1,483,4,0,1000,1,1,1
12431,1,484,4,0,1000,1,1,1
12432,1,485,4,0,1000,1,1,1
12433,1,486,4,0,1000,1,1,1
12434,1,487,4,0,1000,1,1,1
12435,1,488,4,0,1000,1,1,1
12436,1,489,4,0,1000,1,1,1
12437,1,490,4,0,1000,1,1,1
12438,1,491,4,0,1000,1,1,1
12439,1,492,4,0,1000,1,1,1
12440,1,493,4,0,1000,1,1,1
12441,1,494,4,0,1000,1,1,1
12442,1,495,4,0,1000,1,1,1
12443,1,496,4,0,1000,1,1,1
12444,1,497,4,0,1000,1,1,1
12445,1,498,4,0,1000,1,1,1
12446,1,499,4,0,1000,1,1,1
12447,1,500,4,0,1000,1,1,1
12448,1,501,4,0,1000,1,1,1
12449,1,502,4,0,1000,1,1,1
12450,1,503,4,0,1000,1,1,1
12451,1,506,4,0,1000,1,1,1
12452,1,507,4,0,1000,1,1,1
12453,1,508,4,0,1000,1,1,1
12454,1,509,4,0,1000,1,1,1
12455,1,510,4,0,1000,1,1,1
12456,1,511,4,0,1000,1,1,1
12457,1,512,4,0,1000,1,1,1
12458,1,513,4,0,1000,1,1,1
12459,1,514,4,0,1000,1,1,1
12460,1,515,4,0,1000,1,1,1
12461,1,516,4,0,1000,1,1,1
12462,1,517,4,0,1000,1,1,1
12463,1,518,4,0,1000,1,1,1
12464,1,519,4,0,1000,1,1,1
12465,1,520,4,0,1000,1,1,1
12466,1,521,4,0,1000,1,1,1
12467,1,522,4,0,1000,1,1,1
12468,1,523,4,0,1000,1,1,1
12469,1,524,4,0,1000,1,1,1
12470,1,525,4,0,1000,1,1,1
12471,1,526,4,0,1000,1,1,1
12472,1,527,4,0,1000,1,1,1
12473,1,528,4,0,1000,1,1,1
12474,1,529,4,0,1000,1,1,1
12475,1,530,4,0,1000,1,1,1
12476,1,531,4,0,1000,1,1,1
12477,1,532,4,0,1000,1,1,1
12478,1,533,4,0,1000,1,1,1
12479,1,534,4,0,1000,1,1,1
12480,1,5001,4,0,1000,1,1,1
12481,1,5002,4,0,1000,1,1,1
12482,1,5003,4,0,1000,1,1,1
12483,1,535,4,0,1000,1,1,1
12484,1,536,4,0,1000,1,1,1
12485,1,537,4,0,1000,1,1,1
12486,1,538,4,0,1000,1,1,1
12487,1,539,4,0,1000,1,1,1
12488,1,540,4,0,1000,1,1,1
12489,1,541,4,0,1000,1,1,1
12490,1,542,4,0,1000,1,1,1
12491,1,543,4,0,1000,1,1,1
12492,1,544,4,0,1000,1,1,1
12493,1,545,4,0,1000,1,1,1
12494,1,546,4,0,1000,1,1,1
12495,1,1,4,0,1000,1,1,2
12496,1,2,4,0,1000,1,1,2
12497,1,3,4,0,1000,1,1,2
12498,1,4,4,0,1000,1,1,2
12499,1,5,4,0,1000,1,1,2
12500,1,6,4,0,1000,1,1,2
12501,1,7,4,0,1000,1,1,2
12502,1,8,4,0,1000,1,1,2
12503,1,9,4,0,1000,1,1,2
12504,1,10,4,0,1000,1,1,2
12505,1,11,4,0,1000,1,1,2
12506,1,12,4,0,1000,1,1,2
12507,1,13,4,0,1000,1,1,2
12508,1,14,4,0,1000,1,1,2
12509,1,15,4,0,1000,1,1,2
12510,1,16,4,0,1000,1,1,2
12511,1,17,4,0,1000,1,1,2
12512,1,18,4,0,1000,1,1,2
12513,1,19,4,0,1000,1,1,2
12514,1,20,4,0,1000,1,1,2
12515,1,21,4,0,1000,1,1,2
12516,1,22,4,0,1000,1,1,2
12517,1,23,4,0,1000,1,1,2
12518,1,24,4,0,1000,1,1,2
12519,1,25,4,0,1000,1,1,2
12520,1,26,4,0,1000,1,1,2
12521,1,27,4,0,1000,1,1,2
12522,1,28,4,0,1000,1,1,2
12523,1,29,4,0,1000,1,1,2
12524,1,30,4,0,1000,1,1,2
12525,1,31,4,0,1000,1,1,2
12526,1,32,4,0,1000,1,1,2
12527,1,33,4,0,1000,1,1,2
12528,1,34,4,0,1000,1,1,2
12529,1,35,4,0,1000,1,1,2
12530,1,36,4,0,1000,1,1,2
12531,1,37,4,0,1000,1,1,2
12532,1,38,4,0,1000,1,1,2
12533,1,39,4,0,1000,1,1,2
12534,1,40,4,0,1000,1,1,2
12535,1,41,4,0,1000,1,1,2
12536,1,42,4,0,1000,1,1,2
12537,1,43,4,0,1000,1,1,2
12538,1,44,4,0,1000,1,1,2
12539,1,45,4,0,1000,1,1,2
12540,1,46,4,0,1000,1,1,2
12541,1,47,4,0,1000,1,1,2
12542,1,48,4,0,1000,1,1,2
12543,1,49,4,0,1000,1,1,2
12544,1,50,4,0,1000,1,1,2
12545,1,51,4,0,1000,1,1,2
12546,1,52,4,0,1000,1,1,2
12547,1,53,4,0,1000,1,1,2
12548,1,54,4,0,1000,1,1,2
12549,1,55,4,0,1000,1,1,2
12550,1,56,4,0,1000,1,1,2
12551,1,57,4,0,1000,1,1,2
12552,1,58,4,0,1000,1,1,2
12553,1,59,4,0,1000,1,1,2
12554,1,60,4,0,1000,1,1,2
12555,1,61,4,0,1000,1,1,2
12556,1,62,4,0,1000,1,1,2
12557,1,63,4,0,1000,1,1,2
12558,1,64,4,0,1000,1,1,2
12559,1,65,4,0,1000,1,1,2
12560,1,100,4,0,1000,1,1,2
12561,1,101,4,0,1000,1,1,2
12562,1,102,4,0,1000,1,1,2
12563,1,103,4,0,1000,1,1,2
12564,1,104,4,0,1000,1,1,2
12565,1,107,4,0,1000,1,1,2
12566,1,108,4,0,1000,1,1,2
12567,1,200,4,0,1000,1,1,2
12568,1,201,4,0,1000,1,1,2
12569,1,202,4,0,1000,1,1,2
12570,1,203,4,0,1000,1,1,2
12571,1,204,4,0,1000,1,1,2
12572,1,205,4,0,1000,1,1,2
12573,1,206,4,0,1000,1,1,2
12574,1,207,4,0,1000,1,1,2
12575,1,208,4,0,1000,1,1,2
12576,1,209,4,0,1000,1,1,2
12577,1,210,4,0,1000,1,1,2
12578,1,214,4,0,1000,1,1,2
12579,1,215,4,0,1000,1,1,2
12580,1,218,4,0,1000,1,1,2
12581,1,219,4,0,1000,1,1,2
12582,1,221,4,0,1000,1,1,2
12583,1,222,4,0,1000,1,1,2
12584,1,223,4,0,1000,1,1,2
12585,1,224,4,0,1000,1,1,2
12586,1,225,4,0,1000,1,1,2
12587,1,226,4,0,1000,1,1,2
12588,1,227,4,0,1000,1,1,2
12589,1,228,4,0,1000,1,1,2
12590,1,229,4,0,1000,1,1,2
12591,1,230,4,0,1000,1,1,2
12592,1,231,4,0,1000,1,1,2
12593,1,232,4,0,1000,1,1,2
12594,1,233,4,0,1000,1,1,2
12595,1,234,4,0,1000,1,1,2
12596,1,235,4,0,1000,1,1,2
12597,1,238,4,0,1000,1,1,2
12598,1,239,4,0,1000,1,1,2
12599,1,240,4,0,1000,1,1,2
12600,1,241,4,0,1000,1,1,2
12601,1,242,4,0,1000,1,1,2
12602,1,243,4,0,1000,1,1,2
12603,1,244,4,0,1000,1,1,2
12604,1,245,4,0,1000,1,1,2
12605,1,246,4,0,1000,1,1,2
12606,1,247,4,0,1000,1,1,2
12607,1,248,4,0,1000,1,1,2
12608,1,249,4,0,1000,1,1,2
12609,1,250,4,0,1000,1,1,2
12610,1,251,4,0,1000,1,1,2
12611,1,252,4,0,1000,1,1,2
12612,1,253,4,0,1000,1,1,2
12613,1,254,4,0,1000,1,1,2
12614,1,255,4,0,1000,1,1,2
12615,1,256,4,0,1000,1,1,2
12616,1,257,4,0,1000,1,1,2
12617,1,258,4,0,1000,1,1,2
12618,1,259,4,0,1000,1,1,2
12619,1,266,4,0,1000,1,1,2
12620,1,267,4,0,1000,1,1,2
12621,1,268,4,0,1000,1,1,2
12622,1,269,4,0,1000,1,1,2
12623,1,270,4,0,1000,1,1,2
12624,1,271,4,0,1000,1,1,2
12625,1,272,4,0,1000,1,1,2
12626,1,273,4,0,1000,1,1,2
12627,1,274,4,0,1000,1,1,2
12628,1,275,4,0,1000,1,1,2
12629,1,276,4,0,1000,1,1,2
12630,1,277,4,0,1000,1,1,2
12631,1,278,4,0,1000,1,1,2
12632,1,279,4,0,1000,1,1,2
12633,1,280,4,0,1000,1,1,2
12634,1,281,4,0,1000,1,1,2
12635,1,282,4,0,1000,1,1,2
12636,1,283,4,0,1000,1,1,2
12637,1,284,4,0,1000,1,1,2
12638,1,285,4,0,1000,1,1,2
12639,1,286,4,0,1000,1,1,2
12640,1,287,4,0,1000,1,1,2
12641,1,288,4,0,1000,1,1,2
12642,1,289,4,0,1000,1,1,2
12643,1,290,4,0,1000,1,1,2
12644,1,291,4,0,1000,1,1,2
12645,1,292,4,0,1000,1,1,2
12646,1,293,4,0,1000,1,1,2
12647,1,294,4,0,1000,1,1,2
12648,1,295,4,0,1000,1,1,2
12649,1,296,4,0,1000,1,1,2
12650,1,297,4,0,1000,1,1,2
12651,1,298,4,0,1000,1,1,2
12652,1,299,4,0,1000,1,1,2
12653,1,300,4,0,1000,1,1,2
12654,1,301,4,0,1000,1,1,2
12655,1,302,4,0,1000,1,1,2
12656,1,303,4,0,1000,1,1,2
12657,1,304,4,0,1000,1,1,2
12658,1,305,4,0,1000,1,1,2
12659,1,306,4,0,1000,1,1,2
12660,1,307,4,0,1000,1,1,2
12661,1,308,4,0,1000,1,1,2
12662,1,309,4,0,1000,1,1,2
12663,1,310,4,0,1000,1,1,2
12664,1,311,4,0,1000,1,1,2
12665,1,312,4,0,1000,1,1,2
12666,1,313,4,0,1000,1,1,2
12667,1,314,4,0,1000,1,1,2
12668,1,315,4,0,1000,1,1,2
12669,1,316,4,0,1000,1,1,2
12670,1,317,4,0,1000,1,1,2
12671,1,318,4,0,1000,1,1,2
12672,1,319,4,0,1000,1,1,2
12673,1,320,4,0,1000,1,1,2
12674,1,321,4,0,1000,1,1,2
12675,1,322,4,0,1000,1,1,2
12676,1,323,4,0,1000,1,1,2
12677,1,324,4,0,1000,1,1,2
12678,1,325,4,0,1000,1,1,2
12679,1,326,4,0,1000,1,1,2
12680,1,327,4,0,1000,1,1,2
12681,1,328,4,0,1000,1,1,2
12682,1,329,4,0,1000,1,1,2
12683,1,330,4,0,1000,1,1,2
12684,1,331,4,0,1000,1,1,2
12685,1,332,4,0,1000,1,1,2
12686,1,333,4,0,1000,1,1,2
12687,1,334,4,0,1000,1,1,2
12688,1,335,4,0,1000,1,1,2
12689,1,336,4,0,1000,1,1,2
12690,1,337,4,0,1000,1,1,2
12691,1,338,4,0,1000,1,1,2
12692,1,339,4,0,1000,1,1,2
12693,1,340,4,0,1000,1,1,2
12694,1,341,4,0,1000,1,1,2
12695,1,344,4,0,1000,1,1,2
12696,1,345,4,0,1000,1,1,2
12697,1,354,4,0,1000,1,1,2
12698,1,355,4,0,1000,1,1,2
12699,1,356,4,0,1000,1,1,2
12700,1,357,4,0,1000,1,1,2
12701,1,358,4,0,1000,1,1,2
12702,1,363,4,0,1000,1,1,2
12703,1,370,4,0,1000,1,1,2
12704,1,371,4,0,1000,1,1,2
12705,1,372,4,0,1000,1,1,2
12706,1,373,4,0,1000,1,1,2
12707,1,374,4,0,1000,1,1,2
12708,1,375,4,0,1000,1,1,2
12709,1,376,4,0,1000,1,1,2
12710,1,377,4,0,1000,1,1,2
12711,1,378,4,0,1000,1,1,2
12712,1,379,4,0,1000,1,1,2
12713,1,380,4,0,1000,1,1,2
12714,1,381,4,0,1000,1,1,2
12715,1,382,4,0,1000,1,1,2
12716,1,383,4,0,1000,1,1,2
12717,1,388,4,0,1000,1,1,2
12718,1,389,4,0,1000,1,1,2
12719,1,391,4,0,1000,1,1,2
12720,1,392,4,0,1000,1,1,2
12721,1,394,4,0,1000,1,1,2
12722,1,397,4,0,1000,1,1,2
12723,1,400,4,0,1000,1,1,2
12724,1,410,4,0,1000,1,1,2
12725,1,411,4,0,1000,1,1,2
12726,1,412,4,0,1000,1,1,2
12727,1,413,4,0,1000,1,1,2
12728,1,414,4,0,1000,1,1,2
12729,1,415,4,0,1000,1,1,2
12730,1,416,4,0,1000,1,1,2
12731,1,417,4,0,1000,1,1,2
12732,1,418,4,0,1000,1,1,2
12733,1,419,4,0,1000,1,1,2
12734,1,420,4,0,1000,1,1,2
12735,1,421,4,0,1000,1,1,2
12736,1,422,4,0,1000,1,1,2
12737,1,423,4,0,1000,1,1,2
12738,1,424,4,0,1000,1,1,2
12739,1,425,4,0,1000,1,1,2
12740,1,426,4,0,1000,1,1,2
12741,1,427,4,0,1000,1,1,2
12742,1,428,4,0,1000,1,1,2
12743,1,429,4,0,1000,1,1,2
12744,1,430,4,0,1000,1,1,2
12745,1,431,4,0,1000,1,1,2
12746,1,432,4,0,1000,1,1,2
12747,1,433,4,0,1000,1,1,2
12748,1,438,4,0,1000,1,1,2
12749,1,439,4,0,1000,1,1,2
12750,1,440,4,0,1000,1,1,2
12751,1,441,4,0,1000,1,1,2
12752,1,442,4,0,1000,1,1,2
12753,1,443,4,0,1000,1,1,2
12754,1,444,4,0,1000,1,1,2
12755,1,445,4,0,1000,1,1,2
12756,1,446,4,0,1000,1,1,2
12757,1,447,4,0,1000,1,1,2
12758,1,448,4,0,1000,1,1,2
12759,1,449,4,0,1000,1,1,2
12760,1,450,4,0,1000,1,1,2
12761,1,451,4,0,1000,1,1,2
12762,1,452,4,0,1000,1,1,2
12763,1,453,4,0,1000,1,1,2
12764,1,454,4,0,1000,1,1,2
12765,1,455,4,0,1000,1,1,2
12766,1,456,4,0,1000,1,1,2
12767,1,457,4,0,1000,1,1,2
12768,1,458,4,0,1000,1,1,2
12769,1,459,4,0,1000,1,1,2
12770,1,460,4,0,1000,1,1,2
12771,1,461,4,0,1000,1,1,2
12772,1,462,4,0,1000,1,1,2
12773,1,463,4,0,1000,1,1,2
12774,1,464,4,0,1000,1,1,2
12775,1,465,4,0,1000,1,1,2
12776,1,466,4,0,1000,1,1,2
12777,1,467,4,0,1000,1,1,2
12778,1,468,4,0,1000,1,1,2
12779,1,469,4,0,1000,1,1,2
12780,1,470,4,0,1000,1,1,2
12781,1,471,4,0,1000,1,1,2
12782,1,472,4,0,1000,1,1,2
12783,1,473,4,0,1000,1,1,2
12784,1,474,4,0,1000,1,1,2
12785,1,475,4,0,1000,1,1,2
12786,1,476,4,0,1000,1,1,2
12787,1,477,4,0,1000,1,1,2
12788,1,478,4,0,1000,1,1,2
12789,1,479,4,0,1000,1,1,2
12790,1,480,4,0,1000,1,1,2
12791,1,481,4,0,1000,1,1,2
12792,1,482,4,0,1000,1,1,2
12793,1,483,4,0,1000,1,1,2
12794,1,484,4,0,1000,1,1,2
12795,1,485,4,0,1000,1,1,2
12796,1,486,4,0,1000,1,1,2
12797,1,487,4,0,1000,1,1,2
12798,1,488,4,0,1000,1,1,2
12799,1,489,4,0,1000,1,1,2
12800,1,490,4,0,1000,1,1,2
12801,1,491,4,0,1000,1,1,2
12802,1,492,4,0,1000,1,1,2
12803,1,493,4,0,1000,1,1,2
12804,1,494,4,0,1000,1,1,2
12805,1,495,4,0,1000,1,1,2
12806,1,496,4,0,1000,1,1,2
12807,1,497,4,0,1000,1,1,2
12808,1,498,4,0,1000,1,1,2
12809,1,499,4,0,1000,1,1,2
12810,1,500,4,0,1000,1,1,2
12811,1,501,4,0,1000,1,1,2
12812,1,502,4,0,1000,1,1,2
12813,1,503,4,0,1000,1,1,2
12814,1,506,4,0,1000,1,1,2
12815,1,507,4,0,1000,1,1,2
12816,1,508,4,0,1000,1,1,2
12817,1,509,4,0,1000,1,1,2
12818,1,510,4,0,1000,1,1,2
12819,1,511,4,0,1000,1,1,2
12820,1,512,4,0,1000,1,1,2
12821,1,513,4,0,1000,1,1,2
12822,1,514,4,0,1000,1,1,2
12823,1,515,4,0,1000,1,1,2
12824,1,516,4,0,1000,1,1,2
12825,1,517,4,0,1000,1,1,2
12826,1,518,4,0,1000,1,1,2
12827,1,519,4,0,1000,1,1,2
12828,1,520,4,0,1000,1,1,2
12829,1,521,4,0,1000,1,1,2
12830,1,522,4,0,1000,1,1,2
12831,1,523,4,0,1000,1,1,2
12832,1,524,4,0,1000,1,1,2
12833,1,525,4,0,1000,1,1,2
12834,1,526,4,0,1000,1,1,2
12835,1,527,4,0,1000,1,1,2
12836,1,528,4,0,1000,1,1,2
12837,1,529,4,0,1000,1,1,2
12838,1,530,4,0,1000,1,1,2
12839,1,531,4,0,1000,1,1,2
12840,1,532,4,0,1000,1,1,2
12841,1,533,4,0,1000,1,1,2
12842,1,534,4,0,1000,1,1,2
12843,1,5001,4,0,1000,1,1,2
12844,1,5002,4,0,1000,1,1,2
12845,1,5003,4,0,1000,1,1,2
12846,1,535,4,0,1000,1,1,2
12847,1,536,4,0,1000,1,1,2
12848,1,537,4,0,1000,1,1,2
12849,1,538,4,0,1000,1,1,2
12850,1,539,4,0,1000,1,1,2
12851,1,540,4,0,1000,1,1,2
12852,1,541,4,0,1000,1,1,2
12853,1,542,4,0,1000,1,1,2
12854,1,543,4,0,1000,1,1,2
12855,1,544,4,0,1000,1,1,2
12856,1,545,4,0,1000,1,1,2
12857,1,546,4,0,1000,1,1,2
12858,1,1,4,0,1000,1,1,3
12859,1,2,4,0,1000,1,1,3
12860,1,3,4,0,1000,1,1,3
12861,1,4,4,0,1000,1,1,3
12862,1,5,4,0,1000,1,1,3
12863,1,6,4,0,1000,1,1,3
12864,1,7,4,0,1000,1,1,3
12865,1,8,4,0,1000,1,1,3
12866,1,9,4,0,1000,1,1,3
12867,1,10,4,0,1000,1,1,3
12868,1,11,4,0,1000,1,1,3
12869,1,12,4,0,1000,1,1,3
12870,1,13,4,0,1000,1,1,3
12871,1,14,4,0,1000,1,1,3
12872,1,15,4,0,1000,1,1,3
12873,1,16,4,0,1000,1,1,3
12874,1,17,4,0,1000,1,1,3
12875,1,18,4,0,1000,1,1,3
12876,1,19,4,0,1000,1,1,3
12877,1,20,4,0,1000,1,1,3
12878,1,21,4,0,1000,1,1,3
12879,1,22,4,0,1000,1,1,3
12880,1,23,4,0,1000,1,1,3
12881,1,24,4,0,1000,1,1,3
12882,1,25,4,0,1000,1,1,3
12883,1,26,4,0,1000,1,1,3
12884,1,27,4,0,1000,1,1,3
12885,1,28,4,0,1000,1,1,3
12886,1,29,4,0,1000,1,1,3
12887,1,30,4,0,1000,1,1,3
12888,1,31,4,0,1000,1,1,3
12889,1,32,4,0,1000,1,1,3
12890,1,33,4,0,1000,1,1,3
12891,1,34,4,0,1000,1,1,3
12892,1,35,4,0,1000,1,1,3
12893,1,36,4,0,1000,1,1,3
12894,1,37,4,0,1000,1,1,3
12895,1,38,4,0,1000,1,1,3
12896,1,39,4,0,1000,1,1,3
12897,1,40,4,0,1000,1,1,3
12898,1,41,4,0,1000,1,1,3
12899,1,42,4,0,1000,1,1,3
12900,1,43,4,0,1000,1,1,3
12901,1,44,4,0,1000,1,1,3
12902,1,45,4,0,1000,1,1,3
12903,1,46,4,0,1000,1,1,3
12904,1,47,4,0,1000,1,1,3
12905,1,48,4,0,1000,1,1,3
12906,1,49,4,0,1000,1,1,3
12907,1,50,4,0,1000,1,1,3
12908,1,51,4,0,1000,1,1,3
12909,1,52,4,0,1000,1,1,3
12910,1,53,4,0,1000,1,1,3
12911,1,54,4,0,1000,1,1,3
12912,1,55,4,0,1000,1,1,3
12913,1,56,4,0,1000,1,1,3
12914,1,57,4,0,1000,1,1,3
12915,1,58,4,0,1000,1,1,3
12916,1,59,4,0,1000,1,1,3
12917,1,60,4,0,1000,1,1,3
12918,1,61,4,0,1000,1,1,3
12919,1,62,4,0,1000,1,1,3
12920,1,63,4,0,1000,1,1,3
12921,1,64,4,0,1000,1,1,3
12922,1,65,4,0,1000,1,1,3
12923,1,100,4,0,1000,1,1,3
12924,1,101,4,0,1000,1,1,3
12925,1,102,4,0,1000,1,1,3
12926,1,103,4,0,1000,1,1,3
12927,1,104,4,0,1000,1,1,3
12928,1,107,4,0,1000,1,1,3
12929,1,108,4,0,1000,1,1,3
12930,1,200,4,0,1000,1,1,3
12931,1,201,4,0,1000,1,1,3
12932,1,202,4,0,1000,1,1,3
12933,1,203,4,0,1000,1,1,3
12934,1,204,4,0,1000,1,1,3
12935,1,205,4,0,1000,1,1,3
12936,1,206,4,0,1000,1,1,3
12937,1,207,4,0,1000,1,1,3
12938,1,208,4,0,1000,1,1,3
12939,1,209,4,0,1000,1,1,3
12940,1,210,4,0,1000,1,1,3
12941,1,214,4,0,1000,1,1,3
12942,1,215,4,0,1000,1,1,3
12943,1,218,4,0,1000,1,1,3
12944,1,219,4,0,1000,1,1,3
12945,1,221,4,0,1000,1,1,3
12946,1,222,4,0,1000,1,1,3
12947,1,223,4,0,1000,1,1,3
12948,1,224,4,0,1000,1,1,3
12949,1,225,4,0,1000,1,1,3
12950,1,226,4,0,1000,1,1,3
12951,1,227,4,0,1000,1,1,3
12952,1,228,4,0,1000,1,1,3
12953,1,229,4,0,1000,1,1,3
12954,1,230,4,0,1000,1,1,3
12955,1,231,4,0,1000,1,1,3
12956,1,232,4,0,1000,1,1,3
12957,1,233,4,0,1000,1,1,3
12958,1,234,4,0,1000,1,1,3
12959,1,235,4,0,1000,1,1,3
12960,1,238,4,0,1000,1,1,3
12961,1,239,4,0,1000,1,1,3
12962,1,240,4,0,1000,1,1,3
12963,1,241,4,0,1000,1,1,3
12964,1,242,4,0,1000,1,1,3
12965,1,243,4,0,1000,1,1,3
12966,1,244,4,0,1000,1,1,3
12967,1,245,4,0,1000,1,1,3
12968,1,246,4,0,1000,1,1,3
12969,1,247,4,0,1000,1,1,3
12970,1,248,4,0,1000,1,1,3
12971,1,249,4,0,1000,1,1,3
12972,1,250,4,0,1000,1,1,3
12973,1,251,4,0,1000,1,1,3
12974,1,252,4,0,1000,1,1,3
12975,1,253,4,0,1000,1,1,3
12976,1,254,4,0,1000,1,1,3
12977,1,255,4,0,1000,1,1,3
12978,1,256,4,0,1000,1,1,3
12979,1,257,4,0,1000,1,1,3
12980,1,258,4,0,1000,1,1,3
12981,1,259,4,0,1000,1,1,3
12982,1,266,4,0,1000,1,1,3
12983,1,267,4,0,1000,1,1,3
12984,1,268,4,0,1000,1,1,3
12985,1,269,4,0,1000,1,1,3
12986,1,270,4,0,1000,1,1,3
12987,1,271,4,0,1000,1,1,3
12988,1,272,4,0,1000,1,1,3
12989,1,273,4,0,1000,1,1,3
12990,1,274,4,0,1000,1,1,3
12991,1,275,4,0,1000,1,1,3
12992,1,276,4,0,1000,1,1,3
12993,1,277,4,0,1000,1,1,3
12994,1,278,4,0,1000,1,1,3
12995,1,279,4,0,1000,1,1,3
12996,1,280,4,0,1000,1,1,3
12997,1,281,4,0,1000,1,1,3
12998,1,282,4,0,1000,1,1,3
12999,1,283,4,0,1000,1,1,3
13000,1,284,4,0,1000,1,1,3
13001,1,285,4,0,1000,1,1,3
13002,1,286,4,0,1000,1,1,3
13003,1,287,4,0,1000,1,1,3
13004,1,288,4,0,1000,1,1,3
13005,1,289,4,0,1000,1,1,3
13006,1,290,4,0,1000,1,1,3
13007,1,291,4,0,1000,1,1,3
13008,1,292,4,0,1000,1,1,3
13009,1,293,4,0,1000,1,1,3
13010,1,294,4,0,1000,1,1,3
13011,1,295,4,0,1000,1,1,3
13012,1,296,4,0,1000,1,1,3
13013,1,297,4,0,1000,1,1,3
13014,1,298,4,0,1000,1,1,3
13015,1,299,4,0,1000,1,1,3
13016,1,300,4,0,1000,1,1,3
13017,1,301,4,0,1000,1,1,3
13018,1,302,4,0,1000,1,1,3
13019,1,303,4,0,1000,1,1,3
13020,1,304,4,0,1000,1,1,3
13021,1,305,4,0,1000,1,1,3
13022,1,306,4,0,1000,1,1,3
13023,1,307,4,0,1000,1,1,3
13024,1,308,4,0,1000,1,1,3
13025,1,309,4,0,1000,1,1,3
13026,1,310,4,0,1000,1,1,3
13027,1,311,4,0,1000,1,1,3
13028,1,312,4,0,1000,1,1,3
13029,1,313,4,0,1000,1,1,3
13030,1,314,4,0,1000,1,1,3
13031,1,315,4,0,1000,1,1,3
13032,1,316,4,0,1000,1,1,3
13033,1,317,4,0,1000,1,1,3
13034,1,318,4,0,1000,1,1,3
13035,1,319,4,0,1000,1,1,3
13036,1,320,4,0,1000,1,1,3
13037,1,321,4,0,1000,1,1,3
13038,1,322,4,0,1000,1,1,3
13039,1,323,4,0,1000,1,1,3
13040,1,324,4,0,1000,1,1,3
13041,1,325,4,0,1000,1,1,3
13042,1,326,4,0,1000,1,1,3
13043,1,327,4,0,1000,1,1,3
13044,1,328,4,0,1000,1,1,3
13045,1,329,4,0,1000,1,1,3
13046,1,330,4,0,1000,1,1,3
13047,1,331,4,0,1000,1,1,3
13048,1,332,4,0,1000,1,1,3
13049,1,333,4,0,1000,1,1,3
13050,1,334,4,0,1000,1,1,3
13051,1,335,4,0,1000,1,1,3
13052,1,336,4,0,1000,1,1,3
13053,1,337,4,0,1000,1,1,3
13054,1,338,4,0,1000,1,1,3
13055,1,339,4,0,1000,1,1,3
13056,1,340,4,0,1000,1,1,3
13057,1,341,4,0,1000,1,1,3
13058,1,344,4,0,1000,1,1,3
13059,1,345,4,0,1000,1,1,3
13060,1,354,4,0,1000,1,1,3
13061,1,355,4,0,1000,1,1,3
13062,1,356,4,0,1000,1,1,3
13063,1,357,4,0,1000,1,1,3
13064,1,358,4,0,1000,1,1,3
13065,1,363,4,0,1000,1,1,3
13066,1,370,4,0,1000,1,1,3
13067,1,371,4,0,1000,1,1,3
13068,1,372,4,0,1000,1,1,3
13069,1,373,4,0,1000,1,1,3
13070,1,374,4,0,1000,1,1,3
13071,1,375,4,0,1000,1,1,3
13072,1,376,4,0,1000,1,1,3
13073,1,377,4,0,1000,1,1,3
13074,1,378,4,0,1000,1,1,3
13075,1,379,4,0,1000,1,1,3
13076,1,380,4,0,1000,1,1,3
13077,1,381,4,0,1000,1,1,3
13078,1,382,4,0,1000,1,1,3
13079,1,383,4,0,1000,1,1,3
13080,1,388,4,0,1000,1,1,3
13081,1,389,4,0,1000,1,1,3
13082,1,391,4,0,1000,1,1,3
13083,1,392,4,0,1000,1,1,3
13084,1,394,4,0,1000,1,1,3
13085,1,397,4,0,1000,1,1,3
13086,1,400,4,0,1000,1,1,3
13087,1,410,4,0,1000,1,1,3
13088,1,411,4,0,1000,1,1,3
13089,1,412,4,0,1000,1,1,3
13090,1,413,4,0,1000,1,1,3
13091,1,414,4,0,1000,1,1,3
13092,1,415,4,0,1000,1,1,3
13093,1,416,4,0,1000,1,1,3
13094,1,417,4,0,1000,1,1,3
13095,1,418,4,0,1000,1,1,3
13096,1,419,4,0,1000,1,1,3
13097,1,420,4,0,1000,1,1,3
13098,1,421,4,0,1000,1,1,3
13099,1,422,4,0,1000,1,1,3
13100,1,423,4,0,1000,1,1,3
13101,1,424,4,0,1000,1,1,3
13102,1,425,4,0,1000,1,1,3
13103,1,426,4,0,1000,1,1,3
13104,1,427,4,0,1000,1,1,3
13105,1,428,4,0,1000,1,1,3
13106,1,429,4,0,1000,1,1,3
13107,1,430,4,0,1000,1,1,3
13108,1,431,4,0,1000,1,1,3
13109,1,432,4,0,1000,1,1,3
13110,1,433,4,0,1000,1,1,3
13111,1,438,4,0,1000,1,1,3
13112,1,439,4,0,1000,1,1,3
13113,1,440,4,0,1000,1,1,3
13114,1,441,4,0,1000,1,1,3
13115,1,442,4,0,1000,1,1,3
13116,1,443,4,0,1000,1,1,3
13117,1,444,4,0,1000,1,1,3
13118,1,445,4,0,1000,1,1,3
13119,1,446,4,0,1000,1,1,3
13120,1,447,4,0,1000,1,1,3
13121,1,448,4,0,1000,1,1,3
13122,1,449,4,0,1000,1,1,3
13123,1,450,4,0,1000,1,1,3
13124,1,451,4,0,1000,1,1,3
13125,1,452,4,0,1000,1,1,3
13126,1,453,4,0,1000,1,1,3
13127,1,454,4,0,1000,1,1,3
13128,1,455,4,0,1000,1,1,3
13129,1,456,4,0,1000,1,1,3
13130,1,457,4,0,1000,1,1,3
13131,1,458,4,0,1000,1,1,3
13132,1,459,4,0,1000,1,1,3
13133,1,460,4,0,1000,1,1,3
13134,1,461,4,0,1000,1,1,3
13135,1,462,4,0,1000,1,1,3
13136,1,463,4,0,1000,1,1,3
13137,1,464,4,0,1000,1,1,3
13138,1,465,4,0,1000,1,1,3
13139,1,466,4,0,1000,1,1,3
13140,1,467,4,0,1000,1,1,3
13141,1,468,4,0,1000,1,1,3
13142,1,469,4,0,1000,1,1,3
13143,1,470,4,0,1000,1,1,3
13144,1,471,4,0,1000,1,1,3
13145,1,472,4,0,1000,1,1,3
13146,1,473,4,0,1000,1,1,3
13147,1,474,4,0,1000,1,1,3
13148,1,475,4,0,1000,1,1,3
13149,1,476,4,0,1000,1,1,3
13150,1,477,4,0,1000,1,1,3
13151,1,478,4,0,1000,1,1,3
13152,1,479,4,0,1000,1,1,3
13153,1,480,4,0,1000,1,1,3
13154,1,481,4,0,1000,1,1,3
13155,1,482,4,0,1000,1,1,3
13156,1,483,4,0,1000,1,1,3
13157,1,484,4,0,1000,1,1,3
13158,1,485,4,0,1000,1,1,3
13159,1,486,4,0,1000,1,1,3
13160,1,487,4,0,1000,1,1,3
13161,1,488,4,0,1000,1,1,3
13162,1,489,4,0,1000,1,1,3
13163,1,490,4,0,1000,1,1,3
13164,1,491,4,0,1000,1,1,3
13165,1,492,4,0,1000,1,1,3
13166,1,493,4,0,1000,1,1,3
13167,1,494,4,0,1000,1,1,3
13168,1,495,4,0,1000,1,1,3
13169,1,496,4,0,1000,1,1,3
13170,1,497,4,0,1000,1,1,3
13171,1,498,4,0,1000,1,1,3
13172,1,499,4,0,1000,1,1,3
13173,1,500,4,0,1000,1,1,3
13174,1,501,4,0,1000,1,1,3
13175,1,502,4,0,1000,1,1,3
13176,1,503,4,0,1000,1,1,3
13177,1,506,4,0,1000,1,1,3
13178,1,507,4,0,1000,1,1,3
13179,1,508,4,0,1000,1,1,3
13180,1,509,4,0,1000,1,1,3
13181,1,510,4,0,1000,1,1,3
13182,1,511,4,0,1000,1,1,3
13183,1,512,4,0,1000,1,1,3
13184,1,513,4,0,1000,1,1,3
13185,1,514,4,0,1000,1,1,3
13186,1,515,4,0,1000,1,1,3
13187,1,516,4,0,1000,1,1,3
13188,1,517,4,0,1000,1,1,3
13189,1,518,4,0,1000,1,1,3
13190,1,519,4,0,1000,1,1,3
13191,1,520,4,0,1000,1,1,3
13192,1,521,4,0,1000,1,1,3
13193,1,522,4,0,1000,1,1,3
13194,1,523,4,0,1000,1,1,3
13195,1,524,4,0,1000,1,1,3
13196,1,525,4,0,1000,1,1,3
13197,1,526,4,0,1000,1,1,3
13198,1,527,4,0,1000,1,1,3
13199,1,528,4,0,1000,1,1,3
13200,1,529,4,0,1000,1,1,3
13201,1,530,4,0,1000,1,1,3
13202,1,531,4,0,1000,1,1,3
13203,1,532,4,0,1000,1,1,3
13204,1,533,4,0,1000,1,1,3
13205,1,534,4,0,1000,1,1,3
13206,1,5001,4,0,1000,1,1,3
13207,1,5002,4,0,1000,1,1,3
13208,1,5003,4,0,1000,1,1,3
13209,1,535,4,0,1000,1,1,3
13210,1,536,4,0,1000,1,1,3
13211,1,537,4,0,1000,1,1,3
13212,1,538,4,0,1000,1,1,3
13213,1,539,4,0,1000,1,1,3
13214,1,540,4,0,1000,1,1,3
13215,1,541,4,0,1000,1,1,3
13216,1,542,4,0,1000,1,1,3
13217,1,543,4,0,1000,1,1,3
13218,1,544,4,0,1000,1,1,3
13219,1,545,4,0,1000,1,1,3
13220,1,546,4,0,1000,1,1,3
13221,1,1,4,0,1000,1,1,4
13222,1,2,4,0,1000,1,1,4
13223,1,3,4,0,1000,1,1,4
13224,1,4,4,0,1000,1,1,4
13225,1,5,4,0,1000,1,1,4
13226,1,6,4,0,1000,1,1,4
13227,1,7,4,0,1000,1,1,4
13228,1,8,4,0,1000,1,1,4
13229,1,9,4,0,1000,1,1,4
13230,1,10,4,0,1000,1,1,4
13231,1,11,4,0,1000,1,1,4
13232,1,12,4,0,1000,1,1,4
13233,1,13,4,0,1000,1,1,4
13234,1,14,4,0,1000,1,1,4
13235,1,15,4,0,1000,1,1,4
13236,1,16,4,0,1000,1,1,4
13237,1,17,4,0,1000,1,1,4
13238,1,18,4,0,1000,1,1,4
13239,1,19,4,0,1000,1,1,4
13240,1,20,4,0,1000,1,1,4
13241,1,21,4,0,1000,1,1,4
13242,1,22,4,0,1000,1,1,4
13243,1,23,4,0,1000,1,1,4
13244,1,24,4,0,1000,1,1,4
13245,1,25,4,0,1000,1,1,4
13246,1,26,4,0,1000,1,1,4
13247,1,27,4,0,1000,1,1,4
13248,1,28,4,0,1000,1,1,4
13249,1,29,4,0,1000,1,1,4
13250,1,30,4,0,1000,1,1,4
13251,1,31,4,0,1000,1,1,4
13252,1,32,4,0,1000,1,1,4
13253,1,33,4,0,1000,1,1,4
13254,1,34,4,0,1000,1,1,4
13255,1,35,4,0,1000,1,1,4
13256,1,36,4,0,1000,1,1,4
13257,1,37,4,0,1000,1,1,4
13258,1,38,4,0,1000,1,1,4
13259,1,39,4,0,1000,1,1,4
13260,1,40,4,0,1000,1,1,4
13261,1,41,4,0,1000,1,1,4
13262,1,42,4,0,1000,1,1,4
13263,1,43,4,0,1000,1,1,4
13264,1,44,4,0,1000,1,1,4
13265,1,45,4,0,1000,1,1,4
13266,1,46,4,0,1000,1,1,4
13267,1,47,4,0,1000,1,1,4
13268,1,48,4,0,1000,1,1,4
13269,1,49,4,0,1000,1,1,4
13270,1,50,4,0,1000,1,1,4
13271,1,51,4,0,1000,1,1,4
13272,1,52,4,0,1000,1,1,4
13273,1,53,4,0,1000,1,1,4
13274,1,54,4,0,1000,1,1,4
13275,1,55,4,0,1000,1,1,4
13276,1,56,4,0,1000,1,1,4
13277,1,57,4,0,1000,1,1,4
13278,1,58,4,0,1000,1,1,4
13279,1,59,4,0,1000,1,1,4
13280,1,60,4,0,1000,1,1,4
13281,1,61,4,0,1000,1,1,4
13282,1,62,4,0,1000,1,1,4
13283,1,63,4,0,1000,1,1,4
13284,1,64,4,0,1000,1,1,4
13285,1,65,4,0,1000,1,1,4
13286,1,100,4,0,1000,1,1,4
13287,1,101,4,0,1000,1,1,4
13288,1,102,4,0,1000,1,1,4
13289,1,103,4,0,1000,1,1,4
13290,1,104,4,0,1000,1,1,4
13291,1,107,4,0,1000,1,1,4
13292,1,108,4,0,1000,1,1,4
13293,1,200,4,0,1000,1,1,4
13294,1,201,4,0,1000,1,1,4
13295,1,202,4,0,1000,1,1,4
13296,1,203,4,0,1000,1,1,4
13297,1,204,4,0,1000,1,1,4
13298,1,205,4,0,1000,1,1,4
13299,1,206,4,0,1000,1,1,4
13300,1,207,4,0,1000,1,1,4
13301,1,208,4,0,1000,1,1,4
13302,1,209,4,0,1000,1,1,4
13303,1,210,4,0,1000,1,1,4
13304,1,214,4,0,1000,1,1,4
13305,1,215,4,0,1000,1,1,4
13306,1,218,4,0,1000,1,1,4
13307,1,219,4,0,1000,1,1,4
13308,1,221,4,0,1000,1,1,4
13309,1,222,4,0,1000,1,1,4
13310,1,223,4,0,1000,1,1,4
13311,1,224,4,0,1000,1,1,4
13312,1,225,4,0,1000,1,1,4
13313,1,226,4,0,1000,1,1,4
13314,1,227,4,0,1000,1,1,4
13315,1,228,4,0,1000,1,1,4
13316,1,229,4,0,1000,1,1,4
13317,1,230,4,0,1000,1,1,4
13318,1,231,4,0,1000,1,1,4
13319,1,232,4,0,1000,1,1,4
13320,1,233,4,0,1000,1,1,4
13321,1,234,4,0,1000,1,1,4
13322,1,235,4,0,1000,1,1,4
13323,1,238,4,0,1000,1,1,4
13324,1,239,4,0,1000,1,1,4
13325,1,240,4,0,1000,1,1,4
13326,1,241,4,0,1000,1,1,4
13327,1,242,4,0,1000,1,1,4
13328,1,243,4,0,1000,1,1,4
13329,1,244,4,0,1000,1,1,4
13330,1,245,4,0,1000,1,1,4
13331,1,246,4,0,1000,1,1,4
13332,1,247,4,0,1000,1,1,4
13333,1,248,4,0,1000,1,1,4
13334,1,249,4,0,1000,1,1,4
13335,1,250,4,0,1000,1,1,4
13336,1,251,4,0,1000,1,1,4
13337,1,252,4,0,1000,1,1,4
13338,1,253,4,0,1000,1,1,4
13339,1,254,4,0,1000,1,1,4
13340,1,255,4,0,1000,1,1,4
13341,1,256,4,0,1000,1,1,4
13342,1,257,4,0,1000,1,1,4
13343,1,258,4,0,1000,1,1,4
13344,1,259,4,0,1000,1,1,4
13345,1,266,4,0,1000,1,1,4
13346,1,267,4,0,1000,1,1,4
13347,1,268,4,0,1000,1,1,4
13348,1,269,4,0,1000,1,1,4
13349,1,270,4,0,1000,1,1,4
13350,1,271,4,0,1000,1,1,4
13351,1,272,4,0,1000,1,1,4
13352,1,273,4,0,1000,1,1,4
13353,1,274,4,0,1000,1,1,4
13354,1,275,4,0,1000,1,1,4
13355,1,276,4,0,1000,1,1,4
13356,1,277,4,0,1000,1,1,4
13357,1,278,4,0,1000,1,1,4
13358,1,279,4,0,1000,1,1,4
13359,1,280,4,0,1000,1,1,4
13360,1,281,4,0,1000,1,1,4
13361,1,282,4,0,1000,1,1,4
13362,1,283,4,0,1000,1,1,4
13363,1,284,4,0,1000,1,1,4
13364,1,285,4,0,1000,1,1,4
13365,1,286,4,0,1000,1,1,4
13366,1,287,4,0,1000,1,1,4
13367,1,288,4,0,1000,1,1,4
13368,1,289,4,0,1000,1,1,4
13369,1,290,4,0,1000,1,1,4
13370,1,291,4,0,1000,1,1,4
13371,1,292,4,0,1000,1,1,4
13372,1,293,4,0,1000,1,1,4
13373,1,294,4,0,1000,1,1,4
13374,1,295,4,0,1000,1,1,4
13375,1,296,4,0,1000,1,1,4
13376,1,297,4,0,1000,1,1,4
13377,1,298,4,0,1000,1,1,4
13378,1,299,4,0,1000,1,1,4
13379,1,300,4,0,1000,1,1,4
13380,1,301,4,0,1000,1,1,4
13381,1,302,4,0,1000,1,1,4
13382,1,303,4,0,1000,1,1,4
13383,1,304,4,0,1000,1,1,4
13384,1,305,4,0,1000,1,1,4
13385,1,306,4,0,1000,1,1,4
13386,1,307,4,0,1000,1,1,4
13387,1,308,4,0,1000,1,1,4
13388,1,309,4,0,1000,1,1,4
13389,1,310,4,0,1000,1,1,4
13390,1,311,4,0,1000,1,1,4
13391,1,312,4,0,1000,1,1,4
13392,1,313,4,0,1000,1,1,4
13393,1,314,4,0,1000,1,1,4
13394,1,315,4,0,1000,1,1,4
13395,1,316,4,0,1000,1,1,4
13396,1,317,4,0,1000,1,1,4
13397,1,318,4,0,1000,1,1,4
13398,1,319,4,0,1000,1,1,4
13399,1,320,4,0,1000,1,1,4
13400,1,321,4,0,1000,1,1,4
13401,1,322,4,0,1000,1,1,4
13402,1,323,4,0,1000,1,1,4
13403,1,324,4,0,1000,1,1,4
13404,1,325,4,0,1000,1,1,4
13405,1,326,4,0,1000,1,1,4
13406,1,327,4,0,1000,1,1,4
13407,1,328,4,0,1000,1,1,4
13408,1,329,4,0,1000,1,1,4
13409,1,330,4,0,1000,1,1,4
13410,1,331,4,0,1000,1,1,4
13411,1,332,4,0,1000,1,1,4
13412,1,333,4,0,1000,1,1,4
13413,1,334,4,0,1000,1,1,4
13414,1,335,4,0,1000,1,1,4
13415,1,336,4,0,1000,1,1,4
13416,1,337,4,0,1000,1,1,4
13417,1,338,4,0,1000,1,1,4
13418,1,339,4,0,1000,1,1,4
13419,1,340,4,0,1000,1,1,4
13420,1,341,4,0,1000,1,1,4
13421,1,344,4,0,1000,1,1,4
13422,1,345,4,0,1000,1,1,4
13423,1,354,4,0,1000,1,1,4
13424,1,355,4,0,1000,1,1,4
13425,1,356,4,0,1000,1,1,4
13426,1,357,4,0,1000,1,1,4
13427,1,358,4,0,1000,1,1,4
13428,1,363,4,0,1000,1,1,4
13429,1,370,4,0,1000,1,1,4
13430,1,371,4,0,1000,1,1,4
13431,1,372,4,0,1000,1,1,4
13432,1,373,4,0,1000,1,1,4
13433,1,374,4,0,1000,1,1,4
13434,1,375,4,0,1000,1,1,4
13435,1,376,4,0,1000,1,1,4
13436,1,377,4,0,1000,1,1,4
13437,1,378,4,0,1000,1,1,4
13438,1,379,4,0,1000,1,1,4
13439,1,380,4,0,1000,1,1,4
13440,1,381,4,0,1000,1,1,4
13441,1,382,4,0,1000,1,1,4
13442,1,383,4,0,1000,1,1,4
13443,1,388,4,0,1000,1,1,4
13444,1,389,4,0,1000,1,1,4
13445,1,391,4,0,1000,1,1,4
13446,1,392,4,0,1000,1,1,4
13447,1,394,4,0,1000,1,1,4
13448,1,397,4,0,1000,1,1,4
13449,1,400,4,0,1000,1,1,4
13450,1,410,4,0,1000,1,1,4
13451,1,411,4,0,1000,1,1,4
13452,1,412,4,0,1000,1,1,4
13453,1,413,4,0,1000,1,1,4
13454,1,414,4,0,1000,1,1,4
13455,1,415,4,0,1000,1,1,4
13456,1,416,4,0,1000,1,1,4
13457,1,417,4,0,1000,1,1,4
13458,1,418,4,0,1000,1,1,4
13459,1,419,4,0,1000,1,1,4
13460,1,420,4,0,1000,1,1,4
13461,1,421,4,0,1000,1,1,4
13462,1,422,4,0,1000,1,1,4
13463,1,423,4,0,1000,1,1,4
13464,1,424,4,0,1000,1,1,4
13465,1,425,4,0,1000,1,1,4
13466,1,426,4,0,1000,1,1,4
13467,1,427,4,0,1000,1,1,4
13468,1,428,4,0,1000,1,1,4
13469,1,429,4,0,1000,1,1,4
13470,1,430,4,0,1000,1,1,4
13471,1,431,4,0,1000,1,1,4
13472,1,432,4,0,1000,1,1,4
13473,1,433,4,0,1000,1,1,4
13474,1,438,4,0,1000,1,1,4
13475,1,439,4,0,1000,1,1,4
13476,1,440,4,0,1000,1,1,4
13477,1,441,4,0,1000,1,1,4
13478,1,442,4,0,1000,1,1,4
13479,1,443,4,0,1000,1,1,4
13480,1,444,4,0,1000,1,1,4
13481,1,445,4,0,1000,1,1,4
13482,1,446,4,0,1000,1,1,4
13483,1,447,4,0,1000,1,1,4
13484,1,448,4,0,1000,1,1,4
13485,1,449,4,0,1000,1,1,4
13486,1,450,4,0,1000,1,1,4
13487,1,451,4,0,1000,1,1,4
13488,1,452,4,0,1000,1,1,4
13489,1,453,4,0,1000,1,1,4
13490,1,454,4,0,1000,1,1,4
13491,1,455,4,0,1000,1,1,4
13492,1,456,4,0,1000,1,1,4
13493,1,457,4,0,1000,1,1,4
13494,1,458,4,0,1000,1,1,4
13495,1,459,4,0,1000,1,1,4
13496,1,460,4,0,1000,1,1,4
13497,1,461,4,0,1000,1,1,4
13498,1,462,4,0,1000,1,1,4
13499,1,463,4,0,1000,1,1,4
13500,1,464,4,0,1000,1,1,4
13501,1,465,4,0,1000,1,1,4
13502,1,466,4,0,1000,1,1,4
13503,1,467,4,0,1000,1,1,4
13504,1,468,4,0,1000,1,1,4
13505,1,469,4,0,1000,1,1,4
13506,1,470,4,0,1000,1,1,4
13507,1,471,4,0,1000,1,1,4
13508,1,472,4,0,1000,1,1,4
13509,1,473,4,0,1000,1,1,4
13510,1,474,4,0,1000,1,1,4
13511,1,475,4,0,1000,1,1,4
13512,1,476,4,0,1000,1,1,4
13513,1,477,4,0,1000,1,1,4
13514,1,478,4,0,1000,1,1,4
13515,1,479,4,0,1000,1,1,4
13516,1,480,4,0,1000,1,1,4
13517,1,481,4,0,1000,1,1,4
13518,1,482,4,0,1000,1,1,4
13519,1,483,4,0,1000,1,1,4
13520,1,484,4,0,1000,1,1,4
13521,1,485,4,0,1000,1,1,4
13522,1,486,4,0,1000,1,1,4
13523,1,487,4,0,1000,1,1,4
13524,1,488,4,0,1000,1,1,4
13525,1,489,4,0,1000,1,1,4
13526,1,490,4,0,1000,1,1,4
13527,1,491,4,0,1000,1,1,4
13528,1,492,4,0,1000,1,1,4
13529,1,493,4,0,1000,1,1,4
13530,1,494,4,0,1000,1,1,4
13531,1,495,4,0,1000,1,1,4
13532,1,496,4,0,1000,1,1,4
13533,1,497,4,0,1000,1,1,4
13534,1,498,4,0,1000,1,1,4
13535,1,499,4,0,1000,1,1,4
13536,1,500,4,0,1000,1,1,4
13537,1,501,4,0,1000,1,1,4
13538,1,502,4,0,1000,1,1,4
13539,1,503,4,0,1000,1,1,4
13540,1,506,4,0,1000,1,1,4
13541,1,507,4,0,1000,1,1,4
13542,1,508,4,0,1000,1,1,4
13543,1,509,4,0,1000,1,1,4
13544,1,510,4,0,1000,1,1,4
13545,1,511,4,0,1000,1,1,4
13546,1,512,4,0,1000,1,1,4
13547,1,513,4,0,1000,1,1,4
13548,1,514,4,0,1000,1,1,4
13549,1,515,4,0,1000,1,1,4
13550,1,516,4,0,1000,1,1,4
13551,1,517,4,0,1000,1,1,4
13552,1,518,4,0,1000,1,1,4
13553,1,519,4,0,1000,1,1,4
13554,1,520,4,0,1000,1,1,4
13555,1,521,4,0,1000,1,1,4
13556,1,522,4,0,1000,1,1,4
13557,1,523,4,0,1000,1,1,4
13558,1,524,4,0,1000,1,1,4
13559,1,525,4,0,1000,1,1,4
13560,1,526,4,0,1000,1,1,4
13561,1,527,4,0,1000,1,1,4
13562,1,528,4,0,1000,1,1,4
13563,1,529,4,0,1000,1,1,4
13564,1,530,4,0,1000,1,1,4
13565,1,531,4,0,1000,1,1,4
13566,1,532,4,0,1000,1,1,4
13567,1,533,4,0,1000,1,1,4
13568,1,534,4,0,1000,1,1,4
13569,1,5001,4,0,1000,1,1,4
13570,1,5002,4,0,1000,1,1,4
13571,1,5003,4,0,1000,1,1,4
13572,1,535,4,0,1000,1,1,4
13573,1,536,4,0,1000,1,1,4
13574,1,537,4,0,1000,1,1,4
13575,1,538,4,0,1000,1,1,4
13576,1,539,4,0,1000,1,1,4
13577,1,540,4,0,1000,1,1,4
13578,1,541,4,0,1000,1,1,4
13579,1,542,4,0,1000,1,1,4
13580,1,543,4,0,1000,1,1,4
13581,1,544,4,0,1000,1,1,4
13582,1,545,4,0,1000,1,1,4
13583,1,546,4,0,1000,1,1,4
13584,1,1,4,0,1000,1,1,5
13585,1,2,4,0,1000,1,1,5
13586,1,3,4,0,1000,1,1,5
13587,1,4,4,0,1000,1,1,5
13588,1,5,4,0,1000,1,1,5
13589,1,6,4,0,1000,1,1,5
13590,1,7,4,0,1000,1,1,5
13591,1,8,4,0,1000,1,1,5
13592,1,9,4,0,1000,1,1,5
13593,1,10,4,0,1000,1,1,5
13594,1,11,4,0,1000,1,1,5
13595,1,12,4,0,1000,1,1,5
13596,1,13,4,0,1000,1,1,5
13597,1,14,4,0,1000,1,1,5
13598,1,15,4,0,1000,1,1,5
13599,1,16,4,0,1000,1,1,5
13600,1,17,4,0,1000,1,1,5
13601,1,18,4,0,1000,1,1,5
13602,1,19,4,0,1000,1,1,5
13603,1,20,4,0,1000,1,1,5
13604,1,21,4,0,1000,1,1,5
13605,1,22,4,0,1000,1,1,5
13606,1,23,4,0,1000,1,1,5
13607,1,24,4,0,1000,1,1,5
13608,1,25,4,0,1000,1,1,5
13609,1,26,4,0,1000,1,1,5
13610,1,27,4,0,1000,1,1,5
13611,1,28,4,0,1000,1,1,5
13612,1,29,4,0,1000,1,1,5
13613,1,30,4,0,1000,1,1,5
13614,1,31,4,0,1000,1,1,5
13615,1,32,4,0,1000,1,1,5
13616,1,33,4,0,1000,1,1,5
13617,1,34,4,0,1000,1,1,5
13618,1,35,4,0,1000,1,1,5
13619,1,36,4,0,1000,1,1,5
13620,1,37,4,0,1000,1,1,5
13621,1,38,4,0,1000,1,1,5
13622,1,39,4,0,1000,1,1,5
13623,1,40,4,0,1000,1,1,5
13624,1,41,4,0,1000,1,1,5
13625,1,42,4,0,1000,1,1,5
13626,1,43,4,0,1000,1,1,5
13627,1,44,4,0,1000,1,1,5
13628,1,45,4,0,1000,1,1,5
13629,1,46,4,0,1000,1,1,5
13630,1,47,4,0,1000,1,1,5
13631,1,48,4,0,1000,1,1,5
13632,1,49,4,0,1000,1,1,5
13633,1,50,4,0,1000,1,1,5
13634,1,51,4,0,1000,1,1,5
13635,1,52,4,0,1000,1,1,5
13636,1,53,4,0,1000,1,1,5
13637,1,54,4,0,1000,1,1,5
13638,1,55,4,0,1000,1,1,5
13639,1,56,4,0,1000,1,1,5
13640,1,57,4,0,1000,1,1,5
13641,1,58,4,0,1000,1,1,5
13642,1,59,4,0,1000,1,1,5
13643,1,60,4,0,1000,1,1,5
13644,1,61,4,0,1000,1,1,5
13645,1,62,4,0,1000,1,1,5
13646,1,63,4,0,1000,1,1,5
13647,1,64,4,0,1000,1,1,5
13648,1,65,4,0,1000,1,1,5
13649,1,100,4,0,1000,1,1,5
13650,1,101,4,0,1000,1,1,5
13651,1,102,4,0,1000,1,1,5
13652,1,103,4,0,1000,1,1,5
13653,1,104,4,0,1000,1,1,5
13654,1,107,4,0,1000,1,1,5
13655,1,108,4,0,1000,1,1,5
13656,1,200,4,0,1000,1,1,5
13657,1,201,4,0,1000,1,1,5
13658,1,202,4,0,1000,1,1,5
13659,1,203,4,0,1000,1,1,5
13660,1,204,4,0,1000,1,1,5
13661,1,205,4,0,1000,1,1,5
13662,1,206,4,0,1000,1,1,5
13663,1,207,4,0,1000,1,1,5
13664,1,208,4,0,1000,1,1,5
13665,1,209,4,0,1000,1,1,5
13666,1,210,4,0,1000,1,1,5
13667,1,214,4,0,1000,1,1,5
13668,1,215,4,0,1000,1,1,5
13669,1,218,4,0,1000,1,1,5
13670,1,219,4,0,1000,1,1,5
13671,1,221,4,0,1000,1,1,5
13672,1,222,4,0,1000,1,1,5
13673,1,223,4,0,1000,1,1,5
13674,1,224,4,0,1000,1,1,5
13675,1,225,4,0,1000,1,1,5
13676,1,226,4,0,1000,1,1,5
13677,1,227,4,0,1000,1,1,5
13678,1,228,4,0,1000,1,1,5
13679,1,229,4,0,1000,1,1,5
13680,1,230,4,0,1000,1,1,5
13681,1,231,4,0,1000,1,1,5
13682,1,232,4,0,1000,1,1,5
13683,1,233,4,0,1000,1,1,5
13684,1,234,4,0,1000,1,1,5
13685,1,235,4,0,1000,1,1,5
13686,1,238,4,0,1000,1,1,5
13687,1,239,4,0,1000,1,1,5
13688,1,240,4,0,1000,1,1,5
13689,1,241,4,0,1000,1,1,5
13690,1,242,4,0,1000,1,1,5
13691,1,243,4,0,1000,1,1,5
13692,1,244,4,0,1000,1,1,5
13693,1,245,4,0,1000,1,1,5
13694,1,246,4,0,1000,1,1,5
13695,1,247,4,0,1000,1,1,5
13696,1,248,4,0,1000,1,1,5
13697,1,249,4,0,1000,1,1,5
13698,1,250,4,0,1000,1,1,5
13699,1,251,4,0,1000,1,1,5
13700,1,252,4,0,1000,1,1,5
13701,1,253,4,0,1000,1,1,5
13702,1,254,4,0,1000,1,1,5
13703,1,255,4,0,1000,1,1,5
13704,1,256,4,0,1000,1,1,5
13705,1,257,4,0,1000,1,1,5
13706,1,258,4,0,1000,1,1,5
13707,1,259,4,0,1000,1,1,5
13708,1,266,4,0,1000,1,1,5
13709,1,267,4,0,1000,1,1,5
13710,1,268,4,0,1000,1,1,5
13711,1,269,4,0,1000,1,1,5
13712,1,270,4,0,1000,1,1,5
13713,1,271,4,0,1000,1,1,5
13714,1,272,4,0,1000,1,1,5
13715,1,273,4,0,1000,1,1,5
13716,1,274,4,0,1000,1,1,5
13717,1,275,4,0,1000,1,1,5
13718,1,276,4,0,1000,1,1,5
13719,1,277,4,0,1000,1,1,5
13720,1,278,4,0,1000,1,1,5
13721,1,279,4,0,1000,1,1,5
13722,1,280,4,0,1000,1,1,5
13723,1,281,4,0,1000,1,1,5
13724,1,282,4,0,1000,1,1,5
13725,1,283,4,0,1000,1,1,5
13726,1,284,4,0,1000,1,1,5
13727,1,285,4,0,1000,1,1,5
13728,1,286,4,0,1000,1,1,5
13729,1,287,4,0,1000,1,1,5
13730,1,288,4,0,1000,1,1,5
13731,1,289,4,0,1000,1,1,5
13732,1,290,4,0,1000,1,1,5
13733,1,291,4,0,1000,1,1,5
13734,1,292,4,0,1000,1,1,5
13735,1,293,4,0,1000,1,1,5
13736,1,294,4,0,1000,1,1,5
13737,1,295,4,0,1000,1,1,5
13738,1,296,4,0,1000,1,1,5
13739,1,297,4,0,1000,1,1,5
13740,1,298,4,0,1000,1,1,5
13741,1,299,4,0,1000,1,1,5
13742,1,300,4,0,1000,1,1,5
13743,1,301,4,0,1000,1,1,5
13744,1,302,4,0,1000,1,1,5
13745,1,303,4,0,1000,1,1,5
13746,1,304,4,0,1000,1,1,5
13747,1,305,4,0,1000,1,1,5
13748,1,306,4,0,1000,1,1,5
13749,1,307,4,0,1000,1,1,5
13750,1,308,4,0,1000,1,1,5
13751,1,309,4,0,1000,1,1,5
13752,1,310,4,0,1000,1,1,5
13753,1,311,4,0,1000,1,1,5
13754,1,312,4,0,1000,1,1,5
13755,1,313,4,0,1000,1,1,5
13756,1,314,4,0,1000,1,1,5
13757,1,315,4,0,1000,1,1,5
13758,1,316,4,0,1000,1,1,5
13759,1,317,4,0,1000,1,1,5
13760,1,318,4,0,1000,1,1,5
13761,1,319,4,0,1000,1,1,5
13762,1,320,4,0,1000,1,1,5
13763,1,321,4,0,1000,1,1,5
13764,1,322,4,0,1000,1,1,5
13765,1,323,4,0,1000,1,1,5
13766,1,324,4,0,1000,1,1,5
13767,1,325,4,0,1000,1,1,5
13768,1,326,4,0,1000,1,1,5
13769,1,327,4,0,1000,1,1,5
13770,1,328,4,0,1000,1,1,5
13771,1,329,4,0,1000,1,1,5
13772,1,330,4,0,1000,1,1,5
13773,1,331,4,0,1000,1,1,5
13774,1,332,4,0,1000,1,1,5
13775,1,333,4,0,1000,1,1,5
13776,1,334,4,0,1000,1,1,5
13777,1,335,4,0,1000,1,1,5
13778,1,336,4,0,1000,1,1,5
13779,1,337,4,0,1000,1,1,5
13780,1,338,4,0,1000,1,1,5
13781,1,339,4,0,1000,1,1,5
13782,1,340,4,0,1000,1,1,5
13783,1,341,4,0,1000,1,1,5
13784,1,344,4,0,1000,1,1,5
13785,1,345,4,0,1000,1,1,5
13786,1,354,4,0,1000,1,1,5
13787,1,355,4,0,1000,1,1,5
13788,1,356,4,0,1000,1,1,5
13789,1,357,4,0,1000,1,1,5
13790,1,358,4,0,1000,1,1,5
13791,1,363,4,0,1000,1,1,5
13792,1,370,4,0,1000,1,1,5
13793,1,371,4,0,1000,1,1,5
13794,1,372,4,0,1000,1,1,5
13795,1,373,4,0,1000,1,1,5
13796,1,374,4,0,1000,1,1,5
13797,1,375,4,0,1000,1,1,5
13798,1,376,4,0,1000,1,1,5
13799,1,377,4,0,1000,1,1,5
13800,1,378,4,0,1000,1,1,5
13801,1,379,4,0,1000,1,1,5
13802,1,380,4,0,1000,1,1,5
13803,1,381,4,0,1000,1,1,5
13804,1,382,4,0,1000,1,1,5
13805,1,383,4,0,1000,1,1,5
13806,1,388,4,0,1000,1,1,5
13807,1,389,4,0,1000,1,1,5
13808,1,391,4,0,1000,1,1,5
13809,1,392,4,0,1000,1,1,5
13810,1,394,4,0,1000,1,1,5
13811,1,397,4,0,1000,1,1,5
13812,1,400,4,0,1000,1,1,5
13813,1,410,4,0,1000,1,1,5
13814,1,411,4,0,1000,1,1,5
13815,1,412,4,0,1000,1,1,5
13816,1,413,4,0,1000,1,1,5
13817,1,414,4,0,1000,1,1,5
13818,1,415,4,0,1000,1,1,5
13819,1,416,4,0,1000,1,1,5
13820,1,417,4,0,1000,1,1,5
13821,1,418,4,0,1000,1,1,5
13822,1,419,4,0,1000,1,1,5
13823,1,420,4,0,1000,1,1,5
13824,1,421,4,0,1000,1,1,5
13825,1,422,4,0,1000,1,1,5
13826,1,423,4,0,1000,1,1,5
13827,1,424,4,0,1000,1,1,5
13828,1,425,4,0,1000,1,1,5
13829,1,426,4,0,1000,1,1,5
13830,1,427,4,0,1000,1,1,5
13831,1,428,4,0,1000,1,1,5
13832,1,429,4,0,1000,1,1,5
13833,1,430,4,0,1000,1,1,5
13834,1,431,4,0,1000,1,1,5
13835,1,432,4,0,1000,1,1,5
13836,1,433,4,0,1000,1,1,5
13837,1,438,4,0,1000,1,1,5
13838,1,439,4,0,1000,1,1,5
13839,1,440,4,0,1000,1,1,5
13840,1,441,4,0,1000,1,1,5
13841,1,442,4,0,1000,1,1,5
13842,1,443,4,0,1000,1,1,5
13843,1,444,4,0,1000,1,1,5
13844,1,445,4,0,1000,1,1,5
13845,1,446,4,0,1000,1,1,5
13846,1,447,4,0,1000,1,1,5
13847,1,448,4,0,1000,1,1,5
13848,1,449,4,0,1000,1,1,5
13849,1,450,4,0,1000,1,1,5
13850,1,451,4,0,1000,1,1,5
13851,1,452,4,0,1000,1,1,5
13852,1,453,4,0,1000,1,1,5
13853,1,454,4,0,1000,1,1,5
13854,1,455,4,0,1000,1,1,5
13855,1,456,4,0,1000,1,1,5
13856,1,457,4,0,1000,1,1,5
13857,1,458,4,0,1000,1,1,5
13858,1,459,4,0,1000,1,1,5
13859,1,460,4,0,1000,1,1,5
13860,1,461,4,0,1000,1,1,5
13861,1,462,4,0,1000,1,1,5
13862,1,463,4,0,1000,1,1,5
13863,1,464,4,0,1000,1,1,5
13864,1,465,4,0,1000,1,1,5
13865,1,466,4,0,1000,1,1,5
13866,1,467,4,0,1000,1,1,5
13867,1,468,4,0,1000,1,1,5
13868,1,469,4,0,1000,1,1,5
13869,1,470,4,0,1000,1,1,5
13870,1,471,4,0,1000,1,1,5
13871,1,472,4,0,1000,1,1,5
13872,1,473,4,0,1000,1,1,5
13873,1,474,4,0,1000,1,1,5
13874,1,475,4,0,1000,1,1,5
13875,1,476,4,0,1000,1,1,5
13876,1,477,4,0,1000,1,1,5
13877,1,478,4,0,1000,1,1,5
13878,1,479,4,0,1000,1,1,5
13879,1,480,4,0,1000,1,1,5
13880,1,481,4,0,1000,1,1,5
13881,1,482,4,0,1000,1,1,5
13882,1,483,4,0,1000,1,1,5
13883,1,484,4,0,1000,1,1,5
13884,1,485,4,0,1000,1,1,5
13885,1,486,4,0,1000,1,1,5
13886,1,487,4,0,1000,1,1,5
13887,1,488,4,0,1000,1,1,5
13888,1,489,4,0,1000,1,1,5
13889,1,490,4,0,1000,1,1,5
13890,1,491,4,0,1000,1,1,5
13891,1,492,4,0,1000,1,1,5
13892,1,493,4,0,1000,1,1,5
13893,1,494,4,0,1000,1,1,5
13894,1,495,4,0,1000,1,1,5
13895,1,496,4,0,1000,1,1,5
13896,1,497,4,0,1000,1,1,5
13897,1,498,4,0,1000,1,1,5
13898,1,499,4,0,1000,1,1,5
13899,1,500,4,0,1000,1,1,5
13900,1,501,4,0,1000,1,1,5
13901,1,502,4,0,1000,1,1,5
13902,1,503,4,0,1000,1,1,5
13903,1,506,4,0,1000,1,1,5
13904,1,507,4,0,1000,1,1,5
13905,1,508,4,0,1000,1,1,5
13906,1,509,4,0,1000,1,1,5
13907,1,510,4,0,1000,1,1,5
13908,1,511,4,0,1000,1,1,5
13909,1,512,4,0,1000,1,1,5
13910,1,513,4,0,1000,1,1,5
13911,1,514,4,0,1000,1,1,5
13912,1,515,4,0,1000,1,1,5
13913,1,516,4,0,1000,1,1,5
13914,1,517,4,0,1000,1,1,5
13915,1,518,4,0,1000,1,1,5
13916,1,519,4,0,1000,1,1,5
13917,1,520,4,0,1000,1,1,5
13918,1,521,4,0,1000,1,1,5
13919,1,522,4,0,1000,1,1,5
13920,1,523,4,0,1000,1,1,5
13921,1,524,4,0,1000,1,1,5
13922,1,525,4,0,1000,1,1,5
13923,1,526,4,0,1000,1,1,5
13924,1,527,4,0,1000,1,1,5
13925,1,528,4,0,1000,1,1,5
13926,1,529,4,0,1000,1,1,5
13927,1,530,4,0,1000,1,1,5
13928,1,531,4,0,1000,1,1,5
13929,1,532,4,0,1000,1,1,5
13930,1,533,4,0,1000,1,1,5
13931,1,534,4,0,1000,1,1,5
13932,1,5001,4,0,1000,1,1,5
13933,1,5002,4,0,1000,1,1,5
13934,1,5003,4,0,1000,1,1,5
13935,1,535,4,0,1000,1,1,5
13936,1,536,4,0,1000,1,1,5
13937,1,537,4,0,1000,1,1,5
13938,1,538,4,0,1000,1,1,5
13939,1,539,4,0,1000,1,1,5
13940,1,540,4,0,1000,1,1,5
13941,1,541,4,0,1000,1,1,5
13942,1,542,4,0,1000,1,1,5
13943,1,543,4,0,1000,1,1,5
13944,1,544,4,0,1000,1,1,5
13945,1,545,4,0,1000,1,1,5
13946,1,546,4,0,1000,1,1,5
13947,3,1680,4,0,1000,1,1,0
13948,3,1681,4,0,1000,1,1,0
13949,3,1682,4,0,1000,1,1,0
13950,3,1683,4,0,1000,1,1,0
13951,3,1684,4,0,1000,1,1,0
13952,3,1685,4,0,1000,1,1,0
13953,3,1686,4,0,1000,1,1,0
13954,3,1687,4,0,1000,1,1,0
13955,3,1688,4,0,1000,1,1,0
13956,3,1689,4,0,1000,1,1,0
13957,3,1690,4,0,1000,1,1,0
13958,3,1691,4,0,1000,1,1,0
13959,1,547,4,0,1000,1,1,0
13960,1,548,4,0,1000,1,1,0
13961,1,549,4,0,1000,1,1,0
13962,1,547,4,0,1000,1,1,1
13963,1,548,4,0,1000,1,1,1
13964,1,549,4,0,1000,1,1,1
13965,1,547,4,0,1000,1,1,2
13966,1,548,4,0,1000,1,1,2
13967,1,549,4,0,1000,1,1,2
13968,1,547,4,0,1000,1,1,3
13969,1,548,4,0,1000,1,1,3
13970,1,549,4,0,1000,1,1,3
13971,1,547,4,0,1000,1,1,4
13972,1,548,4,0,1000,1,1,4
13973,1,549,4,0,1000,1,1,4
13974,1,547,4,0,1000,1,1,5
13975,1,548,4,0,1000,1,1,5
13976,1,549,4,0,1000,1,1,5
13977,3,1692,4,0,1000,1,1,0
13978,3,1693,4,0,1000,1,1,0
13979,3,1694,4,0,1000,1,1,0
13980,3,1695,4,0,1000,1,1,0
13981,3,1696,4,0,1000,1,1,0
13982,3,1697,4,0,1000,1,1,0
13983,3,1698,4,0,1000,1,1,0
13984,3,1699,4,0,1000,1,1,0
13985,3,1700,4,0,1000,1,1,0
13986,3,1701,4,0,1000,1,1,0
13987,3,1702,4,0,1000,1,1,0
13988,3,1703,4,0,1000,1,1,0
13989,1,550,4,0,1000,1,1,0
13990,1,551,4,0,1000,1,1,0
13991,1,552,4,0,1000,1,1,0
13992,1,550,4,0,1000,1,1,1
13993,1,551,4,0,1000,1,1,1
13994,1,552,4,0,1000,1,1,1
13995,1,550,4,0,1000,1,1,2
13996,1,551,4,0,1000,1,1,2
13997,1,552,4,0,1000,1,1,2
13998,1,550,4,0,1000,1,1,3
13999,1,551,4,0,1000,1,1,3
14000,1,552,4,0,1000,1,1,3
14001,1,550,4,0,1000,1,1,4
14002,1,551,4,0,1000,1,1,4
14003,1,552,4,0,1000,1,1,4
14004,1,550,4,0,1000,1,1,5
14005,1,551,4,0,1000,1,1,5
14006,1,552,4,0,1000,1,1,5
14007,16,0,4,1,1000,10,10,0
14008,16,0,4,1,1000,50,50,0
14009,16,0,4,1,1000,100,100,0
14010,16,0,4,1,1000,500,500,0
14011,16,0,4,1,1000,1000,1000,0
14012,16,0,4,1,1000,5000,5000,0
14013,16,0,4,1,1000,10000,10000,0
14014,3,1704,4,1,1000,1,1,0
14015,3,1705,4,1,1000,1,1,0
14016,3,1706,4,1,1000,1,1,0
14017,3,1707,4,1,1000,1,1,0
14018,3,1708,4,1,1000,1,1,0
14019,3,1709,4,1,1000,1,1,0
14020,3,1710,4,1,1000,1,1,0
14021,3,1711,4,1,1000,1,1,0
14022,3,1712,4,1,1000,1,1,0
14023,3,1713,4,1,1000,1,1,0
14024,3,1714,4,1,1000,1,1,0
14025,3,1715,4,1,1000,1,1,0
14026,1,553,4,1,1000,1,1,0
14027,1,554,4,1,1000,1,1,0
14028,1,555,4,1,1000,1,1,0
14029,1,553,4,1,1000,1,1,1
14030,1,554,4,1,1000,1,1,1
14031,1,555,4,1,1000,1,1,1
14032,1,553,4,1,1000,1,1,2
14033,1,554,4,1,1000,1,1,2
14034,1,555,4,1,1000,1,1,2
14035,1,553,4,1,1000,1,1,3
14036,1,554,4,1,1000,1,1,3
14037,1,555,4,1,1000,1,1,3
14038,1,553,4,1,1000,1,1,4
14039,1,554,4,1,1000,1,1,4
14040,1,555,4,1,1000,1,1,4
14041,1,553,4,1,1000,1,1,5
14042,1,554,4,1,1000,1,1,5
14043,1,555,4,1,1000,1,1,5
14044,3,1716,4,1,1000,1,1,0
14045,3,1717,4,1,1000,1,1,0
14046,3,1718,4,1,1000,1,1,0
14047,3,1719,4,1,1000,1,1,0
14048,3,1720,4,1,1000,1,1,0
14049,3,1721,4,1,1000,1,1,0
14050,3,1722,4,1,1000,1,1,0
14051,3,1723,4,1,1000,1,1,0
14052,3,1724,4,1,1000,1,1,0
14053,3,1725,4,1,1000,1,1,0
14054,3,1726,4,1,1000,1,1,0
14055,3,1727,4,1,1000,1,1,0
14056,1,556,4,1,1000,1,1,0
14057,1,557,4,1,1000,1,1,0
14058,1,558,4,1,1000,1,1,0
14059,1,556,4,1,1000,1,1,1
14060,1,557,4,1,1000,1,1,1
14061,1,558,4,1,1000,1,1,1
14062,1,556,4,1,1000,1,1,2
14063,1,557,4,1,1000,1,1,2
14064,1,558,4,1,1000,1,1,2
14065,1,556,4,1,1000,1,1,3
14066,1,557,4,1,1000,1,1,3
14067,1,558,4,1,1000,1,1,3
14068,1,556,4,1,1000,1,1,4
14069,1,557,4,1,1000,1,1,4
14070,1,558,4,1,1000,1,1,4
14071,1,556,4,1,1000,1,1,5
14072,1,557,4,1,1000,1,1,5
14073,1,558,4,1,1000,1,1,5
14074,3,1728,4,1,1000,1,1,0
14075,3,1729,4,1,1000,1,1,0
14076,3,1730,4,1,1000,1,1,0
14077,3,1731,4,1,1000,1,1,0
14078,3,1732,4,1,1000,1,1,0
14079,3,1733,4,1,1000,1,1,0
14080,3,1734,4,1,1000,1,1,0
14081,3,1735,4,1,1000,1,1,0
14082,3,1736,4,1,1000,1,1,0
14083,3,1737,4,1,1000,1,1,0
14084,3,1738,4,1,1000,1,1,0
14085,3,1739,4,1,1000,1,1,0
14086,1,559,4,1,1000,1,1,0
14087,1,560,4,1,1000,1,1,0
14088,1,561,4,1,1000,1,1,0
14089,1,559,4,1,1000,1,1,1
14090,1,560,4,1,1000,1,1,1
14091,1,561,4,1,1000,1,1,1
14092,1,559,4,1,1000,1,1,2
14093,1,560,4,1,1000,1,1,2
14094,1,561,4,1,1000,1,1,2
14095,1,559,4,1,1000,1,1,3
14096,1,560,4,1,1000,1,1,3
14097,1,561,4,1,1000,1,1,3
14098,1,559,4,1,1000,1,1,4
14099,1,560,4,1,1000,1,1,4
14100,1,561,4,1,1000,1,1,4
14101,1,559,4,1,1000,1,1,5
14102,1,560,4,1,1000,1,1,5
14103,1,561,4,1,1000,1,1,5
14104,1,531,4,1,1000,1,1,0
14105,1,540,4,1,1000,1,1,0
14106,1,573,4,1,1000,1,1,0
14107,1,579,4,1,1000,1,1,0
14108,1,558,4,1,1000,2,2,0
14109,1,564,4,1,1000,2,2,0
14110,1,576,4,1,1000,2,2,0
14111,1,594,4,1,1000,2,2,0
14112,1,531,4,1,1000,1,1,0
14113,1,540,4,1,1000,1,1,0
14114,1,573,4,1,1000,1,1,0
14115,1,579,4,1,1000,1,1,0
14116,1,558,4,1,1000,2,2,0
14117,1,564,4,1,1000,2,2,0
14118,1,576,4,1,1000,2,2,0
14119,1,594,4,1,1000,2,2,0
14124,1,585,4,1,1000,1,1,0
14125,1,531,4,1,1000,1,1,0
14126,1,540,4,1,1000,1,1,0
14127,1,573,4,1,1000,1,1,0
14128,1,579,4,1,1000,2,2,0
14129,1,558,4,1,1000,2,2,0
14130,1,564,4,1,1000,2,2,0
14131,1,576,4,1,1000,2,2,0
14132,1,588,4,1,1000,2,2,0
14133,1,585,4,1,1000,1,1,0
14134,1,531,4,1,1000,1,1,0
14135,1,540,4,1,1000,1,1,0
14136,1,573,4,1,1000,1,1,0
14137,1,579,4,1,1000,2,2,0
14138,1,558,4,1,1000,2,2,0
14139,1,564,4,1,1000,2,2,0
14140,1,576,4,1,1000,2,2,0
14141,1,588,4,1,1000,2,2,0
14142,3,1752,4,0,1000,1,1,0
14143,3,1753,4,0,1000,1,1,0
14144,3,1754,4,0,1000,1,1,0
14145,3,1755,4,0,1000,1,1,0
14146,3,1756,4,0,1000,1,1,0
14147,3,1757,4,0,1000,1,1,0
14148,3,1758,4,0,1000,1,1,0
14149,3,1759,4,0,1000,1,1,0
14150,3,1760,4,0,1000,1,1,0
14151,3,1761,4,0,1000,1,1,0
14152,3,1762,4,0,1000,1,1,0
14153,3,1763,4,0,1000,1,1,0
14154,1,565,4,0,1000,1,1,0
14155,1,566,4,0,1000,1,1,0
14156,1,567,4,0,1000,1,1,0
14157,1,565,4,0,1000,1,1,1
14158,1,566,4,0,1000,1,1,1
14159,1,567,4,0,1000,1,1,1
14160,1,565,4,0,1000,1,1,2
14161,1,566,4,0,1000,1,1,2
14162,1,567,4,0,1000,1,1,2
14163,1,565,4,0,1000,1,1,3
14164,1,566,4,0,1000,1,1,3
14165,1,567,4,0,1000,1,1,3
14166,1,565,4,0,1000,1,1,4
14167,1,566,4,0,1000,1,1,4
14168,1,567,4,0,1000,1,1,4
14169,1,565,4,0,1000,1,1,5
14170,1,566,4,0,1000,1,1,5
14171,1,567,4,0,1000,1,1,5
14172,3,1740,4,0,1000,1,1,0
14173,3,1741,4,0,1000,1,1,0
14174,3,1742,4,0,1000,1,1,0
14175,3,1743,4,0,1000,1,1,0
14176,3,1744,4,0,1000,1,1,0
14177,3,1745,4,0,1000,1,1,0
14178,3,1746,4,0,1000,1,1,0
14179,3,1747,4,0,1000,1,1,0
14180,3,1748,4,0,1000,1,1,0
14181,3,1749,4,0,1000,1,1,0
14182,3,1750,4,0,1000,1,1,0
14183,3,1751,4,0,1000,1,1,0
14184,1,562,4,0,1000,1,1,0
14185,1,563,4,0,1000,1,1,0
14186,1,564,4,0,1000,1,1,0
14187,1,562,4,0,1000,1,1,1
14188,1,563,4,0,1000,1,1,1
14189,1,564,4,0,1000,1,1,1
14190,1,562,4,0,1000,1,1,2
14191,1,563,4,0,1000,1,1,2
14192,1,564,4,0,1000,1,1,2
14193,1,562,4,0,1000,1,1,3
14194,1,563,4,0,1000,1,1,3
14195,1,564,4,0,1000,1,1,3
14196,1,562,4,0,1000,1,1,4
14197,1,563,4,0,1000,1,1,4
14198,1,564,4,0,1000,1,1,4
14199,1,562,4,0,1000,1,1,5
14200,1,563,4,0,1000,1,1,5
14201,1,564,4,0,1000,1,1,5
14202,1,741,4,0,1000,1,1,0
14203,8,0,3,2,1000,70,70,0
14203,16,0,4,1,1000,70,70,0
14204,4,2,4,0,1000,1,1,0
14205,8,0,3,2,1000,30,30,0
14205,16,0,4,1,1000,30,30,0
14206,8,0,3,0,1000,50,50,0
14207,8,0,3,0,1000,100,100,0
14208,8,0,3,0,1000,250,250,0
14209,8,0,3,0,1000,500,500,0
14210,16,0,4,0,1000,100,100,0
14210,26,0,6,0,1000,1000,1000,0
14211,16,0,4,0,1000,200,200,0
14211,26,0,6,0,1000,2000,2000,0
14212,16,0,4,0,1000,400,400,0
14212,26,0,6,0,1000,3000,3000,0
14213,16,0,4,0,1000,600,600,0
14213,26,0,6,0,1000,4000,4000,0
14214,8,0,3,1,1000,500,500,0
14214,26,0,6,0,1000,1000,1000,0
14215,8,0,3,1,1000,1000,1000,0
14215,26,0,6,0,1000,2000,2000,0
14216,1,567,4,1,1000,4,4,0
14216,26,0,6,0,1000,3000,3000,0
14217,1,591,4,0,1000,4,4,0
14217,26,0,6,0,1000,4000,4000,0
14218,1,558,4,1,1000,8,8,0
14218,26,0,6,0,1000,6000,6000,0
14219,1,598,4,4,1000,8,8,0
14219,26,0,6,0,1000,8000,8000,0
14220,1,594,4,0,1000,8,8,0
14220,26,0,6,0,1000,10000,10000,0
14221,1,612,4,0,1000,16,16,0
14221,26,0,6,0,1000,15000,15000,0
14222,1,588,4,0,1000,16,16,0
14222,26,0,6,0,1000,20000,20000,0
14223,1,598,4,3,1000,1,1,0
14223,4,3,4,2,1000,1,1,0
14223,8,0,3,1,1000,200,200,0
14224,1,509,4,1,1000,1,1,0
14225,1,561,4,0,1000,1,1,0
14226,1,567,4,1,1000,1,1,0
14227,1,591,4,1,1000,1,1,0
14228,1,558,4,1,1000,1,1,0
14229,1,549,4,1,1000,1,1,0
14230,1,576,4,4,1000,1,1,0
14231,1,597,4,3,1000,1,1,0
14232,1,588,4,0,1000,1,1,0
14233,3,1764,4,0,1000,1,1,0
14234,3,1765,4,0,1000,1,1,0
14235,3,1766,4,0,1000,1,1,0
14236,3,1767,4,0,1000,1,1,0
14237,3,1768,4,0,1000,1,1,0
14238,3,1769,4,0,1000,1,1,0
14239,3,1770,4,0,1000,1,1,0
14240,3,1771,4,0,1000,1,1,0
14241,3,1772,4,0,1000,1,1,0
14242,3,1773,4,0,1000,1,1,0
14243,3,1774,4,0,1000,1,1,0
14244,3,1775,4,0,1000,1,1,0
14245,1,568,4,0,1000,1,1,0
14246,1,569,4,0,1000,1,1,0
14247,1,570,4,0,1000,1,1,0
14248,1,568,4,0,1000,1,1,1
14249,1,569,4,0,1000,1,1,1
14250,1,570,4,0,1000,1,1,1
14251,1,568,4,0,1000,1,1,2
14252,1,569,4,0,1000,1,1,2
14253,1,570,4,0,1000,1,1,2
14254,1,568,4,0,1000,1,1,3
14255,1,569,4,0,1000,1,1,3
14256,1,570,4,0,1000,1,1,3
14257,1,568,4,0,1000,1,1,4
14258,1,569,4,0,1000,1,1,4
14259,1,570,4,0,1000,1,1,4
14260,1,568,4,0,1000,1,1,5
14261,1,569,4,0,1000,1,1,5
14262,1,570,4,0,1000,1,1,5
14263,3,1776,4,0,1000,1,1,0
14264,3,1777,4,0,1000,1,1,0
14265,3,1778,4,0,1000,1,1,0
14266,3,1779,4,0,1000,1,1,0
14267,3,1780,4,0,1000,1,1,0
14268,3,1781,4,0,1000,1,1,0
14269,3,1782,4,0,1000,1,1,0
14270,3,1783,4,0,1000,1,1,0
14271,3,1784,4,0,1000,1,1,0
14272,3,1785,4,0,1000,1,1,0
14273,3,1786,4,0,1000,1,1,0
14274,3,1787,4,0,1000,1,1,0
14275,1,571,4,0,1000,1,1,0
14276,1,572,4,0,1000,1,1,0
14277,1,573,4,0,1000,1,1,0
14278,1,571,4,0,1000,1,1,1
14279,1,572,4,0,1000,1,1,1
14280,1,573,4,0,1000,1,1,1
14281,1,571,4,0,1000,1,1,2
14282,1,572,4,0,1000,1,1,2
14283,1,573,4,0,1000,1,1,2
14284,1,571,4,0,1000,1,1,3
14285,1,572,4,0,1000,1,1,3
14286,1,573,4,0,1000,1,1,3
14287,1,571,4,0,1000,1,1,4
14288,1,572,4,0,1000,1,1,4
14289,1,573,4,0,1000,1,1,4
14290,1,571,4,0,1000,1,1,5
14291,1,572,4,0,1000,1,1,5
14292,1,573,4,0,1000,1,1,5
14293,7,0,1,0,1000,20000,20000,0
14294,8,0,3,0,1000,20,20,0
14295,3,1688,4,0,1000,1,1,0
14296,16,0,4,0,1000,20,20,0
14297,12,0,4,0,1000,50,50,0
14298,8,0,3,0,1000,30,30,0
14299,1,612,4,0,1000,1,1,0
14300,7,0,1,0,1000,30000,30000,0
14301,8,0,3,0,1000,30,30,0
14302,3,1689,4,0,1000,1,1,0
14303,16,0,4,0,1000,15,15,0
14304,12,0,4,0,1000,100,100,0
14305,8,0,3,0,1000,20,20,0
14306,1,618,4,0,1000,1,1,0
14307,7,0,1,0,1000,40000,40000,0
14308,8,0,3,0,1000,10,10,0
14309,3,1690,4,0,1000,1,1,0
14310,16,0,4,0,1000,10,10,0
14311,12,0,4,0,1000,50,50,0
14312,8,0,3,0,1000,40,40,0
14313,1,612,4,0,1000,1,1,0
14314,7,0,1,0,1000,50000,50000,0
14315,8,0,3,0,1000,30,30,0
14316,3,1691,4,0,1000,1,1,0
14317,16,0,4,0,1000,10,10,0
14318,12,0,4,0,1000,50,50,0
14319,8,0,3,0,1000,20,20,0
14320,1,618,4,0,1000,1,1,0
14321,3,1788,4,0,1000,1,1,0
14322,3,1789,4,0,1000,1,1,0
14323,3,1790,4,0,1000,1,1,0
14324,3,1791,4,0,1000,1,1,0
14325,3,1792,4,0,1000,1,1,0
14326,3,1793,4,0,1000,1,1,0
14327,3,1794,4,0,1000,1,1,0
14328,3,1795,4,0,1000,1,1,0
14329,3,1796,4,0,1000,1,1,0
14330,3,1797,4,0,1000,1,1,0
14331,3,1798,4,0,1000,1,1,0
14332,3,1799,4,0,1000,1,1,0
14333,1,574,4,0,1000,1,1,0
14334,1,575,4,0,1000,1,1,0
14335,1,576,4,0,1000,1,1,0
14336,1,574,4,0,1000,1,1,1
14337,1,575,4,0,1000,1,1,1
14338,1,576,4,0,1000,1,1,1
14339,1,574,4,0,1000,1,1,2
14340,1,575,4,0,1000,1,1,2
14341,1,576,4,0,1000,1,1,2
14342,1,574,4,0,1000,1,1,3
14343,1,575,4,0,1000,1,1,3
14344,1,576,4,0,1000,1,1,3
14345,1,574,4,0,1000,1,1,4
14346,1,575,4,0,1000,1,1,4
14347,1,576,4,0,1000,1,1,4
14348,1,574,4,0,1000,1,1,5
14349,1,575,4,0,1000,1,1,5
14350,1,576,4,0,1000,1,1,5
14351,3,1800,4,0,1000,1,1,0
14352,3,1801,4,0,1000,1,1,0
14353,3,1802,4,0,1000,1,1,0
14354,3,1803,4,0,1000,1,1,0
14355,3,1804,4,0,1000,1,1,0
14356,3,1805,4,0,1000,1,1,0
14357,3,1806,4,0,1000,1,1,0
14358,3,1807,4,0,1000,1,1,0
14359,3,1808,4,0,1000,1,1,0
14360,3,1809,4,0,1000,1,1,0
14361,3,1810,4,0,1000,1,1,0
14362,3,1811,4,0,1000,1,1,0
14363,1,577,4,0,1000,1,1,0
14364,1,578,4,0,1000,1,1,0
14365,1,579,4,0,1000,1,1,0
14366,1,577,4,0,1000,1,1,1
14367,1,578,4,0,1000,1,1,1
14368,1,579,4,0,1000,1,1,1
14369,1,577,4,0,1000,1,1,2
14370,1,578,4,0,1000,1,1,2
14371,1,579,4,0,1000,1,1,2
14372,1,577,4,0,1000,1,1,3
14373,1,578,4,0,1000,1,1,3
14374,1,579,4,0,1000,1,1,3
14375,1,577,4,0,1000,1,1,4
14376,1,578,4,0,1000,1,1,4
14377,1,579,4,0,1000,1,1,4
14378,1,577,4,0,1000,1,1,5
14379,1,578,4,0,1000,1,1,5
14380,1,579,4,0,1000,1,1,5
14381,3,1812,4,0,1000,1,1,0
14382,3,1813,4,0,1000,1,1,0
14383,3,1814,4,0,1000,1,1,0
14384,3,1815,4,0,1000,1,1,0
14385,3,1816,4,0,1000,1,1,0
14386,3,1817,4,0,1000,1,1,0
14387,3,1818,4,0,1000,1,1,0
14388,3,1819,4,0,1000,1,1,0
14389,3,1820,4,0,1000,1,1,0
14390,3,1821,4,0,1000,1,1,0
14391,3,1822,4,0,1000,1,1,0
14392,3,1823,4,0,1000,1,1,0
14393,1,580,4,0,1000,1,1,0
14394,1,581,4,0,1000,1,1,0
14395,1,582,4,0,1000,1,1,0
14396,1,580,4,0,1000,1,1,1
14397,1,581,4,0,1000,1,1,1
14398,1,582,4,0,1000,1,1,1
14399,1,580,4,0,1000,1,1,2
14400,1,581,4,0,1000,1,1,2
14401,1,582,4,0,1000,1,1,2
14402,1,580,4,0,1000,1,1,3
14403,1,581,4,0,1000,1,1,3
14404,1,582,4,0,1000,1,1,3
14405,1,580,4,0,1000,1,1,4
14406,1,581,4,0,1000,1,1,4
14407,1,582,4,0,1000,1,1,4
14408,1,580,4,0,1000,1,1,5
14409,1,581,4,0,1000,1,1,5
14410,1,582,4,0,1000,1,1,5
14411,3,1824,4,0,1000,1,1,0
14412,3,1825,4,0,1000,1,1,0
14413,3,1826,4,0,1000,1,1,0
14414,3,1827,4,0,1000,1,1,0
14415,3,1828,4,0,1000,1,1,0
14416,3,1829,4,0,1000,1,1,0
14417,3,1830,4,0,1000,1,1,0
14418,3,1831,4,0,1000,1,1,0
14419,3,1832,4,0,1000,1,1,0
14420,3,1833,4,0,1000,1,1,0
14421,3,1834,4,0,1000,1,1,0
14422,3,1835,4,0,1000,1,1,0
14423,1,583,4,0,1000,1,1,0
14424,1,584,4,0,1000,1,1,0
14425,1,585,4,0,1000,1,1,0
14426,1,583,4,0,1000,1,1,1
14427,1,584,4,0,1000,1,1,1
14428,1,585,4,0,1000,1,1,1
14429,1,583,4,0,1000,1,1,2
14430,1,584,4,0,1000,1,1,2
14431,1,585,4,0,1000,1,1,2
14432,1,583,4,0,1000,1,1,3
14433,1,584,4,0,1000,1,1,3
14434,1,585,4,0,1000,1,1,3
14435,1,583,4,0,1000,1,1,4
14436,1,584,4,0,1000,1,1,4
14437,1,585,4,0,1000,1,1,4
14438,1,583,4,0,1000,1,1,5
14439,1,584,4,0,1000,1,1,5
14440,1,585,4,0,1000,1,1,5
14441,1,624,4,1,1000,1,1,0
14441,8,0,3,3,1000,80,80,0
14441,16,0,4,2,1000,8,8,0
14442,1,624,4,1,1000,1,1,0
14442,8,0,3,3,1000,160,160,0
14442,16,0,4,2,1000,16,16,0
14443,1,624,4,1,1000,3,3,0
14443,8,0,3,3,1000,200,200,0
14443,16,0,4,2,1000,20,20,0
14444,1,624,4,1,1000,3,3,0
14444,8,0,3,3,1000,250,250,0
14444,16,0,4,2,1000,25,25,0
14445,1,624,4,1,1000,4,4,0
14445,8,0,3,3,1000,310,310,0
14445,16,0,4,2,1000,31,31,0
14446,1,624,4,1,1000,4,4,0
14446,8,0,3,3,1000,400,400,0
14446,16,0,4,2,1000,40,40,0
14447,1,624,4,1,1000,6,6,0
14447,8,0,3,3,1000,500,500,0
14447,16,0,4,2,1000,50,50,0
14448,1,624,4,1,1000,10,10,0
14448,8,0,3,3,1000,600,600,0
14448,16,0,4,2,1000,60,60,0
14449,1,633,4,1,1000,1,1,0
14449,8,0,3,3,1000,80,80,0
14449,16,0,4,2,1000,8,8,0
14450,1,633,4,1,1000,1,1,0
14450,8,0,3,3,1000,160,160,0
14450,16,0,4,2,1000,16,16,0
14451,1,633,4,1,1000,3,3,0
14451,8,0,3,3,1000,200,200,0
14451,16,0,4,2,1000,20,20,0
14452,1,633,4,1,1000,3,3,0
14452,8,0,3,3,1000,250,250,0
14452,16,0,4,2,1000,25,25,0
14453,1,633,4,1,1000,4,4,0
14453,8,0,3,3,1000,310,310,0
14453,16,0,4,2,1000,31,31,0
14454,1,633,4,1,1000,4,4,0
14454,8,0,3,3,1000,400,400,0
14454,16,0,4,2,1000,40,40,0
14455,1,633,4,1,1000,6,6,0
14455,8,0,3,3,1000,500,500,0
14455,16,0,4,2,1000,50,50,0
14456,1,633,4,1,1000,10,10,0
14456,8,0,3,3,1000,600,600,0
14456,16,0,4,2,1000,60,60,0
14457,3,1836,4,0,1000,1,1,0
14458,3,1837,4,0,1000,1,1,0
14459,3,1838,4,0,1000,1,1,0
14460,3,1839,4,0,1000,1,1,0
14461,3,1840,4,0,1000,1,1,0
14462,3,1841,4,0,1000,1,1,0
14463,3,1842,4,0,1000,1,1,0
14464,3,1843,4,0,1000,1,1,0
14465,3,1844,4,0,1000,1,1,0
14466,3,1845,4,0,1000,1,1,0
14467,3,1846,4,0,1000,1,1,0
14468,3,1847,4,0,1000,1,1,0
14469,1,586,4,0,1000,1,1,0
14470,1,587,4,0,1000,1,1,0
14471,1,588,4,0,1000,1,1,0
14472,1,586,4,0,1000,1,1,1
14473,1,587,4,0,1000,1,1,1
14474,1,588,4,0,1000,1,1,1
14475,1,586,4,0,1000,1,1,2
14476,1,587,4,0,1000,1,1,2
14477,1,588,4,0,1000,1,1,2
14478,1,586,4,0,1000,1,1,3
14479,1,587,4,0,1000,1,1,3
14480,1,588,4,0,1000,1,1,3
14481,1,586,4,0,1000,1,1,4
14482,1,587,4,0,1000,1,1,4
14483,1,588,4,0,1000,1,1,4
14484,1,586,4,0,1000,1,1,5
14485,1,587,4,0,1000,1,1,5
14486,1,588,4,0,1000,1,1,5
14487,3,1848,4,0,1000,1,1,0
14488,3,1849,4,0,1000,1,1,0
14489,3,1850,4,0,1000,1,1,0
14490,3,1851,4,0,1000,1,1,0
14491,3,1852,4,0,1000,1,1,0
14492,3,1853,4,0,1000,1,1,0
14493,3,1854,4,0,1000,1,1,0
14494,3,1855,4,0,1000,1,1,0
14495,3,1856,4,0,1000,1,1,0
14496,3,1857,4,0,1000,1,1,0
14497,3,1858,4,0,1000,1,1,0
14498,3,1859,4,0,1000,1,1,0
14499,1,589,4,0,1000,1,1,0
14500,1,590,4,0,1000,1,1,0
14501,1,591,4,0,1000,1,1,0
14502,1,589,4,0,1000,1,1,1
14503,1,590,4,0,1000,1,1,1
14504,1,591,4,0,1000,1,1,1
14505,1,589,4,0,1000,1,1,2
14506,1,590,4,0,1000,1,1,2
14507,1,591,4,0,1000,1,1,2
14508,1,589,4,0,1000,1,1,3
14509,1,590,4,0,1000,1,1,3
14510,1,591,4,0,1000,1,1,3
14511,1,589,4,0,1000,1,1,4
14512,1,590,4,0,1000,1,1,4
14513,1,591,4,0,1000,1,1,4
14514,1,589,4,0,1000,1,1,5
14515,1,590,4,0,1000,1,1,5
14516,1,591,4,0,1000,1,1,5
14517,3,1860,4,0,1000,1,1,0
14518,3,1861,4,0,1000,1,1,0
14519,3,1862,4,0,1000,1,1,0
14520,3,1863,4,0,1000,1,1,0
14521,3,1864,4,0,1000,1,1,0
14522,3,1865,4,0,1000,1,1,0
14523,3,1866,4,0,1000,1,1,0
14524,3,1867,4,0,1000,1,1,0
14525,3,1868,4,0,1000,1,1,0
14526,3,1869,4,0,1000,1,1,0
14527,3,1870,4,0,1000,1,1,0
14528,3,1871,4,0,1000,1,1,0
14529,1,592,4,0,1000,1,1,0
14530,1,593,4,0,1000,1,1,0
14531,1,594,4,0,1000,1,1,0
14532,1,592,4,0,1000,1,1,1
14533,1,593,4,0,1000,1,1,1
14534,1,594,4,0,1000,1,1,1
14535,1,592,4,0,1000,1,1,2
14536,1,593,4,0,1000,1,1,2
14537,1,594,4,0,1000,1,1,2
14538,1,592,4,0,1000,1,1,3
14539,1,593,4,0,1000,1,1,3
14540,1,594,4,0,1000,1,1,3
14541,1,592,4,0,1000,1,1,4
14542,1,593,4,0,1000,1,1,4
14543,1,594,4,0,1000,1,1,4
14544,1,592,4,0,1000,1,1,5
14545,1,593,4,0,1000,1,1,5
14546,1,594,4,0,1000,1,1,5
14547,3,1872,4,0,1000,1,1,0
14548,3,1873,4,0,1000,1,1,0
14549,3,1874,4,0,1000,1,1,0
14550,3,1875,4,0,1000,1,1,0
14551,3,1876,4,0,1000,1,1,0
14552,3,1877,4,0,1000,1,1,0
14553,3,1878,4,0,1000,1,1,0
14554,3,1879,4,0,1000,1,1,0
14555,3,1880,4,0,1000,1,1,0
14556,3,1881,4,0,1000,1,1,0
14557,3,1882,4,0,1000,1,1,0
14558,3,1883,4,0,1000,1,1,0
14559,1,595,4,0,1000,1,1,0
14560,1,596,4,0,1000,1,1,0
14561,1,597,4,0,1000,1,1,0
14562,1,595,4,0,1000,1,1,1
14563,1,596,4,0,1000,1,1,1
14564,1,597,4,0,1000,1,1,1
14565,1,595,4,0,1000,1,1,2
14566,1,596,4,0,1000,1,1,2
14567,1,597,4,0,1000,1,1,2
14568,1,595,4,0,1000,1,1,3
14569,1,596,4,0,1000,1,1,3
14570,1,597,4,0,1000,1,1,3
14571,1,595,4,0,1000,1,1,4
14572,1,596,4,0,1000,1,1,4
14573,1,597,4,0,1000,1,1,4
14574,1,595,4,0,1000,1,1,5
14575,1,596,4,0,1000,1,1,5
14576,1,597,4,0,1000,1,1,5
14577,3,1884,4,0,1000,1,1,0
14578,3,1885,4,0,1000,1,1,0
14579,3,1886,4,0,1000,1,1,0
14580,3,1887,4,0,1000,1,1,0
14581,1,598,4,0,1000,1,1,0
14582,1,598,4,0,1000,1,1,1
14583,1,598,4,0,1000,1,1,2
14584,1,598,4,0,1000,1,1,3
14585,1,598,4,0,1000,1,1,4
14586,1,598,4,0,1000,1,1,5
14587,3,1888,4,0,1000,1,1,0
14588,3,1889,4,0,1000,1,1,0
14589,3,1890,4,0,1000,1,1,0
14590,3,1891,4,0,1000,1,1,0
14591,3,1892,4,0,1000,1,1,0
14592,3,1893,4,0,1000,1,1,0
14593,3,1894,4,0,1000,1,1,0
14594,3,1895,4,0,1000,1,1,0
14595,3,1896,4,0,1000,1,1,0
14596,3,1897,4,0,1000,1,1,0
14597,3,1898,4,0,1000,1,1,0
14598,3,1899,4,0,1000,1,1,0
14599,1,599,4,0,1000,1,1,0
14600,1,600,4,0,1000,1,1,0
14601,1,601,4,0,1000,1,1,0
14602,1,599,4,0,1000,1,1,1
14603,1,600,4,0,1000,1,1,1
14604,1,601,4,0,1000,1,1,1
14605,1,599,4,0,1000,1,1,2
14606,1,600,4,0,1000,1,1,2
14607,1,601,4,0,1000,1,1,2
14608,1,599,4,0,1000,1,1,3
14609,1,600,4,0,1000,1,1,3
14610,1,601,4,0,1000,1,1,3
14611,1,599,4,0,1000,1,1,4
14612,1,600,4,0,1000,1,1,4
14613,1,601,4,0,1000,1,1,4
14614,1,599,4,0,1000,1,1,5
14615,1,600,4,0,1000,1,1,5
14616,1,601,4,0,1000,1,1,5
14617,3,1900,4,0,1000,1,1,0
14618,3,1901,4,0,1000,1,1,0
14619,3,1902,4,0,1000,1,1,0
14620,3,1903,4,0,1000,1,1,0
14621,3,1904,4,0,1000,1,1,0
14622,3,1905,4,0,1000,1,1,0
14623,3,1906,4,0,1000,1,1,0
14624,3,1907,4,0,1000,1,1,0
14625,3,1908,4,0,1000,1,1,0
14626,3,1909,4,0,1000,1,1,0
14627,3,1910,4,0,1000,1,1,0
14628,3,1911,4,0,1000,1,1,0
14629,1,602,4,0,1000,1,1,0
14630,1,603,4,0,1000,1,1,0
14631,1,604,4,0,1000,1,1,0
14632,1,602,4,0,1000,1,1,1
14633,1,603,4,0,1000,1,1,1
14634,1,604,4,0,1000,1,1,1
14635,1,602,4,0,1000,1,1,2
14636,1,603,4,0,1000,1,1,2
14637,1,604,4,0,1000,1,1,2
14638,1,602,4,0,1000,1,1,3
14639,1,603,4,0,1000,1,1,3
14640,1,604,4,0,1000,1,1,3
14641,1,602,4,0,1000,1,1,4
14642,1,603,4,0,1000,1,1,4
14643,1,604,4,0,1000,1,1,4
14644,1,602,4,0,1000,1,1,5
14645,1,603,4,0,1000,1,1,5
14646,1,604,4,0,1000,1,1,5
14647,25,0,4,0,1000,1,1,1
14648,25,1,4,0,1000,1,1,1
14649,25,2,4,0,1000,1,1,1
14650,25,3,4,0,1000,1,1,1
14651,25,4,4,0,1000,1,1,1
14652,25,5,4,0,1000,1,1,1
14653,25,6,4,0,1000,1,1,1
14654,25,7,4,0,1000,1,1,1
14655,1,642,4,1,1000,1,1,0
14655,12,0,4,2,1000,300,300,0
14656,1,642,4,1,1000,3,3,0
14656,12,0,4,2,1000,500,500,0
14657,1,642,4,1,1000,5,5,0
14657,12,0,4,2,1000,800,800,0
14658,1,642,4,1,1000,7,7,0
14658,12,0,4,2,1000,1500,1500,0
14659,1,642,4,1,1000,1,1,0
14659,8,0,4,2,1000,300,300,0
14660,1,642,4,1,1000,3,3,0
14660,8,0,4,2,1000,500,500,0
14661,1,642,4,1,1000,5,5,0
14661,8,0,4,2,1000,800,800,0
14662,1,642,4,1,1000,7,7,0
14662,8,0,4,2,1000,1500,1500,0
14663,1,642,4,1,1000,16,16,0
14663,16,0,4,2,1000,300,300,0
14664,1,642,4,1,1000,20,20,0
14664,16,0,4,2,1000,600,600,0
14665,1,555,4,3,1000,8,8,0
14665,1,642,4,1,1000,24,24,0
14665,16,0,4,2,1000,900,900,0
14666,1,615,4,3,1000,8,8,0
14666,1,642,4,1,1000,36,36,0
14666,16,0,4,2,1000,1500,1500,0
14667,3,1912,4,0,1000,1,1,0
14668,3,1913,4,0,1000,1,1,0
14669,3,1914,4,0,1000,1,1,0
14670,3,1915,4,0,1000,1,1,0
14671,1,605,4,0,1000,1,1,0
14672,1,605,4,0,1000,1,1,1
14673,1,605,4,0,1000,1,1,2
14674,1,605,4,0,1000,1,1,3
14675,1,605,4,0,1000,1,1,4
14676,1,605,4,0,1000,1,1,5
14677,26,0,4,1,1000,1000,1000,0
14677,27,0,4,2,1000,20,20,0
14678,26,0,4,1,1000,2000,2000,0
14678,27,0,4,2,1000,50,50,0
14679,26,0,4,1,1000,3000,3000,0
14679,27,0,4,2,1000,70,70,0
14680,26,0,4,1,1000,4000,4000,0
14680,27,0,4,2,1000,90,90,0
14681,26,0,4,1,1000,5000,5000,0
14681,27,0,4,2,1000,120,120,0
14682,26,0,4,1,1000,6000,6000,0
14682,27,0,4,2,1000,150,150,0
14683,26,0,4,1,1000,7000,7000,0
14683,27,0,4,2,1000,200,200,0
14684,26,0,4,1,1000,12000,12000,0
14684,27,0,4,2,1000,300,300,0
14685,26,0,4,1,1000,20000,20000,0
14685,27,0,4,2,1000,400,400,0
14686,26,0,4,1,1000,30000,30000,0
14686,27,0,4,2,1000,600,600,0
14687,26,0,4,1,1000,12000,12000,0
14688,1,642,4,2,1000,2,2,0
14688,16,0,4,1,1000,5000,5000,0
14689,1,642,4,2,1000,3,3,0
14689,16,0,4,1,1000,5000,5000,0
14690,1,642,4,2,1000,4,4,0
14690,16,0,4,1,1000,10000,10000,0
14691,8,0,4,0,1000,1000,1000,0
14692,8,0,4,0,1000,3000,3000,0
14693,1,642,4,2,1000,1,1,0
14693,8,0,4,1,1000,6000,6000,0
14694,1,642,4,2,1000,2,2,0
14694,8,0,4,1,1000,10000,10000,0
14695,1,642,4,2,1000,3,3,0
14695,8,0,4,1,1000,15000,15000,0
14696,1,642,4,2,1000,4,4,0
14696,8,591,4,1,1000,20000,20000,0
14697,3,1916,4,0,1000,1,1,0
14698,3,1917,4,0,1000,1,1,0
14699,3,1918,4,0,1000,1,1,0
14700,3,1919,4,0,1000,1,1,0
14701,1,606,4,0,1000,1,1,0
14702,1,606,4,0,1000,1,1,1
14703,1,606,4,0,1000,1,1,2
14704,1,606,4,0,1000,1,1,3
14705,1,606,4,0,1000,1,1,4
14706,1,606,4,0,1000,1,1,5
14707,3,1920,4,0,1000,1,1,0
14708,3,1921,4,0,1000,1,1,0
14709,3,1922,4,0,1000,1,1,0
14710,3,1923,4,0,1000,1,1,0
14711,3,1924,4,0,1000,1,1,0
14712,3,1925,4,0,1000,1,1,0
14713,3,1926,4,0,1000,1,1,0
14714,3,1927,4,0,1000,1,1,0
14715,3,1928,4,0,1000,1,1,0
14716,3,1929,4,0,1000,1,1,0
14717,3,1930,4,0,1000,1,1,0
14718,3,1931,4,0,1000,1,1,0
14719,1,607,4,0,1000,1,1,0
14720,1,608,4,0,1000,1,1,0
14721,1,609,4,0,1000,1,1,0
14722,1,607,4,0,1000,1,1,1
14723,1,608,4,0,1000,1,1,1
14724,1,609,4,0,1000,1,1,1
14725,1,607,4,0,1000,1,1,2
14726,1,608,4,0,1000,1,1,2
14727,1,609,4,0,1000,1,1,2
14728,1,607,4,0,1000,1,1,3
14729,1,608,4,0,1000,1,1,3
14730,1,609,4,0,1000,1,1,3
14731,1,607,4,0,1000,1,1,4
14732,1,608,4,0,1000,1,1,4
14733,1,609,4,0,1000,1,1,4
14734,1,607,4,0,1000,1,1,5
14735,1,608,4,0,1000,1,1,5
14736,1,609,4,0,1000,1,1,5
14737,3,1932,4,0,1000,1,1,0
14738,3,1933,4,0,1000,1,1,0
14739,3,1934,4,0,1000,1,1,0
14740,3,1935,4,0,1000,1,1,0
14741,3,1936,4,0,1000,1,1,0
14742,3,1937,4,0,1000,1,1,0
14743,3,1938,4,0,1000,1,1,0
14744,3,1939,4,0,1000,1,1,0
14745,3,1940,4,0,1000,1,1,0
14746,3,1941,4,0,1000,1,1,0
14747,3,1942,4,0,1000,1,1,0
14748,3,1943,4,0,1000,1,1,0
14749,1,610,4,0,1000,1,1,0
14750,1,611,4,0,1000,1,1,0
14751,1,612,4,0,1000,1,1,0
14752,1,610,4,0,1000,1,1,1
14753,1,611,4,0,1000,1,1,1
14754,1,612,4,0,1000,1,1,1
14755,1,610,4,0,1000,1,1,2
14756,1,611,4,0,1000,1,1,2
14757,1,612,4,0,1000,1,1,2
14758,1,610,4,0,1000,1,1,3
14759,1,611,4,0,1000,1,1,3
14760,1,612,4,0,1000,1,1,3
14761,1,610,4,0,1000,1,1,4
14762,1,611,4,0,1000,1,1,4
14763,1,612,4,0,1000,1,1,4
14764,1,610,4,0,1000,1,1,5
14765,1,611,4,0,1000,1,1,5
14766,1,612,4,0,1000,1,1,5
14767,3,1944,4,0,1000,1,1,0
14768,3,1945,4,0,1000,1,1,0
14769,3,1946,4,0,1000,1,1,0
14770,3,1947,4,0,1000,1,1,0
14771,3,1948,4,0,1000,1,1,0
14772,3,1949,4,0,1000,1,1,0
14773,3,1950,4,0,1000,1,1,0
14774,3,1951,4,0,1000,1,1,0
14775,3,1952,4,0,1000,1,1,0
14776,3,1953,4,0,1000,1,1,0
14777,3,1954,4,0,1000,1,1,0
14778,3,1955,4,0,1000,1,1,0
14779,1,613,4,0,1000,1,1,0
14780,1,614,4,0,1000,1,1,0
14781,1,615,4,0,1000,1,1,0
14782,1,613,4,0,1000,1,1,1
14783,1,614,4,0,1000,1,1,1
14784,1,615,4,0,1000,1,1,1
14785,1,613,4,0,1000,1,1,2
14786,1,614,4,0,1000,1,1,2
14787,1,615,4,0,1000,1,1,2
14788,1,613,4,0,1000,1,1,3
14789,1,614,4,0,1000,1,1,3
14790,1,615,4,0,1000,1,1,3
14791,1,613,4,0,1000,1,1,4
14792,1,614,4,0,1000,1,1,4
14793,1,615,4,0,1000,1,1,4
14794,1,613,4,0,1000,1,1,5
14795,1,614,4,0,1000,1,1,5
14796,1,615,4,0,1000,1,1,5
14797,3,1956,4,0,1000,1,1,0
14798,3,1957,4,0,1000,1,1,0
14799,3,1958,4,0,1000,1,1,0
14800,3,1959,4,0,1000,1,1,0
14801,3,1960,4,0,1000,1,1,0
14802,3,1961,4,0,1000,1,1,0
14803,3,1962,4,0,1000,1,1,0
14804,3,1963,4,0,1000,1,1,0
14805,3,1964,4,0,1000,1,1,0
14806,3,1965,4,0,1000,1,1,0
14807,3,1966,4,0,1000,1,1,0
14808,3,1967,4,0,1000,1,1,0
14809,1,616,4,0,1000,1,1,0
14810,1,617,4,0,1000,1,1,0
14811,1,618,4,0,1000,1,1,0
14812,1,616,4,0,1000,1,1,1
14813,1,617,4,0,1000,1,1,1
14814,1,618,4,0,1000,1,1,1
14815,1,616,4,0,1000,1,1,2
14816,1,617,4,0,1000,1,1,2
14817,1,618,4,0,1000,1,1,2
14818,1,616,4,0,1000,1,1,3
14819,1,617,4,0,1000,1,1,3
14820,1,618,4,0,1000,1,1,3
14821,1,616,4,0,1000,1,1,4
14822,1,617,4,0,1000,1,1,4
14823,1,618,4,0,1000,1,1,4
14824,1,616,4,0,1000,1,1,5
14825,1,617,4,0,1000,1,1,5
14826,1,618,4,0,1000,1,1,5
14827,3,1968,4,0,1000,1,1,0
14828,3,1969,4,0,1000,1,1,0
14829,3,1970,4,0,1000,1,1,0
14830,3,1971,4,0,1000,1,1,0
14831,3,1972,4,0,1000,1,1,0
14832,3,1973,4,0,1000,1,1,0
14833,3,1974,4,0,1000,1,1,0
14834,3,1975,4,0,1000,1,1,0
14835,3,1976,4,0,1000,1,1,0
14836,3,1977,4,0,1000,1,1,0
14837,3,1978,4,0,1000,1,1,0
14838,3,1979,4,0,1000,1,1,0
14839,1,619,4,0,1000,1,1,0
14840,1,620,4,0,1000,1,1,0
14841,1,621,4,0,1000,1,1,0
14842,1,619,4,0,1000,1,1,1
14843,1,620,4,0,1000,1,1,1
14844,1,621,4,0,1000,1,1,1
14845,1,619,4,0,1000,1,1,2
14846,1,620,4,0,1000,1,1,2
14847,1,621,4,0,1000,1,1,2
14848,1,619,4,0,1000,1,1,3
14849,1,620,4,0,1000,1,1,3
14850,1,621,4,0,1000,1,1,3
14851,1,619,4,0,1000,1,1,4
14852,1,620,4,0,1000,1,1,4
14853,1,621,4,0,1000,1,1,4
14854,1,619,4,0,1000,1,1,5
14855,1,620,4,0,1000,1,1,5
14856,1,621,4,0,1000,1,1,5
14857,1,633,4,0,1000,2,2,0
14858,1,633,4,0,1000,4,4,0
14859,1,633,4,0,1000,6,6,0
14860,1,633,4,0,1000,8,8,0
14861,1,633,4,0,1000,12,12,0
14862,1,633,4,1,1000,14,14,0
14862,26,0,4,2,1000,10000,10000,0
14863,1,633,4,1,1000,18,18,0
14863,26,0,4,2,1000,15000,15000,0
14864,3,1980,4,0,1000,1,1,0
14865,3,1981,4,0,1000,1,1,0
14866,3,1982,4,0,1000,1,1,0
14867,3,1983,4,0,1000,1,1,0
14868,3,1984,4,0,1000,1,1,0
14869,3,1985,4,0,1000,1,1,0
14870,3,1986,4,0,1000,1,1,0
14871,3,1987,4,0,1000,1,1,0
14872,3,1988,4,0,1000,1,1,0
14873,3,1989,4,0,1000,1,1,0
14874,3,1990,4,0,1000,1,1,0
14875,3,1991,4,0,1000,1,1,0
14876,1,622,4,0,1000,1,1,0
14877,1,623,4,0,1000,1,1,0
14878,1,624,4,0,1000,1,1,0
14879,1,622,4,0,1000,1,1,1
14880,1,623,4,0,1000,1,1,1
14881,1,624,4,0,1000,1,1,1
14882,1,622,4,0,1000,1,1,2
14883,1,623,4,0,1000,1,1,2
14884,1,624,4,0,1000,1,1,2
14885,1,622,4,0,1000,1,1,3
14886,1,623,4,0,1000,1,1,3
14887,1,624,4,0,1000,1,1,3
14888,1,622,4,0,1000,1,1,4
14889,1,623,4,0,1000,1,1,4
14890,1,624,4,0,1000,1,1,4
14891,1,622,4,0,1000,1,1,5
14892,1,623,4,0,1000,1,1,5
14893,1,624,4,0,1000,1,1,5
14894,3,1992,4,0,1000,1,1,0
14895,3,1993,4,0,1000,1,1,0
14896,3,1994,4,0,1000,1,1,0
14897,3,1995,4,0,1000,1,1,0
14898,3,1996,4,0,1000,1,1,0
14899,3,1997,4,0,1000,1,1,0
14900,3,1998,4,0,1000,1,1,0
14901,3,1999,4,0,1000,1,1,0
14902,3,2000,4,0,1000,1,1,0
14903,3,2001,4,0,1000,1,1,0
14904,3,2002,4,0,1000,1,1,0
14905,3,2003,4,0,1000,1,1,0
14906,1,625,4,0,1000,1,1,0
14907,1,626,4,0,1000,1,1,0
14908,1,627,4,0,1000,1,1,0
14909,1,625,4,0,1000,1,1,1
14910,1,626,4,0,1000,1,1,1
14911,1,627,4,0,1000,1,1,1
14912,1,625,4,0,1000,1,1,2
14913,1,626,4,0,1000,1,1,2
14914,1,627,4,0,1000,1,1,2
14915,1,625,4,0,1000,1,1,3
14916,1,626,4,0,1000,1,1,3
14917,1,627,4,0,1000,1,1,3
14918,1,625,4,0,1000,1,1,4
14919,1,626,4,0,1000,1,1,4
14920,1,627,4,0,1000,1,1,4
14921,1,625,4,0,1000,1,1,5
14922,1,626,4,0,1000,1,1,5
14923,1,627,4,0,1000,1,1,5
14924,3,2004,4,0,1000,1,1,0
14925,3,2005,4,0,1000,1,1,0
14926,3,2006,4,0,1000,1,1,0
14927,3,2007,4,0,1000,1,1,0
14928,3,2008,4,0,1000,1,1,0
14929,3,2009,4,0,1000,1,1,0
14930,3,2010,4,0,1000,1,1,0
14931,3,2011,4,0,1000,1,1,0
14932,3,2012,4,0,1000,1,1,0
14933,3,2013,4,0,1000,1,1,0
14934,3,2014,4,0,1000,1,1,0
14935,3,2015,4,0,1000,1,1,0
14936,1,628,4,0,1000,1,1,0
14937,1,629,4,0,1000,1,1,0
14938,1,630,4,0,1000,1,1,0
14939,1,628,4,0,1000,1,1,1
14940,1,629,4,0,1000,1,1,1
14941,1,630,4,0,1000,1,1,1
14942,1,628,4,0,1000,1,1,2
14943,1,629,4,0,1000,1,1,2
14944,1,630,4,0,1000,1,1,2
14945,1,628,4,0,1000,1,1,3
14946,1,629,4,0,1000,1,1,3
14947,1,630,4,0,1000,1,1,3
14948,1,628,4,0,1000,1,1,4
14949,1,629,4,0,1000,1,1,4
14950,1,630,4,0,1000,1,1,4
14951,1,628,4,0,1000,1,1,5
14952,1,629,4,0,1000,1,1,5
14953,1,630,4,0,1000,1,1,5
14954,3,2016,4,0,1000,1,1,0
14955,3,2017,4,0,1000,1,1,0
14956,3,2018,4,0,1000,1,1,0
14957,3,2019,4,0,1000,1,1,0
14958,3,2020,4,0,1000,1,1,0
14959,3,2021,4,0,1000,1,1,0
14960,3,2022,4,0,1000,1,1,0
14961,3,2023,4,0,1000,1,1,0
14962,3,2024,4,0,1000,1,1,0
14963,3,2025,4,0,1000,1,1,0
14964,3,2026,4,0,1000,1,1,0
14965,3,2027,4,0,1000,1,1,0
14966,1,631,4,0,1000,1,1,0
14967,1,632,4,0,1000,1,1,0
14968,1,633,4,0,1000,1,1,0
14969,1,631,4,0,1000,1,1,1
14970,1,632,4,0,1000,1,1,1
14971,1,633,4,0,1000,1,1,1
14972,1,631,4,0,1000,1,1,2
14973,1,632,4,0,1000,1,1,2
14974,1,633,4,0,1000,1,1,2
14975,1,631,4,0,1000,1,1,3
14976,1,632,4,0,1000,1,1,3
14977,1,633,4,0,1000,1,1,3
14978,1,631,4,0,1000,1,1,4
14979,1,632,4,0,1000,1,1,4
14980,1,633,4,0,1000,1,1,4
14981,1,631,4,0,1000,1,1,5
14982,1,632,4,0,1000,1,1,5
14983,1,633,4,0,1000,1,1,5
14984,3,2040,4,0,1000,1,1,0
14985,3,2041,4,0,1000,1,1,0
14986,3,2042,4,0,1000,1,1,0
14987,3,2043,4,0,1000,1,1,0
14988,3,2044,4,0,1000,1,1,0
14989,3,2045,4,0,1000,1,1,0
14990,3,2046,4,0,1000,1,1,0
14991,3,2047,4,0,1000,1,1,0
14992,3,2048,4,0,1000,1,1,0
14993,3,2049,4,0,1000,1,1,0
14994,3,2050,4,0,1000,1,1,0
14995,3,2051,4,0,1000,1,1,0
14996,1,637,4,0,1000,1,1,0
14997,1,638,4,0,1000,1,1,0
14998,1,639,4,0,1000,1,1,0
14999,1,637,4,0,1000,1,1,1
15000,1,638,4,0,1000,1,1,1
15001,1,639,4,0,1000,1,1,1
15002,1,637,4,0,1000,1,1,2
15003,1,638,4,0,1000,1,1,2
15004,1,639,4,0,1000,1,1,2
15005,1,637,4,0,1000,1,1,3
15006,1,638,4,0,1000,1,1,3
15007,1,639,4,0,1000,1,1,3
15008,1,637,4,0,1000,1,1,4
15009,1,638,4,0,1000,1,1,4
15010,1,639,4,0,1000,1,1,4
15011,1,637,4,0,1000,1,1,5
15012,1,638,4,0,1000,1,1,5
15013,1,639,4,0,1000,1,1,5
15014,3,2052,4,0,1000,1,1,0
15015,3,2053,4,0,1000,1,1,0
15016,3,2054,4,0,1000,1,1,0
15017,3,2055,4,0,1000,1,1,0
15018,3,2056,4,0,1000,1,1,0
15019,3,2057,4,0,1000,1,1,0
15020,3,2058,4,0,1000,1,1,0
15021,3,2059,4,0,1000,1,1,0
15022,3,2060,4,0,1000,1,1,0
15023,3,2061,4,0,1000,1,1,0
15024,3,2062,4,0,1000,1,1,0
15025,3,2063,4,0,1000,1,1,0
15026,1,640,4,0,1000,1,1,0
15027,1,641,4,0,1000,1,1,0
15028,1,642,4,0,1000,1,1,0
15029,1,640,4,0,1000,1,1,1
15030,1,641,4,0,1000,1,1,1
15031,1,642,4,0,1000,1,1,1
15032,1,640,4,0,1000,1,1,2
15033,1,641,4,0,1000,1,1,2
15034,1,642,4,0,1000,1,1,2
15035,1,640,4,0,1000,1,1,3
15036,1,641,4,0,1000,1,1,3
15037,1,642,4,0,1000,1,1,3
15038,1,640,4,0,1000,1,1,4
15039,1,641,4,0,1000,1,1,4
15040,1,642,4,0,1000,1,1,4
15041,1,640,4,0,1000,1,1,5
15042,1,641,4,0,1000,1,1,5
15043,1,642,4,0,1000,1,1,5
15044,3,2064,4,0,1000,1,1,0
15045,3,2065,4,0,1000,1,1,0
15046,3,2066,4,0,1000,1,1,0
15047,3,2067,4,0,1000,1,1,0
15048,3,2068,4,0,1000,1,1,0
15049,3,2069,4,0,1000,1,1,0
15050,3,2070,4,0,1000,1,1,0
15051,3,2071,4,0,1000,1,1,0
15052,3,2072,4,0,1000,1,1,0
15053,3,2073,4,0,1000,1,1,0
15054,3,2074,4,0,1000,1,1,0
15055,3,2075,4,0,1000,1,1,0
15056,1,643,4,0,1000,1,1,0
15057,1,644,4,0,1000,1,1,0
15058,1,645,4,0,1000,1,1,0
15059,1,643,4,0,1000,1,1,1
15060,1,644,4,0,1000,1,1,1
15061,1,645,4,0,1000,1,1,1
15062,1,643,4,0,1000,1,1,2
15063,1,644,4,0,1000,1,1,2
15064,1,645,4,0,1000,1,1,2
15065,1,643,4,0,1000,1,1,3
15066,1,644,4,0,1000,1,1,3
15067,1,645,4,0,1000,1,1,3
15068,1,643,4,0,1000,1,1,4
15069,1,644,4,0,1000,1,1,4
15070,1,645,4,0,1000,1,1,4
15071,1,643,4,0,1000,1,1,5
15072,1,644,4,0,1000,1,1,5
15073,1,645,4,0,1000,1,1,5
15074,3,2076,4,0,1000,1,1,0
15075,3,2077,4,0,1000,1,1,0
15076,3,2078,4,0,1000,1,1,0
15077,3,2079,4,0,1000,1,1,0
15078,3,2080,4,0,1000,1,1,0
15079,3,2081,4,0,1000,1,1,0
15080,3,2082,4,0,1000,1,1,0
15081,3,2083,4,0,1000,1,1,0
15082,3,2084,4,0,1000,1,1,0
15083,3,2085,4,0,1000,1,1,0
15084,3,2086,4,0,1000,1,1,0
15085,3,2087,4,0,1000,1,1,0
15086,1,646,4,0,1000,1,1,0
15087,1,647,4,0,1000,1,1,0
15088,1,648,4,0,1000,1,1,0
15089,1,646,4,0,1000,1,1,1
15090,1,647,4,0,1000,1,1,1
15091,1,648,4,0,1000,1,1,1
15092,1,646,4,0,1000,1,1,2
15093,1,647,4,0,1000,1,1,2
15094,1,648,4,0,1000,1,1,2
15095,1,646,4,0,1000,1,1,3
15096,1,647,4,0,1000,1,1,3
15097,1,648,4,0,1000,1,1,3
15098,1,646,4,0,1000,1,1,4
15099,1,647,4,0,1000,1,1,4
15100,1,648,4,0,1000,1,1,4
15101,1,646,4,0,1000,1,1,5
15102,1,647,4,0,1000,1,1,5
15103,1,648,4,0,1000,1,1,5
15104,1,894,4,1,1000,23,23,0
15104,27,0,4,2,1000,1000,1000,0
15105,1,894,4,1,1000,16,16,0
15105,8,0,4,2,1000,10000,10000,0
15105,35,0,0,0,1000,1000,1000,0
15106,1,894,4,1,1000,16,16,0
15106,16,0,4,2,1000,5000,5000,0
15106,35,0,0,0,1000,1000,1000,0
15107,8,0,3,2,1000,15,15,0
15107,16,0,4,1,1000,3,3,0
15108,8,0,3,2,1000,25,25,0
15108,16,0,4,1,1000,4,4,0
15109,8,0,3,2,1000,35,35,0
15109,16,0,4,1,1000,5,5,0
15110,8,0,3,2,1000,45,45,0
15110,16,0,4,1,1000,6,6,0
15111,3,1908,4,3,250,1,1,0
15111,3,1908,4,4,250,1,1,0
15111,3,1909,4,3,250,1,1,0
15111,3,1909,4,4,250,1,1,0
15111,3,1910,4,3,250,1,1,0
15111,3,1910,4,4,250,1,1,0
15111,3,1911,4,3,250,1,1,0
15111,3,1911,4,4,250,1,1,0
15111,8,0,3,2,1000,200,200,0
15111,16,0,4,1,1000,7,7,0
15112,27,0,4,0,1000,10,10,0
15113,27,0,4,0,1000,100,100,0
15114,27,0,4,0,1000,1000,1000,0
15115,27,0,4,0,1000,10000,10000,0
15116,1,813,4,0,1000,1,1,0
15117,1,816,4,0,1000,1,1,0
15118,1,813,4,0,1000,1,1,0
15119,1,816,4,0,1000,1,1,0
15120,3,2088,4,0,1000,1,1,0
15121,3,2089,4,0,1000,1,1,0
15122,3,2090,4,0,1000,1,1,0
15123,3,2091,4,0,1000,1,1,0
15124,3,2092,4,0,1000,1,1,0
15125,3,2093,4,0,1000,1,1,0
15126,3,2094,4,0,1000,1,1,0
15127,3,2095,4,0,1000,1,1,0
15128,3,2096,4,0,1000,1,1,0
15129,3,2097,4,0,1000,1,1,0
15130,3,2098,4,0,1000,1,1,0
15131,3,2099,4,0,1000,1,1,0
15132,1,649,4,0,1000,1,1,0
15133,1,650,4,0,1000,1,1,0
15134,1,651,4,0,1000,1,1,0
15135,1,649,4,0,1000,1,1,1
15136,1,650,4,0,1000,1,1,1
15137,1,651,4,0,1000,1,1,1
15138,1,649,4,0,1000,1,1,2
15139,1,650,4,0,1000,1,1,2
15140,1,651,4,0,1000,1,1,2
15141,1,649,4,0,1000,1,1,3
15142,1,650,4,0,1000,1,1,3
15143,1,651,4,0,1000,1,1,3
15144,1,649,4,0,1000,1,1,4
15145,1,650,4,0,1000,1,1,4
15146,1,651,4,0,1000,1,1,4
15147,1,649,4,0,1000,1,1,5
15148,1,650,4,0,1000,1,1,5
15149,1,651,4,0,1000,1,1,5
15150,3,2100,4,0,1000,1,1,0
15151,3,2101,4,0,1000,1,1,0
15152,3,2102,4,0,1000,1,1,0
15153,3,2103,4,0,1000,1,1,0
15154,3,2104,4,0,1000,1,1,0
15155,3,2105,4,0,1000,1,1,0
15156,3,2106,4,0,1000,1,1,0
15157,3,2107,4,0,1000,1,1,0
15158,3,2108,4,0,1000,1,1,0
15159,3,2109,4,0,1000,1,1,0
15160,3,2110,4,0,1000,1,1,0
15161,3,2111,4,0,1000,1,1,0
15162,1,652,4,0,1000,1,1,0
15163,1,653,4,0,1000,1,1,0
15164,1,654,4,0,1000,1,1,0
15165,1,652,4,0,1000,1,1,1
15166,1,653,4,0,1000,1,1,1
15167,1,654,4,0,1000,1,1,1
15168,1,652,4,0,1000,1,1,2
15169,1,653,4,0,1000,1,1,2
15170,1,654,4,0,1000,1,1,2
15171,1,652,4,0,1000,1,1,3
15172,1,653,4,0,1000,1,1,3
15173,1,654,4,0,1000,1,1,3
15174,1,652,4,0,1000,1,1,4
15175,1,653,4,0,1000,1,1,4
15176,1,654,4,0,1000,1,1,4
15177,1,652,4,0,1000,1,1,5
15178,1,653,4,0,1000,1,1,5
15179,1,654,4,0,1000,1,1,5
15180,3,2028,4,0,1000,1,1,0
15181,3,2029,4,0,1000,1,1,0
15182,3,2030,4,0,1000,1,1,0
15183,3,2031,4,0,1000,1,1,0
15184,3,2032,4,0,1000,1,1,0
15185,3,2033,4,0,1000,1,1,0
15186,3,2034,4,0,1000,1,1,0
15187,3,2035,4,0,1000,1,1,0
15188,3,2036,4,0,1000,1,1,0
15189,3,2037,4,0,1000,1,1,0
15190,3,2038,4,0,1000,1,1,0
15191,3,2039,4,0,1000,1,1,0
15192,1,634,4,0,1000,1,1,0
15193,1,635,4,0,1000,1,1,0
15194,1,636,4,0,1000,1,1,0
15195,1,634,4,0,1000,1,1,1
15196,1,635,4,0,1000,1,1,1
15197,1,636,4,0,1000,1,1,1
15198,1,634,4,0,1000,1,1,2
15199,1,635,4,0,1000,1,1,2
15200,1,636,4,0,1000,1,1,2
15201,1,634,4,0,1000,1,1,3
15202,1,635,4,0,1000,1,1,3
15203,1,636,4,0,1000,1,1,3
15204,1,634,4,0,1000,1,1,4
15205,1,635,4,0,1000,1,1,4
15206,1,636,4,0,1000,1,1,4
15207,1,634,4,0,1000,1,1,5
15208,1,635,4,0,1000,1,1,5
15209,1,636,4,0,1000,1,1,5
15210,3,2112,4,0,1000,1,1,0
15211,3,2113,4,0,1000,1,1,0
15212,3,2114,4,0,1000,1,1,0
15213,3,2115,4,0,1000,1,1,0
15214,3,2116,4,0,1000,1,1,0
15215,3,2117,4,0,1000,1,1,0
15216,3,2118,4,0,1000,1,1,0
15217,3,2119,4,0,1000,1,1,0
15218,3,2120,4,0,1000,1,1,0
15219,3,2121,4,0,1000,1,1,0
15220,3,2122,4,0,1000,1,1,0
15221,3,2123,4,0,1000,1,1,0
15222,1,655,4,0,1000,1,1,0
15223,1,656,4,0,1000,1,1,0
15224,1,657,4,0,1000,1,1,0
15225,1,655,4,0,1000,1,1,1
15226,1,656,4,0,1000,1,1,1
15227,1,657,4,0,1000,1,1,1
15228,1,655,4,0,1000,1,1,2
15229,1,656,4,0,1000,1,1,2
15230,1,657,4,0,1000,1,1,2
15231,1,655,4,0,1000,1,1,3
15232,1,656,4,0,1000,1,1,3
15233,1,657,4,0,1000,1,1,3
15234,1,655,4,0,1000,1,1,4
15235,1,656,4,0,1000,1,1,4
15236,1,657,4,0,1000,1,1,4
15237,1,655,4,0,1000,1,1,5
15238,1,656,4,0,1000,1,1,5
15239,1,657,4,0,1000,1,1,5
15240,3,2124,4,0,1000,1,1,0
15241,3,2125,4,0,1000,1,1,0
15242,3,2126,4,0,1000,1,1,0
15243,3,2127,4,0,1000,1,1,0
15244,3,2128,4,0,1000,1,1,0
15245,3,2129,4,0,1000,1,1,0
15246,3,2130,4,0,1000,1,1,0
15247,3,2131,4,0,1000,1,1,0
15248,3,2132,4,0,1000,1,1,0
15249,3,2133,4,0,1000,1,1,0
15250,3,2134,4,0,1000,1,1,0
15251,3,2135,4,0,1000,1,1,0
15252,1,658,4,0,1000,1,1,0
15253,1,659,4,0,1000,1,1,0
15254,1,660,4,0,1000,1,1,0
15255,1,658,4,0,1000,1,1,1
15256,1,659,4,0,1000,1,1,1
15257,1,660,4,0,1000,1,1,1
15258,1,658,4,0,1000,1,1,2
15259,1,659,4,0,1000,1,1,2
15260,1,660,4,0,1000,1,1,2
15261,1,658,4,0,1000,1,1,3
15262,1,659,4,0,1000,1,1,3
15263,1,660,4,0,1000,1,1,3
15264,1,658,4,0,1000,1,1,4
15265,1,659,4,0,1000,1,1,4
15266,1,660,4,0,1000,1,1,4
15267,1,658,4,0,1000,1,1,5
15268,1,659,4,0,1000,1,1,5
15269,1,660,4,0,1000,1,1,5
15270,3,2136,4,0,1000,1,1,0
15271,3,2137,4,0,1000,1,1,0
15272,3,2138,4,0,1000,1,1,0
15273,3,2139,4,0,1000,1,1,0
15274,3,2140,4,0,1000,1,1,0
15275,3,2141,4,0,1000,1,1,0
15276,3,2142,4,0,1000,1,1,0
15277,3,2143,4,0,1000,1,1,0
15278,3,2144,4,0,1000,1,1,0
15279,3,2145,4,0,1000,1,1,0
15280,3,2146,4,0,1000,1,1,0
15281,3,2147,4,0,1000,1,1,0
15282,1,661,4,0,1000,1,1,0
15283,1,662,4,0,1000,1,1,0
15284,1,663,4,0,1000,1,1,0
15285,1,661,4,0,1000,1,1,1
15286,1,662,4,0,1000,1,1,1
15287,1,663,4,0,1000,1,1,1
15288,1,661,4,0,1000,1,1,2
15289,1,662,4,0,1000,1,1,2
15290,1,663,4,0,1000,1,1,2
15291,1,661,4,0,1000,1,1,3
15292,1,662,4,0,1000,1,1,3
15293,1,663,4,0,1000,1,1,3
15294,1,661,4,0,1000,1,1,4
15295,1,662,4,0,1000,1,1,4
15296,1,663,4,0,1000,1,1,4
15297,1,661,4,0,1000,1,1,5
15298,1,662,4,0,1000,1,1,5
15299,1,663,4,0,1000,1,1,5
15300,3,2148,4,0,1000,1,1,0
15301,3,2149,4,0,1000,1,1,0
15302,3,2150,4,0,1000,1,1,0
15303,3,2151,4,0,1000,1,1,0
15304,3,2152,4,0,1000,1,1,0
15305,3,2153,4,0,1000,1,1,0
15306,3,2154,4,0,1000,1,1,0
15307,3,2155,4,0,1000,1,1,0
15308,3,2156,4,0,1000,1,1,0
15309,3,2157,4,0,1000,1,1,0
15310,3,2158,4,0,1000,1,1,0
15311,3,2159,4,0,1000,1,1,0
15312,1,664,4,0,1000,1,1,0
15313,1,665,4,0,1000,1,1,0
15314,1,666,4,0,1000,1,1,0
15315,1,664,4,0,1000,1,1,1
15316,1,665,4,0,1000,1,1,1
15317,1,666,4,0,1000,1,1,1
15318,1,664,4,0,1000,1,1,2
15319,1,665,4,0,1000,1,1,2
15320,1,666,4,0,1000,1,1,2
15321,1,664,4,0,1000,1,1,3
15322,1,665,4,0,1000,1,1,3
15323,1,666,4,0,1000,1,1,3
15324,1,664,4,0,1000,1,1,4
15325,1,665,4,0,1000,1,1,4
15326,1,666,4,0,1000,1,1,4
15327,1,664,4,0,1000,1,1,5
15328,1,665,4,0,1000,1,1,5
15329,1,666,4,0,1000,1,1,5
15330,3,2160,4,0,1000,1,1,0
15331,3,2161,4,0,1000,1,1,0
15332,3,2162,4,0,1000,1,1,0
15333,3,2163,4,0,1000,1,1,0
15334,3,2164,4,0,1000,1,1,0
15335,3,2165,4,0,1000,1,1,0
15336,3,2166,4,0,1000,1,1,0
15337,3,2167,4,0,1000,1,1,0
15338,3,2168,4,0,1000,1,1,0
15339,3,2169,4,0,1000,1,1,0
15340,3,2170,4,0,1000,1,1,0
15341,3,2171,4,0,1000,1,1,0
15342,1,667,4,0,1000,1,1,0
15343,1,668,4,0,1000,1,1,0
15344,1,669,4,0,1000,1,1,0
15345,1,667,4,0,1000,1,1,1
15346,1,668,4,0,1000,1,1,1
15347,1,669,4,0,1000,1,1,1
15348,1,667,4,0,1000,1,1,2
15349,1,668,4,0,1000,1,1,2
15350,1,669,4,0,1000,1,1,2
15351,1,667,4,0,1000,1,1,3
15352,1,668,4,0,1000,1,1,3
15353,1,669,4,0,1000,1,1,3
15354,1,667,4,0,1000,1,1,4
15355,1,668,4,0,1000,1,1,4
15356,1,669,4,0,1000,1,1,4
15357,1,667,4,0,1000,1,1,5
15358,1,668,4,0,1000,1,1,5
15359,1,669,4,0,1000,1,1,5
15360,3,2172,4,0,1000,1,1,0
15361,3,2173,4,0,1000,1,1,0
15362,3,2174,4,0,1000,1,1,0
15363,3,2175,4,0,1000,1,1,0
15364,3,2176,4,0,1000,1,1,0
15365,3,2177,4,0,1000,1,1,0
15366,3,2178,4,0,1000,1,1,0
15367,3,2179,4,0,1000,1,1,0
15368,3,2180,4,0,1000,1,1,0
15369,3,2181,4,0,1000,1,1,0
15370,3,2182,4,0,1000,1,1,0
15371,3,2183,4,0,1000,1,1,0
15372,1,670,4,0,1000,1,1,0
15373,1,671,4,0,1000,1,1,0
15374,1,672,4,0,1000,1,1,0
15375,1,670,4,0,1000,1,1,1
15376,1,671,4,0,1000,1,1,1
15377,1,672,4,0,1000,1,1,1
15378,1,670,4,0,1000,1,1,2
15379,1,671,4,0,1000,1,1,2
15380,1,672,4,0,1000,1,1,2
15381,1,670,4,0,1000,1,1,3
15382,1,671,4,0,1000,1,1,3
15383,1,672,4,0,1000,1,1,3
15384,1,670,4,0,1000,1,1,4
15385,1,671,4,0,1000,1,1,4
15386,1,672,4,0,1000,1,1,4
15387,1,670,4,0,1000,1,1,5
15388,1,671,4,0,1000,1,1,5
15389,1,672,4,0,1000,1,1,5
15390,3,2184,4,0,1000,1,1,0
15391,3,2185,4,0,1000,1,1,0
15392,3,2186,4,0,1000,1,1,0
15393,3,2187,4,0,1000,1,1,0
15394,3,2188,4,0,1000,1,1,0
15395,3,2189,4,0,1000,1,1,0
15396,3,2190,4,0,1000,1,1,0
15397,3,2191,4,0,1000,1,1,0
15398,3,2192,4,0,1000,1,1,0
15399,3,2193,4,0,1000,1,1,0
15400,3,2194,4,0,1000,1,1,0
15401,3,2195,4,0,1000,1,1,0
15402,1,673,4,0,1000,1,1,0
15403,1,674,4,0,1000,1,1,0
15404,1,675,4,0,1000,1,1,0
15405,1,673,4,0,1000,1,1,1
15406,1,674,4,0,1000,1,1,1
15407,1,675,4,0,1000,1,1,1
15408,1,673,4,0,1000,1,1,2
15409,1,674,4,0,1000,1,1,2
15410,1,675,4,0,1000,1,1,2
15411,1,673,4,0,1000,1,1,3
15412,1,674,4,0,1000,1,1,3
15413,1,675,4,0,1000,1,1,3
15414,1,673,4,0,1000,1,1,4
15415,1,674,4,0,1000,1,1,4
15416,1,675,4,0,1000,1,1,4
15417,1,673,4,0,1000,1,1,5
15418,1,674,4,0,1000,1,1,5
15419,1,675,4,0,1000,1,1,5
15420,3,2196,4,0,1000,1,1,0
15421,3,2197,4,0,1000,1,1,0
15422,3,2198,4,0,1000,1,1,0
15423,3,2199,4,0,1000,1,1,0
15424,3,2200,4,0,1000,1,1,0
15425,3,2201,4,0,1000,1,1,0
15426,3,2202,4,0,1000,1,1,0
15427,3,2203,4,0,1000,1,1,0
15428,3,2204,4,0,1000,1,1,0
15429,3,2205,4,0,1000,1,1,0
15430,3,2206,4,0,1000,1,1,0
15431,3,2207,4,0,1000,1,1,0
15432,1,676,4,0,1000,1,1,0
15433,1,677,4,0,1000,1,1,0
15434,1,678,4,0,1000,1,1,0
15435,1,676,4,0,1000,1,1,1
15436,1,677,4,0,1000,1,1,1
15437,1,678,4,0,1000,1,1,1
15438,1,676,4,0,1000,1,1,2
15439,1,677,4,0,1000,1,1,2
15440,1,678,4,0,1000,1,1,2
15441,1,676,4,0,1000,1,1,3
15442,1,677,4,0,1000,1,1,3
15443,1,678,4,0,1000,1,1,3
15444,1,676,4,0,1000,1,1,4
15445,1,677,4,0,1000,1,1,4
15446,1,678,4,0,1000,1,1,4
15447,1,676,4,0,1000,1,1,5
15448,1,677,4,0,1000,1,1,5
15449,1,678,4,0,1000,1,1,5
15450,3,2208,4,0,1000,1,1,0
15451,3,2209,4,0,1000,1,1,0
15452,3,2210,4,0,1000,1,1,0
15453,3,2211,4,0,1000,1,1,0
15454,3,2212,4,0,1000,1,1,0
15455,3,2213,4,0,1000,1,1,0
15456,3,2214,4,0,1000,1,1,0
15457,3,2215,4,0,1000,1,1,0
15458,3,2216,4,0,1000,1,1,0
15459,3,2217,4,0,1000,1,1,0
15460,3,2218,4,0,1000,1,1,0
15461,3,2219,4,0,1000,1,1,0
15462,1,679,4,0,1000,1,1,0
15463,1,680,4,0,1000,1,1,0
15464,1,681,4,0,1000,1,1,0
15465,1,679,4,0,1000,1,1,1
15466,1,680,4,0,1000,1,1,1
15467,1,681,4,0,1000,1,1,1
15468,1,679,4,0,1000,1,1,2
15469,1,680,4,0,1000,1,1,2
15470,1,681,4,0,1000,1,1,2
15471,1,679,4,0,1000,1,1,3
15472,1,680,4,0,1000,1,1,3
15473,1,681,4,0,1000,1,1,3
15474,1,679,4,0,1000,1,1,4
15475,1,680,4,0,1000,1,1,4
15476,1,681,4,0,1000,1,1,4
15477,1,679,4,0,1000,1,1,5
15478,1,680,4,0,1000,1,1,5
15479,1,681,4,0,1000,1,1,5
15480,3,2220,4,0,1000,1,1,0
15481,3,2221,4,0,1000,1,1,0
15482,3,2222,4,0,1000,1,1,0
15483,3,2223,4,0,1000,1,1,0
15484,3,2224,4,0,1000,1,1,0
15485,3,2225,4,0,1000,1,1,0
15486,3,2226,4,0,1000,1,1,0
15487,3,2227,4,0,1000,1,1,0
15488,3,2228,4,0,1000,1,1,0
15489,3,2229,4,0,1000,1,1,0
15490,3,2230,4,0,1000,1,1,0
15491,3,2231,4,0,1000,1,1,0
15492,1,682,4,0,1000,1,1,0
15493,1,683,4,0,1000,1,1,0
15494,1,684,4,0,1000,1,1,0
15495,1,682,4,0,1000,1,1,1
15496,1,683,4,0,1000,1,1,1
15497,1,684,4,0,1000,1,1,1
15498,1,682,4,0,1000,1,1,2
15499,1,683,4,0,1000,1,1,2
15500,1,684,4,0,1000,1,1,2
15501,1,682,4,0,1000,1,1,3
15502,1,683,4,0,1000,1,1,3
15503,1,684,4,0,1000,1,1,3
15504,1,682,4,0,1000,1,1,4
15505,1,683,4,0,1000,1,1,4
15506,1,684,4,0,1000,1,1,4
15507,1,682,4,0,1000,1,1,5
15508,1,683,4,0,1000,1,1,5
15509,1,684,4,0,1000,1,1,5
15510,1,886,4,2,330,1,1,0
15510,1,886,4,3,330,1,1,0
15510,1,886,4,4,330,1,1,0
15510,1,886,4,5,330,1,1,0
15510,1,886,4,7,330,1,1,0
15510,1,887,4,2,330,1,1,0
15510,1,887,4,3,330,1,1,0
15510,1,887,4,4,330,1,1,0
15510,1,887,4,5,330,1,1,0
15510,1,887,4,7,330,1,1,0
15510,1,888,4,2,340,1,1,0
15510,1,888,4,3,340,1,1,0
15510,1,888,4,4,340,1,1,0
15510,1,888,4,5,340,1,1,0
15510,1,888,4,7,340,1,1,0
15510,4,3,4,6,1000,1,1,0
15510,8,0,3,1,1000,16000,16000,0
15511,1,886,4,2,330,1,1,0
15511,1,886,4,3,330,1,1,0
15511,1,886,4,4,330,1,1,0
15511,1,886,4,5,330,1,1,0
15511,1,886,4,7,330,1,1,0
15511,1,886,4,8,330,1,1,0
15511,1,887,4,2,330,1,1,0
15511,1,887,4,3,330,1,1,0
15511,1,887,4,4,330,1,1,0
15511,1,887,4,5,330,1,1,0
15511,1,887,4,7,330,1,1,0
15511,1,887,4,8,330,1,1,0
15511,1,888,4,2,340,1,1,0
15511,1,888,4,3,340,1,1,0
15511,1,888,4,4,340,1,1,0
15511,1,888,4,5,340,1,1,0
15511,1,888,4,7,340,1,1,0
15511,1,888,4,8,340,1,1,0
15511,4,3,4,6,1000,1,1,0
15511,8,0,3,1,1000,20000,20000,0
15512,1,886,4,2,330,1,1,0
15512,1,886,4,3,330,1,1,0
15512,1,886,4,4,330,1,1,0
15512,1,886,4,5,330,1,1,0
15512,1,886,4,7,330,1,1,0
15512,1,886,4,8,330,1,1,0
15512,1,886,4,9,330,1,1,0
15512,1,887,4,2,330,1,1,0
15512,1,887,4,3,330,1,1,0
15512,1,887,4,4,330,1,1,0
15512,1,887,4,5,330,1,1,0
15512,1,887,4,7,330,1,1,0
15512,1,887,4,8,330,1,1,0
15512,1,887,4,9,330,1,1,0
15512,1,888,4,2,340,1,1,0
15512,1,888,4,3,340,1,1,0
15512,1,888,4,4,340,1,1,0
15512,1,888,4,5,340,1,1,0
15512,1,888,4,7,340,1,1,0
15512,1,888,4,8,340,1,1,0
15512,1,888,4,9,340,1,1,0
15512,4,3,4,6,1000,1,1,0
15512,8,0,3,1,1000,25000,25000,0
15513,1,886,4,2,330,1,1,0
15513,1,886,4,3,330,1,1,0
15513,1,886,4,4,330,1,1,0
15513,1,886,4,5,330,1,1,0
15513,1,886,4,7,330,1,1,0
15513,1,887,4,2,330,1,1,0
15513,1,887,4,3,330,1,1,0
15513,1,887,4,4,330,1,1,0
15513,1,887,4,5,330,1,1,0
15513,1,887,4,7,330,1,1,0
15513,1,888,4,2,340,1,1,0
15513,1,888,4,3,340,1,1,0
15513,1,888,4,4,340,1,1,0
15513,1,888,4,5,340,1,1,0
15513,1,888,4,7,340,1,1,0
15513,4,3,4,6,1000,1,1,0
15513,16,0,4,1,1000,8500,8500,0
15514,1,886,4,2,330,1,1,0
15514,1,886,4,3,330,1,1,0
15514,1,886,4,4,330,1,1,0
15514,1,886,4,5,330,1,1,0
15514,1,886,4,7,330,1,1,0
15514,1,886,4,8,330,1,1,0
15514,1,887,4,2,330,1,1,0
15514,1,887,4,3,330,1,1,0
15514,1,887,4,4,330,1,1,0
15514,1,887,4,5,330,1,1,0
15514,1,887,4,7,330,1,1,0
15514,1,887,4,8,330,1,1,0
15514,1,888,4,2,340,1,1,0
15514,1,888,4,3,340,1,1,0
15514,1,888,4,4,340,1,1,0
15514,1,888,4,5,340,1,1,0
15514,1,888,4,7,340,1,1,0
15514,1,888,4,8,340,1,1,0
15514,4,3,4,6,1000,1,1,0
15514,16,0,4,1,1000,10500,10500,0
15515,1,886,4,2,330,1,1,0
15515,1,886,4,3,330,1,1,0
15515,1,886,4,4,330,1,1,0
15515,1,886,4,5,330,1,1,0
15515,1,886,4,7,330,1,1,0
15515,1,886,4,8,330,1,1,0
15515,1,886,4,9,330,1,1,0
15515,1,887,4,2,330,1,1,0
15515,1,887,4,3,330,1,1,0
15515,1,887,4,4,330,1,1,0
15515,1,887,4,5,330,1,1,0
15515,1,887,4,7,330,1,1,0
15515,1,887,4,8,330,1,1,0
15515,1,887,4,9,330,1,1,0
15515,1,888,4,2,340,1,1,0
15515,1,888,4,3,340,1,1,0
15515,1,888,4,4,340,1,1,0
15515,1,888,4,5,340,1,1,0
15515,1,888,4,7,340,1,1,0
15515,1,888,4,8,340,1,1,0
15515,1,888,4,9,340,1,1,0
15515,4,3,4,6,1000,1,1,0
15515,16,0,4,1,1000,12500,12500,0
15516,3,2232,4,0,1000,1,1,0
15517,3,2233,4,0,1000,1,1,0
15518,3,2234,4,0,1000,1,1,0
15519,3,2235,4,0,1000,1,1,0
15520,3,2236,4,0,1000,1,1,0
15521,3,2237,4,0,1000,1,1,0
15522,3,2238,4,0,1000,1,1,0
15523,3,2239,4,0,1000,1,1,0
15524,3,2240,4,0,1000,1,1,0
15525,3,2241,4,0,1000,1,1,0
15526,3,2242,4,0,1000,1,1,0
15527,3,2243,4,0,1000,1,1,0
15528,1,685,4,0,1000,1,1,0
15529,1,686,4,0,1000,1,1,0
15530,1,687,4,0,1000,1,1,0
15531,1,685,4,0,1000,1,1,1
15532,1,686,4,0,1000,1,1,1
15533,1,687,4,0,1000,1,1,1
15534,1,685,4,0,1000,1,1,2
15535,1,686,4,0,1000,1,1,2
15536,1,687,4,0,1000,1,1,2
15537,1,685,4,0,1000,1,1,3
15538,1,686,4,0,1000,1,1,3
15539,1,687,4,0,1000,1,1,3
15540,1,685,4,0,1000,1,1,4
15541,1,686,4,0,1000,1,1,4
15542,1,687,4,0,1000,1,1,4
15543,1,685,4,0,1000,1,1,5
15544,1,686,4,0,1000,1,1,5
15545,1,687,4,0,1000,1,1,5
15546,3,2244,4,0,1000,1,1,0
15547,3,2245,4,0,1000,1,1,0
15548,3,2246,4,0,1000,1,1,0
15549,3,2247,4,0,1000,1,1,0
15550,3,2248,4,0,1000,1,1,0
15551,3,2249,4,0,1000,1,1,0
15552,3,2250,4,0,1000,1,1,0
15553,3,2251,4,0,1000,1,1,0
15554,3,2252,4,0,1000,1,1,0
15555,3,2253,4,0,1000,1,1,0
15556,3,2254,4,0,1000,1,1,0
15557,3,2255,4,0,1000,1,1,0
15558,1,688,4,0,1000,1,1,0
15559,1,689,4,0,1000,1,1,0
15560,1,690,4,0,1000,1,1,0
15561,1,688,4,0,1000,1,1,1
15562,1,689,4,0,1000,1,1,1
15563,1,690,4,0,1000,1,1,1
15564,1,688,4,0,1000,1,1,2
15565,1,689,4,0,1000,1,1,2
15566,1,690,4,0,1000,1,1,2
15567,1,688,4,0,1000,1,1,3
15568,1,689,4,0,1000,1,1,3
15569,1,690,4,0,1000,1,1,3
15570,1,688,4,0,1000,1,1,4
15571,1,689,4,0,1000,1,1,4
15572,1,690,4,0,1000,1,1,4
15573,1,688,4,0,1000,1,1,5
15574,1,689,4,0,1000,1,1,5
15575,1,690,4,0,1000,1,1,5
15576,3,2256,4,0,1000,1,1,0
15577,3,2257,4,0,1000,1,1,0
15578,3,2258,4,0,1000,1,1,0
15579,3,2259,4,0,1000,1,1,0
15580,3,2260,4,0,1000,1,1,0
15581,3,2261,4,0,1000,1,1,0
15582,3,2262,4,0,1000,1,1,0
15583,3,2263,4,0,1000,1,1,0
15584,3,2264,4,0,1000,1,1,0
15585,3,2265,4,0,1000,1,1,0
15586,3,2266,4,0,1000,1,1,0
15587,3,2267,4,0,1000,1,1,0
15588,1,691,4,0,1000,1,1,0
15589,1,692,4,0,1000,1,1,0
15590,1,693,4,0,1000,1,1,0
15591,1,691,4,0,1000,1,1,1
15592,1,692,4,0,1000,1,1,1
15593,1,693,4,0,1000,1,1,1
15594,1,691,4,0,1000,1,1,2
15595,1,692,4,0,1000,1,1,2
15596,1,693,4,0,1000,1,1,2
15597,1,691,4,0,1000,1,1,3
15598,1,692,4,0,1000,1,1,3
15599,1,693,4,0,1000,1,1,3
15600,1,691,4,0,1000,1,1,4
15601,1,692,4,0,1000,1,1,4
15602,1,693,4,0,1000,1,1,4
15603,1,691,4,0,1000,1,1,5
15604,1,692,4,0,1000,1,1,5
15605,1,693,4,0,1000,1,1,5
15606,1,888,4,3,1000,1,1,0
15606,8,0,3,2,1000,167,167,0
15606,16,0,4,1,1000,34,34,0
15607,1,888,4,0,1000,2,2,0
15608,1,876,4,3,1000,1,1,0
15608,8,0,3,2,1000,137,137,0
15608,16,0,4,1,1000,25,25,0
15609,1,876,4,0,1000,2,2,0
15610,1,861,4,3,1000,1,1,0
15610,8,0,3,2,1000,100,100,0
15610,16,0,4,1,1000,17,17,0
15611,1,861,4,0,1000,2,2,0
15612,1,840,4,3,1000,1,1,0
15612,8,0,3,2,1000,84,84,0
15612,16,0,4,1,1000,15,15,0
15613,1,840,4,0,1000,2,2,0
15614,1,885,4,3,1000,1,1,0
15614,8,0,3,2,1000,84,84,0
15614,16,0,4,1,1000,15,15,0
15615,1,885,4,0,1000,2,2,0
15616,1,873,4,3,1000,1,1,0
15616,8,0,3,2,1000,67,67,0
15616,16,0,4,1,1000,14,14,0
15617,1,873,4,0,1000,2,2,0
15618,1,858,4,3,1000,1,1,0
15618,8,0,3,2,1000,67,67,0
15618,16,0,4,1,1000,14,14,0
15619,1,858,4,0,1000,2,2,0
15620,1,843,4,3,1000,1,1,0
15620,8,0,3,2,1000,67,67,0
15620,16,0,4,1,1000,12,12,0
15621,1,843,4,0,1000,2,2,0
15622,1,828,4,3,1000,1,1,0
15622,8,0,3,2,1000,67,67,0
15622,16,0,4,1,1000,12,12,0
15623,1,828,4,0,1000,2,2,0
15624,1,882,4,3,1000,1,1,0
15624,8,0,3,2,1000,50,50,0
15624,16,0,4,1,1000,10,10,0
15625,1,882,4,0,1000,2,2,0
15626,1,891,4,3,1000,1,1,0
15626,8,0,3,2,1000,50,50,0
15626,16,0,4,1,1000,10,10,0
15627,1,891,4,0,1000,2,2,0
15628,1,879,4,3,1000,1,1,0
15628,8,0,3,2,1000,50,50,0
15628,16,0,4,1,1000,10,10,0
15629,1,879,4,0,1000,2,2,0
15630,1,870,4,3,1000,1,1,0
15630,8,0,3,2,1000,50,50,0
15630,16,0,4,1,1000,10,10,0
15631,1,870,4,0,1000,2,2,0
15632,1,867,4,3,1000,1,1,0
15632,8,0,3,2,1000,40,40,0
15632,16,0,4,1,1000,7,7,0
15633,1,867,4,0,1000,2,2,0
15634,1,864,4,3,1000,1,1,0
15634,8,0,3,2,1000,40,40,0
15634,16,0,4,1,1000,7,7,0
15635,1,864,4,0,1000,2,2,0
15636,1,855,4,3,1000,1,1,0
15636,8,0,3,2,1000,40,40,0
15636,16,0,4,1,1000,7,7,0
15637,1,855,4,0,1000,2,2,0
15638,1,852,4,3,1000,1,1,0
15638,8,0,3,2,1000,40,40,0
15638,16,0,4,1,1000,7,7,0
15639,1,852,4,0,1000,2,2,0
15640,1,849,4,3,1000,1,1,0
15640,8,0,3,2,1000,34,34,0
15640,16,0,4,1,1000,4,4,0
15641,1,849,4,0,1000,2,2,0
15642,1,846,4,3,1000,1,1,0
15642,8,0,3,2,1000,34,34,0
15642,16,0,4,1,1000,4,4,0
15643,1,846,4,0,1000,2,2,0
15644,1,837,4,3,1000,1,1,0
15644,8,0,3,2,1000,34,34,0
15644,16,0,4,1,1000,4,4,0
15645,1,837,4,0,1000,2,2,0
15646,1,831,4,3,1000,1,1,0
15646,8,0,3,2,1000,34,34,0
15646,16,0,4,1,1000,4,4,0
15647,1,831,4,0,1000,2,2,0
15648,1,561,4,0,1000,1,1,0
15649,1,579,4,0,1000,1,1,0
15650,1,503,4,0,1000,1,1,0
15651,1,567,4,0,1000,1,1,0
15652,1,573,4,0,1000,1,1,0
15653,1,528,4,0,1000,1,1,0
15654,1,502,4,0,1000,1,1,0
15655,1,564,4,0,1000,1,1,0
15656,4,2,4,0,1000,1,1,0
15657,1,549,4,0,1000,1,1,0
15658,1,519,4,0,1000,1,1,0
15659,1,582,4,0,1000,1,1,0
15660,1,576,4,0,1000,1,1,0
15661,1,601,4,0,1000,1,1,0
15662,1,621,4,0,1000,1,1,0
15663,1,624,4,0,1000,1,1,0
15664,1,612,4,0,1000,1,1,0
15665,1,609,4,0,1000,1,1,0
15666,1,604,4,0,1000,1,1,0
15667,1,645,4,0,1000,1,1,0
15668,4,3,4,0,1000,1,1,0
15669,1,654,4,0,1000,1,1,0
15670,1,663,4,0,1000,1,1,0
15671,1,660,4,0,1000,1,1,0
15672,1,669,4,0,1000,1,1,0
15673,1,672,4,0,1000,1,1,0
15674,1,675,4,0,1000,1,1,0
15675,1,555,4,0,1000,1,1,0
15676,1,642,4,0,1000,1,1,0
15677,1,651,4,0,1000,1,1,0
15678,1,666,4,0,1000,1,1,0
15679,1,681,4,0,1000,1,1,0
15680,1,615,4,0,1000,1,1,0
15681,1,601,4,0,1000,1,1,0
15682,1,588,4,0,1000,1,1,0
15683,1,657,4,0,1000,1,1,0
15684,1,663,4,0,1000,1,1,0
15685,1,687,4,0,1000,1,1,0
15686,8,0,4,0,1000,2000,2000,0
15687,1,519,4,0,1000,1,1,0
15688,16,0,4,0,1000,2000,2000,0
15689,1,598,4,0,1000,1,1,0
15690,1,612,4,0,1000,1,1,0
15691,1,604,4,0,1000,1,1,0
15692,1,654,4,0,1000,1,1,0
15693,1,540,4,0,1000,1,1,0
15694,8,0,4,0,1000,1000,1000,0
15695,1,549,4,0,1000,1,1,0
15696,16,0,4,0,1000,1000,1000,0
15697,1,570,4,0,1000,1,1,0
15698,1,618,4,0,1000,1,1,0
15699,1,609,4,0,1000,1,1,0
15700,1,660,4,0,1000,1,1,0
15701,1,567,4,0,1000,1,1,0
15702,8,0,4,0,1000,1000,1000,0
15703,1,502,4,0,1000,1,1,0
15704,16,0,4,0,1000,1000,1000,0
15705,1,576,4,0,1000,1,1,0
15706,1,621,4,0,1000,1,1,0
15707,1,630,4,0,1000,1,1,0
15708,1,672,4,0,1000,1,1,0
15709,1,573,4,0,1000,1,1,0
15710,8,0,4,0,1000,1000,1000,0
15711,1,488,4,0,1000,1,1,0
15712,16,0,4,0,1000,1000,1000,0
15713,1,582,4,0,1000,1,1,0
15714,1,624,4,0,1000,1,1,0
15715,1,633,4,0,1000,1,1,0
15716,1,675,4,0,1000,1,1,0
15717,1,552,4,0,1000,1,1,0
15718,8,0,4,0,1000,1000,1000,0
15719,1,509,4,0,1000,1,1,0
15720,16,0,4,0,1000,1000,1000,0
15721,1,594,4,0,1000,1,1,0
15722,1,627,4,0,1000,1,1,0
15723,1,639,4,0,1000,1,1,0
15724,1,555,4,0,1000,1,1,0
15725,1,531,4,0,1000,1,1,0
15726,8,0,4,0,1000,1000,1000,0
15727,1,585,4,0,1000,1,1,0
15728,16,0,4,0,1000,1000,1000,0
15729,1,597,4,0,1000,1,1,0
15730,1,648,4,0,1000,1,1,0
15731,1,645,4,0,1000,1,1,0
15732,1,669,4,0,1000,1,1,0
15733,1,678,4,0,1000,1,1,0
15734,8,0,4,0,1000,2000,2000,0
15735,1,591,4,0,1000,1,1,0
15736,16,0,4,0,1000,2000,2000,0
15737,11,0,4,0,1000,6,6,1
15738,7,0,1,0,1000,100000000,100000000,0
15739,1,540,4,0,1000,1,1,0
15740,11,0,4,0,1000,12,12,1
15741,7,0,1,0,1000,100000000,100000000,0
15742,1,552,4,0,1000,1,1,0
15743,11,0,4,0,1000,30,30,1
15744,7,0,1,0,1000,100000000,100000000,0
15745,1,509,4,0,1000,1,1,0
15746,11,0,4,0,1000,50,50,1
15747,7,0,1,0,1000,100000000,100000000,0
15748,1,567,4,0,1000,1,1,0
15749,1,503,4,0,1000,1,1,0
15750,11,0,4,0,1000,120,120,1
15751,7,0,1,0,1000,100000000,100000000,0
15752,1,378,4,0,1000,1,1,0
15753,1,573,4,0,1000,1,1,0
15754,11,0,4,0,1000,160,160,1
15755,7,0,1,0,1000,1000000000,1000000000,0
15756,1,598,4,0,1000,1,1,0
15757,1,502,4,0,1000,1,1,0
15758,11,0,4,0,1000,310,310,1
15759,7,0,1,0,1000,1000000000,1000000000,0
15760,1,564,4,0,1000,1,1,0
15761,1,549,4,0,1000,1,1,0
15762,11,0,4,0,1000,400,400,1
15763,7,0,1,0,1000,1000000000,1000000000,0
15764,1,519,4,0,1000,1,1,0
15765,1,558,4,0,1000,1,1,0
15766,11,0,4,0,1000,660,660,1
15767,7,0,1,0,1000,1000000000,1000000000,0
15768,27,0,3,0,1000,300,300,0
15769,1,612,4,0,1000,1,1,0
15770,1,582,4,0,1000,1,1,0
15771,1,594,4,0,1000,1,1,0
15772,11,0,4,0,1000,1300,1300,1
15773,7,0,1,0,1000,1000000000,1000000000,0
15774,27,0,3,0,1000,700,700,0
15775,1,618,4,0,1000,1,1,0
15776,1,624,4,0,1000,1,1,0
15777,1,621,4,0,1000,1,1,0
15778,11,0,4,0,1000,2500,2500,1
15779,7,0,1,0,1000,1000000000,1000000000,0
15780,26,0,3,0,1000,1000,1000,0
15781,8,0,4,0,1000,300,300,0
15782,1,648,4,0,1000,1,1,0
15783,1,601,4,0,1000,1,1,0
15784,1,588,4,0,1000,1,1,0
15785,11,0,4,0,1000,6000,6000,1
15786,7,0,1,0,1000,1000000000,1000000000,0
15787,26,0,3,0,1000,2000,2000,0
15788,8,0,4,0,1000,700,700,0
15789,1,627,4,0,1000,1,1,0
15790,1,633,4,0,1000,1,1,0
15791,1,604,4,0,1000,1,1,0
15792,1,639,4,0,1000,1,1,0
15793,11,0,4,0,1000,10000,10000,1
15794,7,0,1,0,1000,1000000000,1000000000,0
15795,26,0,3,0,1000,3000,3000,0
15796,16,0,4,0,1000,300,300,0
15797,1,609,4,0,1000,1,1,0
15798,1,630,4,0,1000,1,1,0
15799,1,654,4,0,1000,1,1,0
15800,1,657,4,0,1000,1,1,0
15801,11,0,4,0,1000,17000,17000,1
15802,7,0,1,0,1000,1000000000,1000000000,0
15803,26,0,3,0,1000,4000,4000,0
15804,16,0,4,0,1000,700,700,0
15805,1,663,4,0,1000,1,1,0
15806,1,555,4,0,1000,1,1,0
15807,1,651,4,0,1000,1,1,0
15808,1,666,4,0,1000,1,1,0
15809,1,681,4,0,1000,1,1,0
15810,1,378,4,0,1000,1,1,0
15812,4,2,4,0,1000,1,1,0
15813,1,567,4,0,1000,1,1,0
15814,8,0,4,0,1000,1000,1000,0
15815,4,3,4,0,1000,1,1,0
15816,1,519,4,0,1000,1,1,0
15817,16,0,4,0,1000,2000,2000,0
15818,4,3,4,0,1000,1,1,0
15819,1,549,4,0,1000,1,1,0
15820,8,0,4,0,1000,5000,5000,0
15821,7,0,1,0,1000,1000000000,1000000000,0
15822,1,657,4,0,1000,1,1,0
15823,1,612,4,0,1000,1,1,0
15824,16,0,4,0,1000,5000,5000,0
15825,7,0,1,0,1000,1000000000,1000000000,0
15826,1,660,4,0,1000,1,1,0
15827,1,648,4,0,1000,1,1,0
15828,8,0,4,0,1000,5000,5000,0
15829,16,0,4,0,1000,5000,5000,0
15830,7,0,1,0,1000,1000000000,1000000000,0
15831,1,663,4,0,1000,1,1,0
15832,1,654,4,0,1000,1,1,0
15833,8,0,4,0,1000,5000,5000,0
15834,16,0,4,0,1000,5000,5000,0
15835,7,0,1,0,1000,1000000000,1000000000,0
15836,1,669,4,0,1000,1,1,0
15837,1,657,4,0,1000,1,1,0
15838,8,0,4,0,1000,5000,5000,0
15839,16,0,4,0,1000,5000,5000,0
15840,7,0,1,0,1000,1000000000,1000000000,0
15841,1,672,4,0,1000,1,1,0
15842,1,642,4,0,1000,1,1,0
15843,8,0,4,0,1000,5000,5000,0
15844,16,0,4,0,1000,5000,5000,0
15845,7,0,1,0,1000,1000000000,1000000000,0
15846,1,675,4,0,1000,1,1,0
15847,1,585,4,0,1000,1,1,0
15848,1,531,4,0,1000,1,1,0
15849,1,509,4,0,1000,1,1,0
15850,1,540,4,0,1000,1,1,0
15851,4,2,4,0,1000,1,1,0
15852,1,561,4,0,1000,1,1,0
15853,1,503,4,0,1000,1,1,0
15854,1,573,4,0,1000,1,1,0
15855,1,579,4,0,1000,1,1,0
15856,1,567,4,0,1000,1,1,0
15857,1,528,4,0,1000,1,1,0
15858,1,519,4,0,1000,1,1,0
15859,1,549,4,0,1000,1,1,0
15860,1,564,4,0,1000,1,1,0
15861,1,598,4,0,1000,1,1,0
15862,1,502,4,0,1000,1,1,0
15863,1,582,4,0,1000,1,1,0
15864,1,576,4,0,1000,1,1,0
15865,1,621,4,0,1000,1,1,0
15866,1,597,4,0,1000,1,1,0
15867,4,3,4,0,1000,1,1,0
15868,1,624,4,0,1000,1,1,0
15869,1,612,4,0,1000,1,1,0
15870,1,601,4,0,1000,1,1,0
15871,1,645,4,0,1000,1,1,0
15872,1,609,4,0,1000,1,1,0
15873,1,604,4,0,1000,1,1,0
15874,1,657,4,0,1000,1,1,0
15875,1,618,4,0,1000,1,1,0
15876,1,648,4,0,1000,1,1,0
15877,1,654,4,0,1000,1,1,0
15878,1,663,4,0,1000,1,1,0
15879,1,660,4,0,1000,1,1,0
15880,1,639,4,0,1000,1,1,0
15881,1,633,4,0,1000,1,1,0
15882,1,675,4,0,1000,1,1,0
15883,1,555,4,0,1000,1,1,0
15884,1,669,4,0,1000,1,1,0
15885,1,672,4,0,1000,1,1,0
15886,1,666,4,0,1000,1,1,0
15887,1,681,4,0,1000,1,1,0
15888,1,642,4,0,1000,1,1,0
15889,1,651,4,0,1000,1,1,0
15890,4,3,4,0,1000,1,1,0
15891,1,615,4,0,1000,1,1,0
15892,1,615,4,0,1000,1,1,0
15893,1,681,4,0,1000,1,1,0
15894,1,651,4,0,1000,1,1,0
15895,1,666,4,0,1000,1,1,0
15896,1,642,4,0,1000,1,1,0
15897,1,555,4,0,1000,2,2,0
15898,1,669,4,0,1000,2,2,0
15899,1,672,4,0,1000,2,2,0
15900,1,675,4,0,1000,2,2,0
15901,1,657,4,0,1000,2,2,0
15902,1,660,4,0,1000,2,2,0
15903,1,630,4,0,1000,2,2,0
15904,1,654,4,0,1000,4,4,0
15905,1,663,4,0,1000,4,4,0
15906,1,633,4,0,1000,4,4,0
15907,1,639,4,0,1000,4,4,0
15908,1,648,4,0,1000,4,4,0
15909,1,609,4,0,1000,4,4,0
15910,1,645,4,0,1000,4,4,0
15911,1,604,4,0,1000,4,4,0
15912,1,612,4,0,1000,4,4,0
15913,1,618,4,0,1000,4,4,0
15914,1,588,4,0,1000,4,4,0
15915,1,601,4,0,1000,4,4,0
15916,1,594,4,0,1000,4,4,0
15917,1,582,4,0,1000,4,4,0
15918,1,621,4,0,1000,4,4,0
15919,1,624,4,0,1000,4,4,0
15920,1,627,4,0,1000,4,4,0
15921,1,597,4,0,1000,4,4,0
15922,1,576,4,0,1000,4,4,0
15923,1,598,4,0,1000,4,4,0
15924,1,488,4,0,1000,4,4,0
15925,1,502,4,0,1000,4,4,0
15926,1,549,4,0,1000,4,4,0
15927,1,570,4,0,1000,4,4,0
15928,1,564,4,0,1000,4,4,0
15929,1,525,4,0,1000,4,4,0
15930,1,591,4,0,1000,4,4,0
15931,1,558,4,0,1000,4,4,0
15932,1,519,4,0,1000,4,4,0
15933,1,552,4,0,1000,4,4,0
15934,1,503,4,0,1000,4,4,0
15935,1,567,4,0,1000,4,4,0
15936,1,573,4,0,1000,4,4,0
15937,1,540,4,0,1000,4,4,0
15938,1,585,4,0,1000,4,4,0
15939,1,509,4,0,1000,4,4,0
15940,1,463,4,0,1000,4,4,0
15941,1,561,4,0,1000,4,4,0
15942,1,579,4,0,1000,4,4,0
15943,1,537,4,0,1000,4,4,0
15944,1,528,4,0,1000,4,4,0
15945,1,388,4,0,1000,4,4,0
15946,1,378,4,0,1000,4,4,0
15947,1,546,4,0,1000,4,4,0
15948,1,531,4,0,1000,4,4,0
15949,1,585,4,0,1000,1,1,0
15950,1,509,4,0,1000,1,1,0
15951,1,531,4,0,1000,1,1,0
15952,1,463,4,0,1000,1,1,0
15953,1,579,4,0,1000,1,1,0
15954,1,462,4,0,1000,1,1,0
15955,1,567,4,0,1000,1,1,0
15956,1,537,4,0,1000,1,1,0
15957,1,293,4,0,1000,1,1,0
15958,1,388,4,0,1000,1,1,0
15959,1,378,4,0,1000,1,1,0
15960,1,546,4,0,1000,1,1,0
15961,1,573,4,0,1000,1,1,0
15962,1,561,4,0,1000,1,1,0
15963,1,552,4,0,1000,1,1,0
15964,1,51,4,0,1000,1,1,0
15965,1,564,4,0,1000,1,1,0
15966,1,549,4,0,1000,1,1,0
15967,1,502,4,0,1000,1,1,0
15968,1,591,4,0,1000,1,1,0
15969,1,558,4,0,1000,1,1,0
15970,1,461,4,0,1000,1,1,0
15971,1,598,4,0,1000,1,1,0
15972,1,570,4,0,1000,1,1,0
15973,1,597,4,0,1000,1,1,0
15974,1,594,4,0,1000,1,1,0
15975,1,612,4,0,1000,1,1,0
15976,1,618,4,0,1000,1,1,0
15977,1,576,4,0,1000,1,1,0
15978,1,582,4,0,1000,1,1,0
15979,1,621,4,0,1000,1,1,0
15980,1,624,4,0,1000,1,1,0
15981,1,627,4,0,1000,1,1,0
15982,1,601,4,0,1000,1,1,0
15983,1,648,4,0,1000,1,1,0
15984,1,588,4,0,1000,1,1,0
15985,1,633,4,0,1000,1,1,0
15986,1,604,4,0,1000,1,1,0
15987,1,639,4,0,1000,1,1,0
15988,1,609,4,0,1000,1,1,0
15989,1,645,4,0,1000,1,1,0
15990,1,654,4,0,1000,1,1,0
15991,1,657,4,0,1000,1,1,0
15992,1,660,4,0,1000,1,1,0
15993,1,663,4,0,1000,1,1,0
15994,1,669,4,0,1000,1,1,0
15995,1,630,4,0,1000,1,1,0
15996,1,636,4,0,1000,1,1,0
15997,1,672,4,0,1000,1,1,0
15998,1,675,4,0,1000,1,1,0
15999,1,555,4,0,1000,1,1,0
16000,1,642,4,0,1000,1,1,0
16001,1,651,4,0,1000,1,1,0
16002,1,666,4,0,1000,1,1,0
16003,1,615,4,0,1000,1,1,0
16004,3,2268,4,0,1000,1,1,0
16005,3,2269,4,0,1000,1,1,0
16006,3,2270,4,0,1000,1,1,0
16007,3,2271,4,0,1000,1,1,0
16008,3,2272,4,0,1000,1,1,0
16009,3,2273,4,0,1000,1,1,0
16010,3,2274,4,0,1000,1,1,0
16011,3,2275,4,0,1000,1,1,0
16012,3,2276,4,0,1000,1,1,0
16013,3,2277,4,0,1000,1,1,0
16014,3,2278,4,0,1000,1,1,0
16015,3,2279,4,0,1000,1,1,0
16016,1,694,4,0,1000,1,1,0
16017,1,695,4,0,1000,1,1,0
16018,1,696,4,0,1000,1,1,0
16019,1,694,4,0,1000,1,1,1
16020,1,695,4,0,1000,1,1,1
16021,1,696,4,0,1000,1,1,1
16022,1,694,4,0,1000,1,1,2
16023,1,695,4,0,1000,1,1,2
16024,1,696,4,0,1000,1,1,2
16025,1,694,4,0,1000,1,1,3
16026,1,695,4,0,1000,1,1,3
16027,1,696,4,0,1000,1,1,3
16028,1,694,4,0,1000,1,1,4
16029,1,695,4,0,1000,1,1,4
16030,1,696,4,0,1000,1,1,4
16031,1,694,4,0,1000,1,1,5
16032,1,695,4,0,1000,1,1,5
16033,1,696,4,0,1000,1,1,5
16034,1,694,4,0,1000,1,1,6
16035,1,695,4,0,1000,1,1,6
16036,1,696,4,0,1000,1,1,6
16037,3,2280,4,0,1000,1,1,0
16038,3,2281,4,0,1000,1,1,0
16039,3,2282,4,0,1000,1,1,0
16040,3,2283,4,0,1000,1,1,0
16041,3,2284,4,0,1000,1,1,0
16042,3,2285,4,0,1000,1,1,0
16043,3,2286,4,0,1000,1,1,0
16044,3,2287,4,0,1000,1,1,0
16045,3,2288,4,0,1000,1,1,0
16046,3,2289,4,0,1000,1,1,0
16047,3,2290,4,0,1000,1,1,0
16048,3,2291,4,0,1000,1,1,0
16049,1,697,4,0,1000,1,1,0
16050,1,698,4,0,1000,1,1,0
16051,1,699,4,0,1000,1,1,0
16052,1,697,4,0,1000,1,1,1
16053,1,698,4,0,1000,1,1,1
16054,1,699,4,0,1000,1,1,1
16055,1,697,4,0,1000,1,1,2
16056,1,698,4,0,1000,1,1,2
16057,1,699,4,0,1000,1,1,2
16058,1,697,4,0,1000,1,1,3
16059,1,698,4,0,1000,1,1,3
16060,1,699,4,0,1000,1,1,3
16061,1,697,4,0,1000,1,1,4
16062,1,698,4,0,1000,1,1,4
16063,1,699,4,0,1000,1,1,4
16064,1,697,4,0,1000,1,1,5
16065,1,698,4,0,1000,1,1,5
16066,1,699,4,0,1000,1,1,5
16067,1,697,4,0,1000,1,1,6
16068,1,698,4,0,1000,1,1,6
16069,1,699,4,0,1000,1,1,6
16070,3,2292,4,0,1000,1,1,0
16071,3,2293,4,0,1000,1,1,0
16072,3,2294,4,0,1000,1,1,0
16073,3,2295,4,0,1000,1,1,0
16074,3,2296,4,0,1000,1,1,0
16075,3,2297,4,0,1000,1,1,0
16076,3,2298,4,0,1000,1,1,0
16077,3,2299,4,0,1000,1,1,0
16078,3,2300,4,0,1000,1,1,0
16079,3,2301,4,0,1000,1,1,0
16080,3,2302,4,0,1000,1,1,0
16081,3,2303,4,0,1000,1,1,0
16082,1,700,4,0,1000,1,1,0
16083,1,701,4,0,1000,1,1,0
16084,1,702,4,0,1000,1,1,0
16085,1,700,4,0,1000,1,1,1
16086,1,701,4,0,1000,1,1,1
16087,1,702,4,0,1000,1,1,1
16088,1,700,4,0,1000,1,1,2
16089,1,701,4,0,1000,1,1,2
16090,1,702,4,0,1000,1,1,2
16091,1,700,4,0,1000,1,1,3
16092,1,701,4,0,1000,1,1,3
16093,1,702,4,0,1000,1,1,3
16094,1,700,4,0,1000,1,1,4
16095,1,701,4,0,1000,1,1,4
16096,1,702,4,0,1000,1,1,4
16097,1,700,4,0,1000,1,1,5
16098,1,701,4,0,1000,1,1,5
16099,1,702,4,0,1000,1,1,5
16100,1,700,4,0,1000,1,1,6
16101,1,701,4,0,1000,1,1,6
16102,1,702,4,0,1000,1,1,6
16103,1,583,4,0,1000,1,1,0
16104,1,584,4,0,1000,1,1,0
16105,1,585,4,0,1000,1,1,0
16106,1,507,4,0,1000,1,1,0
16107,1,508,4,0,1000,1,1,0
16108,1,509,4,0,1000,1,1,0
16109,1,529,4,0,1000,1,1,0
16110,1,530,4,0,1000,1,1,0
16111,1,531,4,0,1000,1,1,0
16112,1,463,4,0,1000,1,1,0
16113,1,577,4,0,1000,1,1,0
16114,1,578,4,0,1000,1,1,0
16115,1,579,4,0,1000,1,1,0
16116,1,462,4,0,1000,1,1,0
16117,1,565,4,0,1000,1,1,0
16118,1,566,4,0,1000,1,1,0
16119,1,567,4,0,1000,1,1,0
16120,1,535,4,0,1000,1,1,0
16121,1,536,4,0,1000,1,1,0
16122,1,537,4,0,1000,1,1,0
16123,1,293,4,0,1000,1,1,0
16124,1,389,4,0,1000,1,1,0
16125,1,388,4,0,1000,1,1,0
16126,1,376,4,0,1000,1,1,0
16127,1,377,4,0,1000,1,1,0
16128,1,378,4,0,1000,1,1,0
16129,1,544,4,0,1000,1,1,0
16130,1,545,4,0,1000,1,1,0
16131,1,546,4,0,1000,1,1,0
16132,1,571,4,0,1000,1,1,0
16133,1,572,4,0,1000,1,1,0
16134,1,573,4,0,1000,1,1,0
16135,1,559,4,0,1000,1,1,0
16136,1,560,4,0,1000,1,1,0
16137,1,561,4,0,1000,1,1,0
16138,1,550,4,0,1000,1,1,0
16139,1,551,4,0,1000,1,1,0
16140,1,552,4,0,1000,1,1,0
16141,1,49,4,0,1000,1,1,0
16142,1,50,4,0,1000,1,1,0
16143,1,51,4,0,1000,1,1,0
16144,1,562,4,0,1000,1,1,0
16145,1,563,4,0,1000,1,1,0
16146,1,564,4,0,1000,1,1,0
16147,1,547,4,0,1000,1,1,0
16148,1,548,4,0,1000,1,1,0
16149,1,549,4,0,1000,1,1,0
16150,1,502,4,0,1000,1,1,0
16151,1,589,4,0,1000,1,1,0
16152,1,590,4,0,1000,1,1,0
16153,1,591,4,0,1000,1,1,0
16154,1,556,4,0,1000,1,1,0
16155,1,557,4,0,1000,1,1,0
16156,1,558,4,0,1000,1,1,0
16157,1,467,4,0,1000,1,1,0
16158,1,468,4,0,1000,1,1,0
16159,1,461,4,0,1000,1,1,0
16160,1,606,4,0,1000,1,1,0
16161,1,605,4,0,1000,1,1,0
16162,1,598,4,0,1000,1,1,0
16163,1,568,4,0,1000,1,1,0
16164,1,569,4,0,1000,1,1,0
16165,1,570,4,0,1000,1,1,0
16166,1,595,4,0,1000,1,1,0
16167,1,596,4,0,1000,1,1,0
16168,1,597,4,0,1000,1,1,0
16169,1,592,4,0,1000,1,1,0
16170,1,593,4,0,1000,1,1,0
16171,1,594,4,0,1000,1,1,0
16172,1,610,4,0,1000,1,1,0
16173,1,611,4,0,1000,1,1,0
16174,1,612,4,0,1000,1,1,0
16175,1,574,4,0,1000,1,1,0
16176,1,575,4,0,1000,1,1,0
16177,1,576,4,0,1000,1,1,0
16178,1,580,4,0,1000,1,1,0
16179,1,581,4,0,1000,1,1,0
16180,1,582,4,0,1000,1,1,0
16181,1,619,4,0,1000,1,1,0
16182,1,620,4,0,1000,1,1,0
16183,1,621,4,0,1000,1,1,0
16184,1,625,4,0,1000,1,1,0
16185,1,626,4,0,1000,1,1,0
16186,1,627,4,0,1000,1,1,0
16187,1,646,4,0,1000,1,1,0
16188,1,647,4,0,1000,1,1,0
16189,1,648,4,0,1000,1,1,0
16190,1,607,4,0,1000,1,1,0
16191,1,608,4,0,1000,1,1,0
16192,1,609,4,0,1000,1,1,0
16193,1,628,4,0,1000,1,1,0
16194,1,629,4,0,1000,1,1,0
16195,1,630,4,0,1000,1,1,0
16196,1,634,4,0,1000,1,1,0
16197,1,635,4,0,1000,1,1,0
16198,1,636,4,0,1000,1,1,0
16199,1,673,4,0,1000,1,1,0
16200,1,674,4,0,1000,1,1,0
16201,1,675,4,0,1000,1,1,0
16202,1,676,4,0,1000,1,1,0
16203,1,677,4,0,1000,1,1,0
16204,1,678,4,0,1000,1,1,0
16205,1,685,4,0,1000,1,1,0
16206,1,686,4,0,1000,1,1,0
16207,1,687,4,0,1000,1,1,0
16208,1,688,4,0,1000,1,1,0
16209,1,689,4,0,1000,1,1,0
16210,1,690,4,0,1000,1,1,0
16211,1,682,4,0,1000,1,1,0
16212,1,683,4,0,1000,1,1,0
16213,1,684,4,0,1000,1,1,0
16214,1,679,4,0,1000,1,1,0
16215,1,680,4,0,1000,1,1,0
16216,1,681,4,0,1000,1,1,0
16217,11,0,4,0,1000,284,284,1
16218,1,702,4,0,1000,1,1,0
16219,3,2304,4,0,1000,1,1,0
16220,3,2305,4,0,1000,1,1,0
16221,3,2306,4,0,1000,1,1,0
16222,3,2307,4,0,1000,1,1,0
16223,3,2308,4,0,1000,1,1,0
16224,3,2309,4,0,1000,1,1,0
16225,3,2310,4,0,1000,1,1,0
16226,3,2311,4,0,1000,1,1,0
16227,3,2312,4,0,1000,1,1,0
16228,3,2313,4,0,1000,1,1,0
16229,3,2314,4,0,1000,1,1,0
16230,3,2315,4,0,1000,1,1,0
16231,1,703,4,0,1000,1,1,0
16232,1,704,4,0,1000,1,1,0
16233,1,705,4,0,1000,1,1,0
16234,1,703,4,0,1000,1,1,1
16235,1,704,4,0,1000,1,1,1
16236,1,705,4,0,1000,1,1,1
16237,1,703,4,0,1000,1,1,2
16238,1,704,4,0,1000,1,1,2
16239,1,705,4,0,1000,1,1,2
16240,1,703,4,0,1000,1,1,3
16241,1,704,4,0,1000,1,1,3
16242,1,705,4,0,1000,1,1,3
16243,1,703,4,0,1000,1,1,4
16244,1,704,4,0,1000,1,1,4
16245,1,705,4,0,1000,1,1,4
16246,1,703,4,0,1000,1,1,5
16247,1,704,4,0,1000,1,1,5
16248,1,705,4,0,1000,1,1,5
16249,1,703,4,0,1000,1,1,6
16250,1,704,4,0,1000,1,1,6
16251,1,705,4,0,1000,1,1,6
16252,3,2348,4,1,250,1,1,0
16252,3,2349,4,1,250,1,1,0
16252,3,2350,4,1,250,1,1,0
16252,3,2351,4,1,250,1,1,0
16253,1,706,4,0,1000,1,1,0
16254,1,707,4,0,1000,1,1,0
16255,1,708,4,0,1000,1,1,0
16256,1,706,4,0,1000,1,1,1
16257,1,707,4,0,1000,1,1,1
16258,1,708,4,0,1000,1,1,1
16259,1,706,4,0,1000,1,1,2
16260,1,707,4,0,1000,1,1,2
16261,1,708,4,0,1000,1,1,2
16262,1,706,4,0,1000,1,1,3
16263,1,707,4,0,1000,1,1,3
16264,1,708,4,0,1000,1,1,3
16265,1,706,4,0,1000,1,1,4
16266,1,707,4,0,1000,1,1,4
16267,1,708,4,0,1000,1,1,4
16268,1,706,4,0,1000,1,1,5
16269,1,707,4,0,1000,1,1,5
16270,1,708,4,0,1000,1,1,5
16271,1,706,4,0,1000,1,1,6
16272,1,707,4,0,1000,1,1,6
16273,1,708,4,0,1000,1,1,6
16274,3,2316,4,0,1000,1,1,0
16275,3,2317,4,0,1000,1,1,0
16276,3,2318,4,0,1000,1,1,0
16277,3,2319,4,0,1000,1,1,0
16278,3,2320,4,0,1000,1,1,0
16279,3,2321,4,0,1000,1,1,0
16280,3,2322,4,0,1000,1,1,0
16281,3,2323,4,0,1000,1,1,0
16282,3,2324,4,0,1000,1,1,0
16283,3,2325,4,0,1000,1,1,0
16284,3,2326,4,0,1000,1,1,0
16285,3,2327,4,0,1000,1,1,0
16286,1,709,4,0,1000,1,1,0
16287,1,710,4,0,1000,1,1,0
16288,1,711,4,0,1000,1,1,0
16289,1,709,4,0,1000,1,1,1
16290,1,710,4,0,1000,1,1,1
16291,1,711,4,0,1000,1,1,1
16292,1,709,4,0,1000,1,1,2
16293,1,710,4,0,1000,1,1,2
16294,1,711,4,0,1000,1,1,2
16295,1,709,4,0,1000,1,1,3
16296,1,710,4,0,1000,1,1,3
16297,1,711,4,0,1000,1,1,3
16298,1,709,4,0,1000,1,1,4
16299,1,710,4,0,1000,1,1,4
16300,1,711,4,0,1000,1,1,4
16301,1,709,4,0,1000,1,1,5
16302,1,710,4,0,1000,1,1,5
16303,1,711,4,0,1000,1,1,5
16304,1,709,4,0,1000,1,1,6
16305,1,710,4,0,1000,1,1,6
16306,1,711,4,0,1000,1,1,6
16307,3,2328,4,0,1000,1,1,0
16308,3,2329,4,0,1000,1,1,0
16309,3,2330,4,0,1000,1,1,0
16310,3,2331,4,0,1000,1,1,0
16311,3,2332,4,0,1000,1,1,0
16312,3,2333,4,0,1000,1,1,0
16313,3,2334,4,0,1000,1,1,0
16314,3,2335,4,0,1000,1,1,0
16315,3,2336,4,0,1000,1,1,0
16316,3,2337,4,0,1000,1,1,0
16317,3,2338,4,0,1000,1,1,0
16318,3,2339,4,0,1000,1,1,0
16319,1,712,4,0,1000,1,1,0
16320,1,713,4,0,1000,1,1,0
16321,1,714,4,0,1000,1,1,0
16322,1,712,4,0,1000,1,1,1
16323,1,713,4,0,1000,1,1,1
16324,1,714,4,0,1000,1,1,1
16325,1,712,4,0,1000,1,1,2
16326,1,713,4,0,1000,1,1,2
16327,1,714,4,0,1000,1,1,2
16328,1,712,4,0,1000,1,1,3
16329,1,713,4,0,1000,1,1,3
16330,1,714,4,0,1000,1,1,3
16331,1,712,4,0,1000,1,1,4
16332,1,713,4,0,1000,1,1,4
16333,1,714,4,0,1000,1,1,4
16334,1,712,4,0,1000,1,1,5
16335,1,713,4,0,1000,1,1,5
16336,1,714,4,0,1000,1,1,5
16337,1,712,4,0,1000,1,1,6
16338,1,713,4,0,1000,1,1,6
16339,1,714,4,0,1000,1,1,6
16340,3,2340,4,0,1000,1,1,0
16341,3,2341,4,0,1000,1,1,0
16342,3,2342,4,0,1000,1,1,0
16343,3,2343,4,0,1000,1,1,0
16344,3,2344,4,0,1000,1,1,0
16345,3,2345,4,0,1000,1,1,0
16346,3,2346,4,0,1000,1,1,0
16347,3,2347,4,0,1000,1,1,0
16348,3,2348,4,0,1000,1,1,0
16349,3,2349,4,0,1000,1,1,0
16350,3,2350,4,0,1000,1,1,0
16351,3,2351,4,0,1000,1,1,0
16352,1,715,4,0,1000,1,1,0
16353,1,716,4,0,1000,1,1,0
16354,1,717,4,0,1000,1,1,0
16355,1,715,4,0,1000,1,1,1
16356,1,716,4,0,1000,1,1,1
16357,1,717,4,0,1000,1,1,1
16358,1,715,4,0,1000,1,1,2
16359,1,716,4,0,1000,1,1,2
16360,1,717,4,0,1000,1,1,2
16361,1,715,4,0,1000,1,1,3
16362,1,716,4,0,1000,1,1,3
16363,1,717,4,0,1000,1,1,3
16364,1,715,4,0,1000,1,1,4
16365,1,716,4,0,1000,1,1,4
16366,1,717,4,0,1000,1,1,4
16367,1,715,4,0,1000,1,1,5
16368,1,716,4,0,1000,1,1,5
16369,1,717,4,0,1000,1,1,5
16370,1,715,4,0,1000,1,1,6
16371,1,716,4,0,1000,1,1,6
16372,1,717,4,0,1000,1,1,6
16373,3,2352,4,0,1000,1,1,0
16374,3,2353,4,0,1000,1,1,0
16375,3,2354,4,0,1000,1,1,0
16376,3,2355,4,0,1000,1,1,0
16377,3,2356,4,0,1000,1,1,0
16378,3,2357,4,0,1000,1,1,0
16379,3,2358,4,0,1000,1,1,0
16380,3,2359,4,0,1000,1,1,0
16381,3,2360,4,0,1000,1,1,0
16382,3,2361,4,0,1000,1,1,0
16383,3,2362,4,0,1000,1,1,0
16384,3,2363,4,0,1000,1,1,0
16385,16,0,4,1,1000,1000000,1000000,0
16386,8,0,3,0,1000,1000000,1000000,0
16387,12,0,4,1,1000,100000,100000,0
16388,1,718,4,0,1000,1,1,0
16389,1,719,4,0,1000,1,1,0
16390,1,720,4,0,1000,1,1,0
16391,1,718,4,0,1000,1,1,1
16392,1,719,4,0,1000,1,1,1
16393,1,720,4,0,1000,1,1,1
16394,1,718,4,0,1000,1,1,2
16395,1,719,4,0,1000,1,1,2
16396,1,720,4,0,1000,1,1,2
16397,1,718,4,0,1000,1,1,3
16398,1,719,4,0,1000,1,1,3
16399,1,720,4,0,1000,1,1,3
16400,1,718,4,0,1000,1,1,4
16401,1,719,4,0,1000,1,1,4
16402,1,720,4,0,1000,1,1,4
16403,1,718,4,0,1000,1,1,5
16404,1,719,4,0,1000,1,1,5
16405,1,720,4,0,1000,1,1,5
16406,1,718,4,0,1000,1,1,6
16407,1,719,4,0,1000,1,1,6
16408,1,720,4,0,1000,1,1,6
16409,3,2364,4,0,1000,1,1,0
16410,3,2365,4,0,1000,1,1,0
16411,3,2366,4,0,1000,1,1,0
16412,3,2367,4,0,1000,1,1,0
16413,3,2368,4,0,1000,1,1,0
16414,3,2369,4,0,1000,1,1,0
16415,3,2370,4,0,1000,1,1,0
16416,3,2371,4,0,1000,1,1,0
16417,3,2372,4,0,1000,1,1,0
16418,3,2373,4,0,1000,1,1,0
16419,3,2374,4,0,1000,1,1,0
16420,3,2375,4,0,1000,1,1,0
16421,1,721,4,0,1000,1,1,0
16422,1,722,4,0,1000,1,1,0
16423,1,723,4,0,1000,1,1,0
16424,1,721,4,0,1000,1,1,1
16425,1,722,4,0,1000,1,1,1
16426,1,723,4,0,1000,1,1,1
16427,1,721,4,0,1000,1,1,2
16428,1,722,4,0,1000,1,1,2
16429,1,723,4,0,1000,1,1,2
16430,1,721,4,0,1000,1,1,3
16431,1,722,4,0,1000,1,1,3
16432,1,723,4,0,1000,1,1,3
16433,1,721,4,0,1000,1,1,4
16434,1,722,4,0,1000,1,1,4
16435,1,723,4,0,1000,1,1,4
16436,1,721,4,0,1000,1,1,5
16437,1,722,4,0,1000,1,1,5
16438,1,723,4,0,1000,1,1,5
16439,1,721,4,0,1000,1,1,6
16440,1,722,4,0,1000,1,1,6
16441,1,723,4,0,1000,1,1,6
16442,3,2376,4,0,1000,1,1,0
16443,3,2377,4,0,1000,1,1,0
16444,3,2378,4,0,1000,1,1,0
16445,3,2379,4,0,1000,1,1,0
16446,3,2380,4,0,1000,1,1,0
16447,3,2381,4,0,1000,1,1,0
16448,3,2382,4,0,1000,1,1,0
16449,3,2383,4,0,1000,1,1,0
16450,3,2384,4,0,1000,1,1,0
16451,3,2385,4,0,1000,1,1,0
16452,3,2386,4,0,1000,1,1,0
16453,3,2387,4,0,1000,1,1,0
16454,1,813,4,0,1000,1,1,0
16455,1,816,4,0,1000,1,1,0
16456,1,813,4,2,1000,1,1,0
16456,1,816,4,1,1000,1,1,0
16457,1,724,4,0,1000,1,1,0
16458,1,725,4,0,1000,1,1,0
16459,1,726,4,0,1000,1,1,0
16460,1,724,4,0,1000,1,1,1
16461,1,725,4,0,1000,1,1,1
16462,1,726,4,0,1000,1,1,1
16463,1,724,4,0,1000,1,1,2
16464,1,725,4,0,1000,1,1,2
16465,1,726,4,0,1000,1,1,2
16466,1,724,4,0,1000,1,1,3
16467,1,725,4,0,1000,1,1,3
16468,1,726,4,0,1000,1,1,3
16469,1,724,4,0,1000,1,1,4
16470,1,725,4,0,1000,1,1,4
16471,1,726,4,0,1000,1,1,4
16472,1,724,4,0,1000,1,1,5
16473,1,725,4,0,1000,1,1,5
16474,1,726,4,0,1000,1,1,5
16475,1,724,4,0,1000,1,1,6
16476,1,725,4,0,1000,1,1,6
16477,1,726,4,0,1000,1,1,6
16478,3,2388,4,0,1000,1,1,0
16479,3,2389,4,0,1000,1,1,0
16480,3,2390,4,0,1000,1,1,0
16481,3,2391,4,0,1000,1,1,0
16482,3,2392,4,0,1000,1,1,0
16483,3,2393,4,0,1000,1,1,0
16484,3,2394,4,0,1000,1,1,0
16485,3,2395,4,0,1000,1,1,0
16486,3,2396,4,0,1000,1,1,0
16487,3,2397,4,0,1000,1,1,0
16488,3,2398,4,0,1000,1,1,0
16489,3,2399,4,0,1000,1,1,0
16490,1,727,4,0,1000,1,1,0
16491,1,728,4,0,1000,1,1,0
16492,1,729,4,0,1000,1,1,0
16493,1,727,4,0,1000,1,1,1
16494,1,728,4,0,1000,1,1,1
16495,1,729,4,0,1000,1,1,1
16496,1,727,4,0,1000,1,1,2
16497,1,728,4,0,1000,1,1,2
16498,1,729,4,0,1000,1,1,2
16499,1,727,4,0,1000,1,1,3
16500,1,728,4,0,1000,1,1,3
16501,1,729,4,0,1000,1,1,3
16502,1,727,4,0,1000,1,1,4
16503,1,728,4,0,1000,1,1,4
16504,1,729,4,0,1000,1,1,4
16505,1,727,4,0,1000,1,1,5
16506,1,728,4,0,1000,1,1,5
16507,1,729,4,0,1000,1,1,5
16508,1,727,4,0,1000,1,1,6
16509,1,728,4,0,1000,1,1,6
16510,1,729,4,0,1000,1,1,6
16511,3,2400,4,0,1000,1,1,0
16512,3,2401,4,0,1000,1,1,0
16513,3,2402,4,0,1000,1,1,0
16514,3,2403,4,0,1000,1,1,0
16515,3,2404,4,0,1000,1,1,0
16516,3,2405,4,0,1000,1,1,0
16517,3,2406,4,0,1000,1,1,0
16518,3,2407,4,0,1000,1,1,0
16519,3,2408,4,0,1000,1,1,0
16520,3,2409,4,0,1000,1,1,0
16521,3,2410,4,0,1000,1,1,0
16522,3,2411,4,0,1000,1,1,0
16523,1,810,4,0,1000,8,8,0
16524,1,810,4,0,1000,16,16,0
16525,1,810,4,0,1000,32,32,0
16526,1,810,4,0,1000,32,32,0
16527,1,810,4,0,1000,32,32,0
16528,1,810,4,0,1000,32,32,0
16529,30,0,4,0,1000,1,1,0
16530,29,0,4,0,1000,1,1,0
16531,1,730,4,0,1000,1,1,0
16532,1,731,4,0,1000,1,1,0
16533,1,732,4,0,1000,1,1,0
16534,1,730,4,0,1000,1,1,1
16535,1,731,4,0,1000,1,1,1
16536,1,732,4,0,1000,1,1,1
16537,1,730,4,0,1000,1,1,2
16538,1,731,4,0,1000,1,1,2
16539,1,732,4,0,1000,1,1,2
16540,1,730,4,0,1000,1,1,3
16541,1,731,4,0,1000,1,1,3
16542,1,732,4,0,1000,1,1,3
16543,1,730,4,0,1000,1,1,4
16544,1,731,4,0,1000,1,1,4
16545,1,732,4,0,1000,1,1,4
16546,1,730,4,0,1000,1,1,5
16547,1,731,4,0,1000,1,1,5
16548,1,732,4,0,1000,1,1,5
16549,1,730,4,0,1000,1,1,6
16550,1,731,4,0,1000,1,1,6
16551,1,732,4,0,1000,1,1,6
16552,3,2412,4,0,1000,1,1,0
16553,3,2413,4,0,1000,1,1,0
16554,3,2414,4,0,1000,1,1,0
16555,3,2415,4,0,1000,1,1,0
16556,3,2416,4,0,1000,1,1,0
16557,3,2417,4,0,1000,1,1,0
16558,3,2418,4,0,1000,1,1,0
16559,3,2419,4,0,1000,1,1,0
16560,3,2420,4,0,1000,1,1,0
16561,3,2421,4,0,1000,1,1,0
16562,3,2422,4,0,1000,1,1,0
16563,3,2423,4,0,1000,1,1,0
16564,1,512,4,0,1000,1,1,0
16565,1,678,4,0,1000,1,1,0
16566,1,687,4,0,1000,1,1,0
16567,1,690,4,0,1000,1,1,0
16568,1,693,4,0,1000,1,1,0
16569,1,705,4,0,1000,1,1,0
16570,1,717,4,0,1000,1,1,0
16571,1,720,4,0,1000,1,1,0
16572,1,723,4,0,1000,1,1,0
16573,1,711,4,0,1000,1,1,0
16574,1,684,4,0,1000,1,1,0
16575,1,699,4,0,1000,1,1,0
16576,1,726,4,0,1000,1,1,0
16577,1,708,4,0,1000,1,1,0
16578,1,681,4,0,1000,1,1,0
16579,1,696,4,0,1000,1,1,0
16580,1,729,4,0,1000,1,1,0
16581,1,702,4,0,1000,1,1,0
16582,1,714,4,0,1000,1,1,0
16583,1,678,4,0,1000,1,1,0
16584,1,687,4,0,1000,1,1,0
16585,1,690,4,0,1000,1,1,0
16586,1,693,4,0,1000,1,1,0
16587,1,705,4,0,1000,1,1,0
16588,1,717,4,0,1000,1,1,0
16589,1,720,4,0,1000,1,1,0
16590,1,723,4,0,1000,1,1,0
16591,1,711,4,0,1000,1,1,0
16592,1,684,4,0,1000,1,1,0
16593,1,699,4,0,1000,1,1,0
16594,1,726,4,0,1000,1,1,0
16595,1,708,4,0,1000,1,1,0
16596,1,681,4,0,1000,1,1,0
16597,1,696,4,0,1000,1,1,0
16598,1,729,4,0,1000,1,1,0
16599,1,702,4,0,1000,1,1,0
16600,1,714,4,0,1000,1,1,0
16601,1,678,4,0,1000,1,1,0
16602,1,687,4,0,1000,1,1,0
16603,1,690,4,0,1000,1,1,0
16604,1,693,4,0,1000,1,1,0
16605,1,705,4,0,1000,1,1,0
16606,1,717,4,0,1000,1,1,0
16607,1,720,4,0,1000,1,1,0
16608,1,723,4,0,1000,1,1,0
16609,1,711,4,0,1000,1,1,0
16610,1,684,4,0,1000,1,1,0
16611,1,699,4,0,1000,1,1,0
16612,1,726,4,0,1000,1,1,0
16613,1,708,4,0,1000,1,1,0
16614,1,696,4,0,1000,1,1,0
16615,1,729,4,0,1000,1,1,0
16616,1,702,4,0,1000,1,1,0
16617,1,714,4,0,1000,1,1,0
16618,1,678,4,0,1000,1,1,0
16619,1,687,4,0,1000,1,1,0
16620,1,690,4,0,1000,1,1,0
16621,1,693,4,0,1000,1,1,0
16622,1,705,4,0,1000,1,1,0
16623,1,717,4,0,1000,1,1,0
16624,1,720,4,0,1000,1,1,0
16625,1,723,4,0,1000,1,1,0
16626,1,711,4,0,1000,1,1,0
16627,1,684,4,0,1000,1,1,0
16628,1,699,4,0,1000,1,1,0
16629,1,726,4,0,1000,1,1,0
16630,1,708,4,0,1000,1,1,0
16631,1,696,4,0,1000,1,1,0
16632,1,729,4,0,1000,1,1,0
16633,1,702,4,0,1000,1,1,0
16634,1,714,4,0,1000,1,1,0
16635,1,733,4,0,1000,1,1,0
16636,1,734,4,0,1000,1,1,0
16637,1,735,4,0,1000,1,1,0
16638,1,733,4,0,1000,1,1,1
16639,1,734,4,0,1000,1,1,1
16640,1,735,4,0,1000,1,1,1
16641,1,733,4,0,1000,1,1,2
16642,1,734,4,0,1000,1,1,2
16643,1,735,4,0,1000,1,1,2
16644,1,733,4,0,1000,1,1,3
16645,1,734,4,0,1000,1,1,3
16646,1,735,4,0,1000,1,1,3
16647,1,733,4,0,1000,1,1,4
16648,1,734,4,0,1000,1,1,4
16649,1,735,4,0,1000,1,1,4
16650,1,733,4,0,1000,1,1,5
16651,1,734,4,0,1000,1,1,5
16652,1,735,4,0,1000,1,1,5
16653,1,733,4,0,1000,1,1,6
16654,1,734,4,0,1000,1,1,6
16655,1,735,4,0,1000,1,1,6
16656,3,2424,4,0,1000,1,1,0
16657,3,2425,4,0,1000,1,1,0
16658,3,2426,4,0,1000,1,1,0
16659,3,2427,4,0,1000,1,1,0
16660,3,2428,4,0,1000,1,1,0
16661,3,2429,4,0,1000,1,1,0
16662,3,2430,4,0,1000,1,1,0
16663,3,2431,4,0,1000,1,1,0
16664,3,2432,4,0,1000,1,1,0
16665,3,2433,4,0,1000,1,1,0
16666,3,2434,4,0,1000,1,1,0
16667,3,2435,4,0,1000,1,1,0
16668,1,678,4,0,1000,1,1,0
16669,1,687,4,0,1000,1,1,0
16670,1,690,4,0,1000,1,1,0
16671,1,693,4,0,1000,1,1,0
16672,1,705,4,0,1000,1,1,0
16673,1,717,4,0,1000,1,1,0
16674,1,720,4,0,1000,1,1,0
16675,1,723,4,0,1000,1,1,0
16676,1,711,4,0,1000,1,1,0
16677,1,684,4,0,1000,1,1,0
16678,1,699,4,0,1000,1,1,0
16679,1,726,4,0,1000,1,1,0
16680,1,708,4,0,1000,1,1,0
16681,1,681,4,0,1000,1,1,0
16682,1,696,4,0,1000,1,1,0
16683,1,729,4,0,1000,1,1,0
16684,1,702,4,0,1000,1,1,0
16685,1,714,4,0,1000,1,1,0
16686,1,736,4,0,1000,1,1,0
16687,1,737,4,0,1000,1,1,0
16688,1,738,4,0,1000,1,1,0
16689,1,736,4,0,1000,1,1,1
16690,1,737,4,0,1000,1,1,1
16691,1,738,4,0,1000,1,1,1
16692,1,736,4,0,1000,1,1,2
16693,1,737,4,0,1000,1,1,2
16694,1,738,4,0,1000,1,1,2
16695,1,736,4,0,1000,1,1,3
16696,1,737,4,0,1000,1,1,3
16697,1,738,4,0,1000,1,1,3
16698,1,736,4,0,1000,1,1,4
16699,1,737,4,0,1000,1,1,4
16700,1,738,4,0,1000,1,1,4
16701,1,736,4,0,1000,1,1,5
16702,1,737,4,0,1000,1,1,5
16703,1,738,4,0,1000,1,1,5
16704,1,736,4,0,1000,1,1,6
16705,1,737,4,0,1000,1,1,6
16706,1,738,4,0,1000,1,1,6
16707,3,2436,4,0,1000,1,1,0
16708,3,2437,4,0,1000,1,1,0
16709,3,2438,4,0,1000,1,1,0
16710,3,2439,4,0,1000,1,1,0
16711,3,2440,4,0,1000,1,1,0
16712,3,2441,4,0,1000,1,1,0
16713,3,2442,4,0,1000,1,1,0
16714,3,2443,4,0,1000,1,1,0
16715,3,2444,4,0,1000,1,1,0
16716,3,2445,4,0,1000,1,1,0
16717,3,2446,4,0,1000,1,1,0
16718,3,2447,4,0,1000,1,1,0
16719,1,739,4,0,1000,1,1,0
16720,1,740,4,0,1000,1,1,0
16721,1,741,4,0,1000,1,1,0
16722,1,739,4,0,1000,1,1,1
16723,1,740,4,0,1000,1,1,1
16724,1,741,4,0,1000,1,1,1
16725,1,739,4,0,1000,1,1,2
16726,1,740,4,0,1000,1,1,2
16727,1,741,4,0,1000,1,1,2
16728,1,739,4,0,1000,1,1,3
16729,1,740,4,0,1000,1,1,3
16730,1,741,4,0,1000,1,1,3
16731,1,739,4,0,1000,1,1,4
16732,1,740,4,0,1000,1,1,4
16733,1,741,4,0,1000,1,1,4
16734,1,739,4,0,1000,1,1,5
16735,1,740,4,0,1000,1,1,5
16736,1,741,4,0,1000,1,1,5
16737,1,739,4,0,1000,1,1,6
16738,1,740,4,0,1000,1,1,6
16739,1,741,4,0,1000,1,1,6
16740,3,2448,4,0,1000,1,1,0
16741,3,2449,4,0,1000,1,1,0
16742,3,2450,4,0,1000,1,1,0
16743,3,2451,4,0,1000,1,1,0
16744,3,2452,4,0,1000,1,1,0
16745,3,2453,4,0,1000,1,1,0
16746,3,2454,4,0,1000,1,1,0
16747,3,2455,4,0,1000,1,1,0
16748,3,2456,4,0,1000,1,1,0
16749,3,2457,4,0,1000,1,1,0
16750,3,2458,4,0,1000,1,1,0
16751,3,2459,4,0,1000,1,1,0
16752,1,742,4,0,1000,1,1,0
16753,1,743,4,0,1000,1,1,0
16754,1,744,4,0,1000,1,1,0
16755,1,742,4,0,1000,1,1,1
16756,1,743,4,0,1000,1,1,1
16757,1,744,4,0,1000,1,1,1
16758,1,742,4,0,1000,1,1,2
16759,1,743,4,0,1000,1,1,2
16760,1,744,4,0,1000,1,1,2
16761,1,742,4,0,1000,1,1,3
16762,1,743,4,0,1000,1,1,3
16763,1,744,4,0,1000,1,1,3
16764,1,742,4,0,1000,1,1,4
16765,1,743,4,0,1000,1,1,4
16766,1,744,4,0,1000,1,1,4
16767,1,742,4,0,1000,1,1,5
16768,1,743,4,0,1000,1,1,5
16769,1,744,4,0,1000,1,1,5
16770,1,742,4,0,1000,1,1,6
16771,1,743,4,0,1000,1,1,6
16772,1,744,4,0,1000,1,1,6
16773,3,2460,4,0,1000,1,1,0
16774,3,2461,4,0,1000,1,1,0
16775,3,2462,4,0,1000,1,1,0
16776,3,2463,4,0,1000,1,1,0
16777,3,2464,4,0,1000,1,1,0
16778,3,2465,4,0,1000,1,1,0
16779,3,2466,4,0,1000,1,1,0
16780,3,2467,4,0,1000,1,1,0
16781,3,2468,4,0,1000,1,1,0
16782,3,2469,4,0,1000,1,1,0
16783,3,2470,4,0,1000,1,1,0
16784,3,2471,4,0,1000,1,1,0
16785,1,696,4,0,1000,32,32,0
16786,1,699,4,0,1000,32,32,0
16787,1,702,4,0,1000,32,32,0
16788,1,705,4,0,1000,32,32,0
16789,1,708,4,0,1000,32,32,0
16790,1,711,4,0,1000,32,32,0
16791,1,714,4,0,1000,32,32,0
16792,1,717,4,0,1000,32,32,0
16793,1,720,4,0,1000,32,32,0
16794,1,723,4,0,1000,32,32,0
16795,1,726,4,0,1000,32,32,0
16796,1,729,4,0,1000,32,32,0
16797,1,732,4,0,1000,32,32,0
16798,1,735,4,0,1000,32,32,0
16799,1,738,4,0,1000,32,32,0
16800,1,696,4,0,1000,1,1,0
16801,1,699,4,0,1000,1,1,0
16802,1,702,4,0,1000,1,1,0
16803,1,705,4,0,1000,1,1,0
16804,1,708,4,0,1000,1,1,0
16805,1,711,4,0,1000,1,1,0
16806,1,714,4,0,1000,1,1,0
16807,1,717,4,0,1000,1,1,0
16808,1,720,4,0,1000,1,1,0
16809,1,723,4,0,1000,1,1,0
16810,1,726,4,0,1000,1,1,0
16811,1,729,4,0,1000,1,1,0
16812,1,732,4,0,1000,1,1,0
16813,1,735,4,0,1000,1,1,0
16814,1,738,4,0,1000,1,1,0
16815,1,745,4,0,1000,1,1,0
16816,1,746,4,0,1000,1,1,0
16817,1,747,4,0,1000,1,1,0
16818,1,745,4,0,1000,1,1,1
16819,1,746,4,0,1000,1,1,1
16820,1,747,4,0,1000,1,1,1
16821,1,745,4,0,1000,1,1,2
16822,1,746,4,0,1000,1,1,2
16823,1,747,4,0,1000,1,1,2
16824,1,745,4,0,1000,1,1,3
16825,1,746,4,0,1000,1,1,3
16826,1,747,4,0,1000,1,1,3
16827,1,745,4,0,1000,1,1,4
16828,1,746,4,0,1000,1,1,4
16829,1,747,4,0,1000,1,1,4
16830,1,745,4,0,1000,1,1,5
16831,1,746,4,0,1000,1,1,5
16832,1,747,4,0,1000,1,1,5
16833,1,745,4,0,1000,1,1,6
16834,1,746,4,0,1000,1,1,6
16835,1,747,4,0,1000,1,1,6
16836,3,2472,4,0,1000,1,1,0
16837,3,2473,4,0,1000,1,1,0
16838,3,2474,4,0,1000,1,1,0
16839,3,2475,4,0,1000,1,1,0
16840,3,2476,4,0,1000,1,1,0
16841,3,2477,4,0,1000,1,1,0
16842,3,2478,4,0,1000,1,1,0
16843,3,2479,4,0,1000,1,1,0
16844,3,2480,4,0,1000,1,1,0
16845,3,2481,4,0,1000,1,1,0
16846,3,2482,4,0,1000,1,1,0
16847,3,2483,4,0,1000,1,1,0
16848,1,747,4,0,1000,32,32,0
16849,1,741,4,0,1000,32,32,0
16850,1,744,4,0,1000,32,32,0
16851,1,747,4,0,1000,1,1,0
16852,1,741,4,0,1000,1,1,0
16853,1,744,4,0,1000,1,1,0
16854,1,748,4,0,1000,1,1,0
16855,1,749,4,0,1000,1,1,0
16856,1,750,4,0,1000,1,1,0
16857,1,748,4,0,1000,1,1,1
16858,1,749,4,0,1000,1,1,1
16859,1,750,4,0,1000,1,1,1
16860,1,748,4,0,1000,1,1,2
16861,1,749,4,0,1000,1,1,2
16862,1,750,4,0,1000,1,1,2
16863,1,748,4,0,1000,1,1,3
16864,1,749,4,0,1000,1,1,3
16865,1,750,4,0,1000,1,1,3
16866,1,748,4,0,1000,1,1,4
16867,1,749,4,0,1000,1,1,4
16868,1,750,4,0,1000,1,1,4
16869,1,748,4,0,1000,1,1,5
16870,1,749,4,0,1000,1,1,5
16871,1,750,4,0,1000,1,1,5
16872,1,748,4,0,1000,1,1,6
16873,1,749,4,0,1000,1,1,6
16874,1,750,4,0,1000,1,1,6
16875,3,2484,4,0,1000,1,1,0
16876,3,2485,4,0,1000,1,1,0
16877,3,2486,4,0,1000,1,1,0
16878,3,2487,4,0,1000,1,1,0
16879,3,2488,4,0,1000,1,1,0
16880,3,2489,4,0,1000,1,1,0
16881,3,2490,4,0,1000,1,1,0
16882,3,2491,4,0,1000,1,1,0
16883,3,2492,4,0,1000,1,1,0
16884,3,2493,4,0,1000,1,1,0
16885,3,2494,4,0,1000,1,1,0
16886,3,2495,4,0,1000,1,1,0
16887,1,751,4,0,1000,1,1,0
16888,1,752,4,0,1000,1,1,0
16889,1,753,4,0,1000,1,1,0
16890,1,751,4,0,1000,1,1,1
16891,1,752,4,0,1000,1,1,1
16892,1,753,4,0,1000,1,1,1
16893,1,751,4,0,1000,1,1,2
16894,1,752,4,0,1000,1,1,2
16895,1,753,4,0,1000,1,1,2
16896,1,751,4,0,1000,1,1,3
16897,1,752,4,0,1000,1,1,3
16898,1,753,4,0,1000,1,1,3
16899,1,751,4,0,1000,1,1,4
16900,1,752,4,0,1000,1,1,4
16901,1,753,4,0,1000,1,1,4
16902,1,751,4,0,1000,1,1,5
16903,1,752,4,0,1000,1,1,5
16904,1,753,4,0,1000,1,1,5
16905,1,751,4,0,1000,1,1,6
16906,1,752,4,0,1000,1,1,6
16907,1,753,4,0,1000,1,1,6
16908,3,2496,4,0,1000,1,1,0
16909,3,2497,4,0,1000,1,1,0
16910,3,2498,4,0,1000,1,1,0
16911,3,2499,4,0,1000,1,1,0
16912,3,2500,4,0,1000,1,1,0
16913,3,2501,4,0,1000,1,1,0
16914,3,2502,4,0,1000,1,1,0
16915,3,2503,4,0,1000,1,1,0
16916,3,2504,4,0,1000,1,1,0
16917,3,2505,4,0,1000,1,1,0
16918,3,2506,4,0,1000,1,1,0
16919,3,2507,4,0,1000,1,1,0
16920,1,747,4,0,1000,1,1,0
16921,1,753,4,0,1000,1,1,0
16922,1,750,4,0,1000,1,1,0
16923,1,750,4,0,1000,1,1,0
16924,1,753,4,0,1000,1,1,0
16925,8,0,3,2,1000,60,60,0
16925,16,0,4,1,1000,20,20,0
16925,21,0,4,0,1000,120,120,0
16926,21,0,4,0,1000,20,20,0
16927,1,756,4,0,1000,1,1,0
16928,1,754,4,0,1000,1,1,1
16929,1,755,4,0,1000,1,1,1
16930,1,756,4,0,1000,1,1,1
16931,1,754,4,0,1000,1,1,2
16932,1,755,4,0,1000,1,1,2
16933,1,756,4,0,1000,1,1,2
16934,1,754,4,0,1000,1,1,3
16935,1,755,4,0,1000,1,1,3
16936,1,756,4,0,1000,1,1,3
16937,1,754,4,0,1000,1,1,4
16938,1,755,4,0,1000,1,1,4
16939,1,756,4,0,1000,1,1,4
16940,1,754,4,0,1000,1,1,5
16941,1,755,4,0,1000,1,1,5
16942,1,756,4,0,1000,1,1,5
16943,1,754,4,0,1000,1,1,6
16944,1,755,4,0,1000,1,1,6
16945,1,756,4,0,1000,1,1,6
16946,3,2508,4,0,1000,1,1,0
16947,3,2509,4,0,1000,1,1,0
16948,3,2510,4,0,1000,1,1,0
16949,3,2511,4,0,1000,1,1,0
16950,3,2512,4,0,1000,1,1,0
16951,3,2513,4,0,1000,1,1,0
16952,3,2514,4,0,1000,1,1,0
16953,3,2515,4,0,1000,1,1,0
16954,3,2516,4,0,1000,1,1,0
16955,3,2517,4,0,1000,1,1,0
16956,3,2518,4,0,1000,1,1,0
16957,3,2519,4,0,1000,1,1,0
16958,1,732,4,0,1000,1,1,0
16959,1,735,4,0,1000,1,1,0
16960,1,738,4,0,1000,1,1,0
16961,1,741,4,0,1000,1,1,0
16962,1,747,4,0,1000,1,1,0
16963,1,753,4,0,1000,1,1,0
16964,1,744,4,0,1000,1,1,0
16965,1,750,4,0,1000,1,1,0
16966,1,756,4,0,1000,1,1,0
16967,1,757,4,0,1000,1,1,0
16968,1,758,4,0,1000,1,1,0
16969,1,759,4,0,1000,1,1,0
16970,1,757,4,0,1000,1,1,1
16971,1,758,4,0,1000,1,1,1
16972,1,759,4,0,1000,1,1,1
16973,1,757,4,0,1000,1,1,2
16974,1,758,4,0,1000,1,1,2
16975,1,759,4,0,1000,1,1,2
16976,1,757,4,0,1000,1,1,3
16977,1,758,4,0,1000,1,1,3
16978,1,759,4,0,1000,1,1,3
16979,1,757,4,0,1000,1,1,4
16980,1,758,4,0,1000,1,1,4
16981,1,759,4,0,1000,1,1,4
16982,1,757,4,0,1000,1,1,5
16983,1,758,4,0,1000,1,1,5
16984,1,759,4,0,1000,1,1,5
16985,1,757,4,0,1000,1,1,6
16986,1,758,4,0,1000,1,1,6
16987,1,759,4,0,1000,1,1,6
16988,3,2520,4,0,1000,1,1,0
16989,3,2521,4,0,1000,1,1,0
16990,3,2522,4,0,1000,1,1,0
16991,3,2523,4,0,1000,1,1,0
16992,3,2524,4,0,1000,1,1,0
16993,3,2525,4,0,1000,1,1,0
16994,3,2526,4,0,1000,1,1,0
16995,3,2527,4,0,1000,1,1,0
16996,3,2528,4,0,1000,1,1,0
16997,3,2529,4,0,1000,1,1,0
16998,3,2530,4,0,1000,1,1,0
16999,3,2531,4,0,1000,1,1,0
17000,1,759,4,0,1000,1,1,0
17001,1,760,4,0,1000,1,1,0
17002,1,761,4,0,1000,1,1,0
17003,1,762,4,0,1000,1,1,0
17004,1,760,4,0,1000,1,1,1
17005,1,761,4,0,1000,1,1,1
17006,1,762,4,0,1000,1,1,1
17007,1,760,4,0,1000,1,1,2
17008,1,761,4,0,1000,1,1,2
17009,1,762,4,0,1000,1,1,2
17010,1,760,4,0,1000,1,1,3
17011,1,761,4,0,1000,1,1,3
17012,1,762,4,0,1000,1,1,3
17013,1,760,4,0,1000,1,1,4
17014,1,761,4,0,1000,1,1,4
17015,1,762,4,0,1000,1,1,4
17016,1,760,4,0,1000,1,1,5
17017,1,761,4,0,1000,1,1,5
17018,1,762,4,0,1000,1,1,5
17019,1,760,4,0,1000,1,1,6
17020,1,761,4,0,1000,1,1,6
17021,1,762,4,0,1000,1,1,6
17022,3,2532,4,0,1000,1,1,0
17023,3,2533,4,0,1000,1,1,0
17024,3,2534,4,0,1000,1,1,0
17025,3,2535,4,0,1000,1,1,0
17026,3,2536,4,0,1000,1,1,0
17027,3,2537,4,0,1000,1,1,0
17028,3,2538,4,0,1000,1,1,0
17029,3,2539,4,0,1000,1,1,0
17030,3,2540,4,0,1000,1,1,0
17031,3,2541,4,0,1000,1,1,0
17032,3,2542,4,0,1000,1,1,0
17033,3,2543,4,0,1000,1,1,0
17034,1,762,4,0,1000,1,1,0
17035,1,763,4,0,1000,1,1,0
17036,1,764,4,0,1000,1,1,0
17037,1,765,4,0,1000,1,1,0
17038,1,763,4,0,1000,1,1,1
17039,1,764,4,0,1000,1,1,1
17040,1,765,4,0,1000,1,1,1
17041,1,763,4,0,1000,1,1,2
17042,1,764,4,0,1000,1,1,2
17043,1,765,4,0,1000,1,1,2
17044,1,763,4,0,1000,1,1,3
17045,1,764,4,0,1000,1,1,3
17046,1,765,4,0,1000,1,1,3
17047,1,763,4,0,1000,1,1,4
17048,1,764,4,0,1000,1,1,4
17049,1,765,4,0,1000,1,1,4
17050,1,763,4,0,1000,1,1,5
17051,1,764,4,0,1000,1,1,5
17052,1,765,4,0,1000,1,1,5
17053,1,763,4,0,1000,1,1,6
17054,1,764,4,0,1000,1,1,6
17055,1,765,4,0,1000,1,1,6
17056,3,2544,4,0,1000,1,1,0
17057,3,2545,4,0,1000,1,1,0
17058,3,2546,4,0,1000,1,1,0
17059,3,2547,4,0,1000,1,1,0
17060,3,2548,4,0,1000,1,1,0
17061,3,2549,4,0,1000,1,1,0
17062,3,2550,4,0,1000,1,1,0
17063,3,2551,4,0,1000,1,1,0
17064,3,2552,4,0,1000,1,1,0
17065,3,2553,4,0,1000,1,1,0
17066,3,2554,4,0,1000,1,1,0
17067,3,2555,4,0,1000,1,1,0
17068,1,765,4,0,1000,1,1,0
17069,31,0,4,0,1000,12,12,0
17070,31,0,4,0,1000,3,3,0
17071,1,771,4,0,1000,1,1,0
17072,1,769,4,0,1000,1,1,1
17073,1,770,4,0,1000,1,1,1
17074,1,771,4,0,1000,1,1,1
17075,1,769,4,0,1000,1,1,2
17076,1,770,4,0,1000,1,1,2
17077,1,771,4,0,1000,1,1,2
17078,1,769,4,0,1000,1,1,3
17079,1,770,4,0,1000,1,1,3
17080,1,771,4,0,1000,1,1,3
17081,1,769,4,0,1000,1,1,4
17082,1,770,4,0,1000,1,1,4
17083,1,771,4,0,1000,1,1,4
17084,1,769,4,0,1000,1,1,5
17085,1,770,4,0,1000,1,1,5
17086,1,771,4,0,1000,1,1,5
17087,1,769,4,0,1000,1,1,6
17088,1,770,4,0,1000,1,1,6
17089,1,771,4,0,1000,1,1,6
17090,3,2568,4,0,1000,1,1,0
17091,3,2569,4,0,1000,1,1,0
17092,3,2570,4,0,1000,1,1,0
17093,3,2571,4,0,1000,1,1,0
17094,3,2572,4,0,1000,1,1,0
17095,3,2573,4,0,1000,1,1,0
17096,3,2574,4,0,1000,1,1,0
17097,3,2575,4,0,1000,1,1,0
17098,3,2576,4,0,1000,1,1,0
17099,3,2577,4,0,1000,1,1,0
17100,3,2578,4,0,1000,1,1,0
17101,3,2579,4,0,1000,1,1,0
17102,1,766,4,0,1000,1,1,0
17103,1,767,4,0,1000,1,1,0
17104,1,768,4,0,1000,1,1,0
17105,1,766,4,0,1000,1,1,1
17106,1,767,4,0,1000,1,1,1
17107,1,768,4,0,1000,1,1,1
17108,1,766,4,0,1000,1,1,2
17109,1,767,4,0,1000,1,1,2
17110,1,768,4,0,1000,1,1,2
17111,1,766,4,0,1000,1,1,3
17112,1,767,4,0,1000,1,1,3
17113,1,768,4,0,1000,1,1,3
17114,1,766,4,0,1000,1,1,4
17115,1,767,4,0,1000,1,1,4
17116,1,768,4,0,1000,1,1,4
17117,1,766,4,0,1000,1,1,5
17118,1,767,4,0,1000,1,1,5
17119,1,768,4,0,1000,1,1,5
17120,1,766,4,0,1000,1,1,6
17121,1,767,4,0,1000,1,1,6
17122,1,768,4,0,1000,1,1,6
17123,3,2556,4,0,1000,1,1,0
17124,3,2557,4,0,1000,1,1,0
17125,3,2558,4,0,1000,1,1,0
17126,3,2559,4,0,1000,1,1,0
17127,3,2560,4,0,1000,1,1,0
17128,3,2561,4,0,1000,1,1,0
17129,3,2562,4,0,1000,1,1,0
17130,3,2563,4,0,1000,1,1,0
17131,3,2564,4,0,1000,1,1,0
17132,3,2565,4,0,1000,1,1,0
17133,3,2566,4,0,1000,1,1,0
17134,3,2567,4,0,1000,1,1,0
17135,1,753,4,0,1000,32,32,0
17136,1,750,4,0,1000,32,32,0
17137,1,756,4,0,1000,32,32,0
17138,1,759,4,0,1000,32,32,0
17139,1,762,4,0,1000,32,32,0
17140,1,765,4,0,1000,32,32,0
17141,1,753,4,0,1000,1,1,0
17142,1,750,4,0,1000,1,1,0
17143,1,756,4,0,1000,1,1,0
17144,1,759,4,0,1000,1,1,0
17145,1,762,4,0,1000,1,1,0
17146,1,765,4,0,1000,1,1,0
17147,1,756,4,0,1000,1,1,0
17148,1,759,4,0,1000,1,1,0
17149,1,762,4,0,1000,1,1,0
17150,1,765,4,0,1000,1,1,0
17151,1,768,4,0,1000,1,1,0
17152,1,771,4,0,1000,1,1,0
17153,1,768,4,0,1000,1,1,0
17154,1,771,4,0,1000,1,1,0
17155,1,768,4,0,1000,1,1,0
17156,1,763,4,0,1000,1,1,0
17157,1,764,4,0,1000,1,1,0
17158,1,765,4,0,1000,1,1,0
17159,1,772,4,0,1000,1,1,0
17160,1,773,4,0,1000,1,1,0
17161,1,774,4,0,1000,1,1,0
17162,1,772,4,0,1000,1,1,1
17163,1,773,4,0,1000,1,1,1
17164,1,774,4,0,1000,1,1,1
17165,1,772,4,0,1000,1,1,2
17166,1,773,4,0,1000,1,1,2
17167,1,774,4,0,1000,1,1,2
17168,1,772,4,0,1000,1,1,3
17169,1,773,4,0,1000,1,1,3
17170,1,774,4,0,1000,1,1,3
17171,1,772,4,0,1000,1,1,4
17172,1,773,4,0,1000,1,1,4
17173,1,774,4,0,1000,1,1,4
17174,1,772,4,0,1000,1,1,5
17175,1,773,4,0,1000,1,1,5
17176,1,774,4,0,1000,1,1,5
17177,1,772,4,0,1000,1,1,6
17178,1,773,4,0,1000,1,1,6
17179,1,774,4,0,1000,1,1,6
17180,3,2580,4,0,1000,1,1,0
17181,3,2581,4,0,1000,1,1,0
17182,3,2582,4,0,1000,1,1,0
17183,3,2583,4,0,1000,1,1,0
17184,3,2584,4,0,1000,1,1,0
17185,3,2585,4,0,1000,1,1,0
17186,3,2586,4,0,1000,1,1,0
17187,3,2587,4,0,1000,1,1,0
17188,3,2588,4,0,1000,1,1,0
17189,3,2589,4,0,1000,1,1,0
17190,3,2590,4,0,1000,1,1,0
17191,3,2591,4,0,1000,1,1,0
17192,1,774,4,0,1000,1,1,0
17193,1,772,4,0,1000,1,1,0
17194,1,773,4,0,1000,1,1,0
17195,1,774,4,0,1000,1,1,0
17196,1,775,4,0,1000,1,1,0
17197,1,776,4,0,1000,1,1,0
17198,1,777,4,0,1000,1,1,0
17199,1,775,4,0,1000,1,1,1
17200,1,776,4,0,1000,1,1,1
17201,1,777,4,0,1000,1,1,1
17202,1,775,4,0,1000,1,1,2
17203,1,776,4,0,1000,1,1,2
17204,1,777,4,0,1000,1,1,2
17205,1,775,4,0,1000,1,1,3
17206,1,776,4,0,1000,1,1,3
17207,1,777,4,0,1000,1,1,3
17208,1,775,4,0,1000,1,1,4
17209,1,776,4,0,1000,1,1,4
17210,1,777,4,0,1000,1,1,4
17211,1,775,4,0,1000,1,1,5
17212,1,776,4,0,1000,1,1,5
17213,1,777,4,0,1000,1,1,5
17214,1,775,4,0,1000,1,1,6
17215,1,776,4,0,1000,1,1,6
17216,1,777,4,0,1000,1,1,6
17217,3,2592,4,0,1000,1,1,0
17218,3,2593,4,0,1000,1,1,0
17219,3,2594,4,0,1000,1,1,0
17220,3,2595,4,0,1000,1,1,0
17221,3,2596,4,0,1000,1,1,0
17222,3,2597,4,0,1000,1,1,0
17223,3,2598,4,0,1000,1,1,0
17224,3,2599,4,0,1000,1,1,0
17225,3,2600,4,0,1000,1,1,0
17226,3,2601,4,0,1000,1,1,0
17227,3,2602,4,0,1000,1,1,0
17228,3,2603,4,0,1000,1,1,0
17229,1,777,4,0,1000,1,1,0
17230,1,775,4,0,1000,1,1,0
17231,1,776,4,0,1000,1,1,0
17232,1,777,4,0,1000,1,1,0
17233,1,769,4,0,1000,1,1,0
17234,1,770,4,0,1000,1,1,0
17235,8,0,3,0,1000,10000,10000,0
17236,16,0,4,0,1000,10000,10000,0
17237,1,768,4,0,1000,32,32,0
17238,1,771,4,0,1000,32,32,0
17239,1,774,4,0,1000,32,32,0
17240,1,777,4,0,1000,32,32,0
17276,1,585,4,0,1000,1,1,0
17277,1,531,4,0,1000,1,1,0
17278,1,540,4,0,1000,1,1,0
17279,1,503,4,0,1000,1,1,0
17280,1,519,4,0,1000,1,1,0
17281,1,502,4,0,1000,1,1,0
17282,1,558,4,0,1000,1,1,0
17283,1,549,4,0,1000,1,1,0
17284,1,564,4,0,1000,1,1,0
17285,1,598,4,0,1000,1,1,0
17286,1,570,4,0,1000,1,1,0
17287,1,582,4,0,1000,1,1,0
17288,1,621,4,0,1000,1,1,0
17289,1,618,4,0,1000,1,1,0
17290,1,601,4,0,1000,1,1,0
17291,1,612,4,0,1000,1,1,0
17292,1,624,4,0,1000,1,1,0
17293,1,627,4,0,1000,1,1,0
17294,1,648,4,0,1000,1,1,0
17295,1,588,4,0,1000,1,1,0
17296,1,633,4,0,1000,1,1,0
17297,1,604,4,0,1000,1,1,0
17298,1,669,4,0,1000,1,1,0
17299,1,654,4,0,1000,1,1,0
17300,1,609,4,0,1000,1,1,0
17301,1,639,4,0,1000,1,1,0
17302,1,630,4,0,1000,1,1,0
17303,1,645,4,0,1000,1,1,0
17304,1,663,4,0,1000,1,1,0
17305,1,672,4,0,1000,1,1,0
17306,1,657,4,0,1000,1,1,0
17307,1,660,4,0,1000,1,1,0
17308,1,675,4,0,1000,1,1,0
17309,1,678,4,0,1000,1,1,0
17310,1,555,4,0,1000,1,1,0
17311,1,687,4,0,1000,1,1,0
17312,1,690,4,0,1000,1,1,0
17313,1,693,4,0,1000,1,1,0
17314,1,702,4,0,1000,1,1,0
17315,1,711,4,0,1000,1,1,0
17316,1,705,4,0,1000,1,1,0
17317,1,714,4,0,1000,1,1,0
17318,1,717,4,0,1000,1,1,0
17319,1,720,4,0,1000,1,1,0
17320,1,651,4,0,1000,1,1,0
17321,1,723,4,0,1000,1,1,0
17322,1,642,4,0,1000,1,1,0
17323,1,666,4,0,1000,1,1,0
17324,1,684,4,0,1000,1,1,0
17325,1,699,4,0,1000,1,1,0
17326,1,735,4,0,1000,1,1,0
17327,1,732,4,0,1000,1,1,0
17328,1,738,4,0,1000,1,1,0
17329,1,726,4,0,1000,1,1,0
17330,1,747,4,0,1000,1,1,0
17331,1,753,4,0,1000,1,1,0
17332,1,741,4,0,1000,1,1,0
17333,1,756,4,0,1000,1,1,0
17334,1,759,4,0,1000,1,1,0
17335,1,762,4,0,1000,1,1,0
17336,1,636,4,0,1000,1,1,0
17337,1,708,4,0,1000,1,1,0
17338,1,681,4,0,1000,1,1,0
17339,1,696,4,0,1000,1,1,0
17340,1,729,4,0,1000,1,1,0
17341,1,750,4,0,1000,1,1,0
17342,1,744,4,0,1000,1,1,0
17343,1,615,4,0,1000,1,1,0
17344,1,765,4,0,1000,1,1,0
17345,1,768,4,0,1000,1,1,0
17346,1,771,4,0,1000,1,1,0
17347,1,774,4,0,1000,1,1,0
17348,1,777,4,0,1000,1,1,0
17349,1,754,4,0,1000,1,1,0
17350,1,755,4,0,1000,1,1,0
17351,1,781,4,0,1000,1,1,0
17352,1,782,4,0,1000,1,1,0
17353,1,783,4,0,1000,1,1,0
17354,1,781,4,0,1000,1,1,1
17355,1,782,4,0,1000,1,1,1
17356,1,783,4,0,1000,1,1,1
17357,1,781,4,0,1000,1,1,2
17358,1,782,4,0,1000,1,1,2
17359,1,783,4,0,1000,1,1,2
17360,1,781,4,0,1000,1,1,3
17361,1,782,4,0,1000,1,1,3
17362,1,783,4,0,1000,1,1,3
17363,1,781,4,0,1000,1,1,4
17364,1,782,4,0,1000,1,1,4
17365,1,783,4,0,1000,1,1,4
17366,1,781,4,0,1000,1,1,5
17367,1,782,4,0,1000,1,1,5
17368,1,783,4,0,1000,1,1,5
17369,1,781,4,0,1000,1,1,6
17370,1,782,4,0,1000,1,1,6
17371,1,783,4,0,1000,1,1,6
17372,3,2616,4,0,1000,1,1,0
17373,3,2617,4,0,1000,1,1,0
17374,3,2618,4,0,1000,1,1,0
17375,3,2619,4,0,1000,1,1,0
17376,3,2620,4,0,1000,1,1,0
17377,3,2621,4,0,1000,1,1,0
17378,3,2622,4,0,1000,1,1,0
17379,3,2623,4,0,1000,1,1,0
17380,3,2624,4,0,1000,1,1,0
17381,3,2625,4,0,1000,1,1,0
17382,3,2626,4,0,1000,1,1,0
17383,3,2627,4,0,1000,1,1,0
17384,1,784,4,0,1000,1,1,0
17385,1,785,4,0,1000,1,1,0
17386,1,786,4,0,1000,1,1,0
17387,1,784,4,0,1000,1,1,1
17388,1,785,4,0,1000,1,1,1
17389,1,786,4,0,1000,1,1,1
17390,1,784,4,0,1000,1,1,2
17391,1,785,4,0,1000,1,1,2
17392,1,786,4,0,1000,1,1,2
17393,1,784,4,0,1000,1,1,3
17394,1,785,4,0,1000,1,1,3
17395,1,786,4,0,1000,1,1,3
17396,1,784,4,0,1000,1,1,4
17397,1,785,4,0,1000,1,1,4
17398,1,786,4,0,1000,1,1,4
17399,1,784,4,0,1000,1,1,5
17400,1,785,4,0,1000,1,1,5
17401,1,786,4,0,1000,1,1,5
17402,1,784,4,0,1000,1,1,6
17403,1,785,4,0,1000,1,1,6
17404,1,786,4,0,1000,1,1,6
17405,3,2628,4,0,1000,1,1,0
17406,3,2629,4,0,1000,1,1,0
17407,3,2630,4,0,1000,1,1,0
17408,3,2631,4,0,1000,1,1,0
17409,3,2632,4,0,1000,1,1,0
17410,3,2633,4,0,1000,1,1,0
17411,3,2634,4,0,1000,1,1,0
17412,3,2635,4,0,1000,1,1,0
17413,3,2636,4,0,1000,1,1,0
17414,3,2637,4,0,1000,1,1,0
17415,3,2638,4,0,1000,1,1,0
17416,3,2639,4,0,1000,1,1,0
17417,1,768,4,0,1000,32,32,0
17418,1,771,4,0,1000,32,32,0
17419,1,681,4,0,1000,32,32,0
17420,1,777,4,0,1000,32,32,0
17421,1,774,4,0,1000,32,32,0
17422,1,768,4,0,1000,1,1,0
17423,1,771,4,0,1000,1,1,0
17424,1,681,4,0,1000,1,1,0
17425,1,777,4,0,1000,1,1,0
17426,1,774,4,0,1000,1,1,0
17427,1,774,4,0,1000,1,1,0
17428,1,777,4,0,1000,1,1,0
17429,1,783,4,0,1000,1,1,0
17430,1,786,4,0,1000,1,1,0
17431,1,774,4,0,1000,1,1,0
17432,1,777,4,0,1000,1,1,0
17433,1,783,4,0,1000,1,1,0
17434,1,786,4,0,1000,1,1,0
17435,1,783,4,0,1000,1,1,0
17436,1,786,4,0,1000,1,1,0
17437,1,783,4,0,1000,1,1,0
17438,1,786,4,0,1000,1,1,0
17439,8,0,3,0,1000,20000,20000,0
17440,8,0,3,0,1000,30000,30000,0
17441,16,0,4,0,1000,20000,20000,0
17442,16,0,4,0,1000,30000,30000,0
17443,1,786,4,0,1000,32,32,0
17444,1,783,4,0,1000,32,32,0
17445,1,744,4,0,1000,32,32,0
17447,1,729,4,0,1000,32,32,0
17448,1,750,4,0,1000,32,32,0
17450,1,696,4,0,1000,32,32,0
17451,1,681,4,0,1000,32,32,0
17452,1,708,4,0,1000,32,32,0
17455,1,765,4,0,1000,32,32,0
17456,1,762,4,0,1000,32,32,0
17457,1,759,4,0,1000,32,32,0
17458,1,756,4,0,1000,32,32,0
17459,1,753,4,0,1000,32,32,0
17460,1,747,4,0,1000,32,32,0
17461,1,741,4,0,1000,32,32,0
17462,1,738,4,0,1000,32,32,0
17463,1,735,4,0,1000,32,32,0
17464,1,732,4,0,1000,32,32,0
17465,1,714,4,0,1000,32,32,0
17466,1,726,4,0,1000,32,32,0
17467,1,699,4,0,1000,32,32,0
17468,1,684,4,0,1000,32,32,0
17469,1,723,4,0,1000,32,32,0
17470,1,720,4,0,1000,32,32,0
17471,1,717,4,0,1000,32,32,0
17472,1,711,4,0,1000,32,32,0
17473,1,702,4,0,1000,32,32,0
17474,1,693,4,0,1000,32,32,0
17475,1,690,4,0,1000,32,32,0
17476,1,687,4,0,1000,32,32,0
17477,1,678,4,0,1000,32,32,0
17478,1,675,4,0,1000,32,32,0
17479,1,672,4,0,1000,32,32,0
17480,1,669,4,0,1000,32,32,0
17481,1,666,4,0,1000,32,32,0
17482,1,663,4,0,1000,32,32,0
17483,1,660,4,0,1000,32,32,0
17484,1,657,4,0,1000,32,32,0
17485,1,651,4,0,1000,32,32,0
17486,1,642,4,0,1000,32,32,0
17487,1,654,4,0,1000,32,32,0
17488,1,645,4,0,1000,32,32,0
17489,1,639,4,0,1000,32,32,0
17490,1,609,4,0,1000,32,32,0
17491,1,604,4,0,1000,32,32,0
17492,1,633,4,0,1000,32,32,0
17493,1,762,4,0,1000,1,1,0
17494,1,741,4,0,1000,1,1,0
17495,1,771,4,0,1000,1,1,0
17496,1,744,4,0,1000,1,1,0
17497,1,768,4,0,1000,1,1,0
17498,1,786,4,0,1000,1,1,0
17499,1,750,4,0,1000,1,1,0
17500,1,585,4,0,1000,1,1,0
17501,1,780,4,0,1000,32,32,0
17502,1,787,4,0,1000,1,1,0
17503,1,788,4,0,1000,1,1,0
17504,1,789,4,0,1000,1,1,0
17505,1,787,4,0,1000,1,1,1
17506,1,788,4,0,1000,1,1,1
17507,1,789,4,0,1000,1,1,1
17508,1,787,4,0,1000,1,1,2
17509,1,788,4,0,1000,1,1,2
17510,1,789,4,0,1000,1,1,2
17511,1,787,4,0,1000,1,1,3
17512,1,788,4,0,1000,1,1,3
17513,1,789,4,0,1000,1,1,3
17514,1,787,4,0,1000,1,1,4
17515,1,788,4,0,1000,1,1,4
17516,1,789,4,0,1000,1,1,4
17517,1,787,4,0,1000,1,1,5
17518,1,788,4,0,1000,1,1,5
17519,1,789,4,0,1000,1,1,5
17520,1,787,4,0,1000,1,1,6
17521,1,788,4,0,1000,1,1,6
17522,1,789,4,0,1000,1,1,6
17523,3,2640,4,0,1000,1,1,0
17524,3,2641,4,0,1000,1,1,0
17525,3,2642,4,0,1000,1,1,0
17526,3,2643,4,0,1000,1,1,0
17527,3,2644,4,0,1000,1,1,0
17528,3,2645,4,0,1000,1,1,0
17529,3,2646,4,0,1000,1,1,0
17530,3,2647,4,0,1000,1,1,0
17531,3,2648,4,0,1000,1,1,0
17532,3,2649,4,0,1000,1,1,0
17533,3,2650,4,0,1000,1,1,0
17534,3,2651,4,0,1000,1,1,0
17535,1,789,4,0,1000,32,32,0
17536,1,789,4,0,1000,1,1,0
17537,1,789,4,0,1000,1,1,0
17538,1,790,4,0,1000,1,1,0
17539,1,791,4,0,1000,1,1,0
17540,1,792,4,0,1000,1,1,0
17541,1,790,4,0,1000,1,1,1
17542,1,791,4,0,1000,1,1,1
17543,1,792,4,0,1000,1,1,1
17544,1,790,4,0,1000,1,1,2
17545,1,791,4,0,1000,1,1,2
17546,1,792,4,0,1000,1,1,2
17547,1,790,4,0,1000,1,1,3
17548,1,791,4,0,1000,1,1,3
17549,1,792,4,0,1000,1,1,3
17550,1,790,4,0,1000,1,1,4
17551,1,791,4,0,1000,1,1,4
17552,1,792,4,0,1000,1,1,4
17553,1,790,4,0,1000,1,1,5
17554,1,791,4,0,1000,1,1,5
17555,1,792,4,0,1000,1,1,5
17556,1,790,4,0,1000,1,1,6
17557,1,791,4,0,1000,1,1,6
17558,1,792,4,0,1000,1,1,6
17559,3,2652,4,0,1000,1,1,0
17560,3,2653,4,0,1000,1,1,0
17561,3,2654,4,0,1000,1,1,0
17562,3,2655,4,0,1000,1,1,0
17563,3,2656,4,0,1000,1,1,0
17564,3,2657,4,0,1000,1,1,0
17565,3,2658,4,0,1000,1,1,0
17566,3,2659,4,0,1000,1,1,0
17567,3,2660,4,0,1000,1,1,0
17568,3,2661,4,0,1000,1,1,0
17569,3,2662,4,0,1000,1,1,0
17570,3,2663,4,0,1000,1,1,0
17571,1,792,4,0,1000,1,1,0
17572,1,792,4,0,1000,1,1,0
17573,1,793,4,0,1000,1,1,0
17574,1,794,4,0,1000,1,1,0
17575,1,795,4,0,1000,1,1,0
17576,1,793,4,0,1000,1,1,1
17577,1,794,4,0,1000,1,1,1
17578,1,795,4,0,1000,1,1,1
17579,1,793,4,0,1000,1,1,2
17580,1,794,4,0,1000,1,1,2
17581,1,795,4,0,1000,1,1,2
17582,1,793,4,0,1000,1,1,3
17583,1,794,4,0,1000,1,1,3
17584,1,795,4,0,1000,1,1,3
17585,1,793,4,0,1000,1,1,4
17586,1,794,4,0,1000,1,1,4
17587,1,795,4,0,1000,1,1,4
17588,1,793,4,0,1000,1,1,5
17589,1,794,4,0,1000,1,1,5
17590,1,795,4,0,1000,1,1,5
17591,1,793,4,0,1000,1,1,6
17592,1,794,4,0,1000,1,1,6
17593,1,795,4,0,1000,1,1,6
17594,3,2664,4,0,1000,1,1,0
17595,3,2665,4,0,1000,1,1,0
17596,3,2666,4,0,1000,1,1,0
17597,3,2667,4,0,1000,1,1,0
17598,3,2668,4,0,1000,1,1,0
17599,3,2669,4,0,1000,1,1,0
17600,3,2670,4,0,1000,1,1,0
17601,3,2671,4,0,1000,1,1,0
17602,3,2672,4,0,1000,1,1,0
17603,3,2673,4,0,1000,1,1,0
17604,3,2674,4,0,1000,1,1,0
17605,3,2675,4,0,1000,1,1,0
17606,1,796,4,0,1000,1,1,0
17607,1,797,4,0,1000,1,1,0
17608,1,798,4,0,1000,1,1,0
17609,1,796,4,0,1000,1,1,1
17610,1,797,4,0,1000,1,1,1
17611,1,798,4,0,1000,1,1,1
17612,1,796,4,0,1000,1,1,2
17613,1,797,4,0,1000,1,1,2
17614,1,798,4,0,1000,1,1,2
17615,1,796,4,0,1000,1,1,3
17616,1,797,4,0,1000,1,1,3
17617,1,798,4,0,1000,1,1,3
17618,1,796,4,0,1000,1,1,4
17619,1,797,4,0,1000,1,1,4
17620,1,798,4,0,1000,1,1,4
17621,1,796,4,0,1000,1,1,5
17622,1,797,4,0,1000,1,1,5
17623,1,798,4,0,1000,1,1,5
17624,1,796,4,0,1000,1,1,6
17625,1,797,4,0,1000,1,1,6
17626,1,798,4,0,1000,1,1,6
17627,3,2676,4,0,1000,1,1,0
17628,3,2677,4,0,1000,1,1,0
17629,3,2678,4,0,1000,1,1,0
17630,3,2679,4,0,1000,1,1,0
17631,3,2680,4,0,1000,1,1,0
17632,3,2681,4,0,1000,1,1,0
17633,3,2682,4,0,1000,1,1,0
17634,3,2683,4,0,1000,1,1,0
17635,3,2684,4,0,1000,1,1,0
17636,3,2685,4,0,1000,1,1,0
17637,3,2686,4,0,1000,1,1,0
17638,3,2687,4,0,1000,1,1,0
17639,1,792,4,0,1000,32,32,0
17640,1,789,4,0,1000,32,32,0
17641,1,783,4,0,1000,32,32,0
17642,1,786,4,0,1000,32,32,0
17643,1,789,4,0,1000,1,1,0
17644,1,792,4,0,1000,1,1,0
17645,1,795,4,0,1000,1,1,0
17646,1,798,4,0,1000,1,1,0
17647,1,789,4,0,1000,1,1,0
17648,1,792,4,0,1000,1,1,0
17649,1,795,4,0,1000,1,1,0
17650,1,798,4,0,1000,1,1,0
17651,1,795,4,0,1000,1,1,0
17652,1,798,4,0,1000,1,1,0
17653,1,795,4,0,1000,1,1,0
17654,1,798,4,0,1000,1,1,0
17655,8,0,3,2,1000,10,10,0
17655,16,0,4,1,1000,1,1,0
17656,8,0,3,2,1000,20,20,0
17656,16,0,4,1,1000,2,2,0
17657,8,0,3,2,1000,30,30,0
17657,16,0,4,1,1000,3,3,0
17658,8,0,3,2,1000,40,40,0
17658,16,0,4,1,1000,4,4,0
17659,3,1844,4,3,250,1,1,0
17659,3,1845,4,3,250,1,1,0
17659,3,1846,4,3,250,1,1,0
17659,3,1847,4,3,250,1,1,0
17659,3,3060,4,4,111,1,1,0
17659,3,3061,4,4,111,1,1,0
17659,3,3062,4,4,111,1,1,0
17659,3,3063,4,4,1,1,1,0
17659,3,3064,4,4,1,1,1,0
17659,3,3065,4,4,111,1,1,0
17659,3,3066,4,4,111,1,1,0
17659,3,3067,4,4,111,1,1,0
17659,3,3068,4,4,111,1,1,0
17659,3,3069,4,4,110,1,1,0
17659,3,3070,4,4,1,1,1,0
17659,3,3071,4,4,110,1,1,0
17659,8,0,3,2,1000,100,100,0
17659,16,0,4,1,1000,5,5,0
17660,8,0,3,2,1000,15,15,0
17660,16,0,4,1,1000,3,3,0
17661,8,0,3,2,1000,25,25,0
17661,16,0,4,1,1000,4,4,0
17662,8,0,3,2,1000,35,35,0
17662,16,0,4,1,1000,5,5,0
17663,8,0,3,2,1000,45,45,0
17663,16,0,4,1,1000,6,6,0
17664,3,1908,4,3,250,1,1,0
17664,3,1908,4,4,250,1,1,0
17664,3,1909,4,3,250,1,1,0
17664,3,1909,4,4,250,1,1,0
17664,3,1910,4,3,250,1,1,0
17664,3,1910,4,4,250,1,1,0
17664,3,1911,4,3,250,1,1,0
17664,3,1911,4,4,250,1,1,0
17664,3,3060,4,5,111,1,1,0
17664,3,3060,4,6,111,1,1,0
17664,3,3061,4,5,111,1,1,0
17664,3,3061,4,6,111,1,1,0
17664,3,3062,4,5,111,1,1,0
17664,3,3062,4,6,111,1,1,0
17664,3,3063,4,5,1,1,1,0
17664,3,3063,4,6,1,1,1,0
17664,3,3064,4,5,1,1,1,0
17664,3,3064,4,6,1,1,1,0
17664,3,3065,4,5,111,1,1,0
17664,3,3065,4,6,111,1,1,0
17664,3,3066,4,5,111,1,1,0
17664,3,3066,4,6,111,1,1,0
17664,3,3067,4,5,111,1,1,0
17664,3,3067,4,6,111,1,1,0
17664,3,3068,4,5,111,1,1,0
17664,3,3068,4,6,111,1,1,0
17664,3,3069,4,5,110,1,1,0
17664,3,3069,4,6,110,1,1,0
17664,3,3070,4,5,1,1,1,0
17664,3,3070,4,6,1,1,1,0
17664,3,3071,4,5,110,1,1,0
17664,3,3071,4,6,110,1,1,0
17664,8,0,3,2,1000,200,200,0
17664,16,0,4,1,1000,7,7,0
17665,1,799,4,0,1000,1,1,0
17666,1,800,4,0,1000,1,1,0
17667,1,801,4,0,1000,1,1,0
17668,1,799,4,0,1000,1,1,1
17669,1,800,4,0,1000,1,1,1
17670,1,801,4,0,1000,1,1,1
17671,1,799,4,0,1000,1,1,2
17672,1,800,4,0,1000,1,1,2
17673,1,801,4,0,1000,1,1,2
17674,1,799,4,0,1000,1,1,3
17675,1,800,4,0,1000,1,1,3
17676,1,801,4,0,1000,1,1,3
17677,1,799,4,0,1000,1,1,4
17678,1,800,4,0,1000,1,1,4
17679,1,801,4,0,1000,1,1,4
17680,1,799,4,0,1000,1,1,5
17681,1,800,4,0,1000,1,1,5
17682,1,801,4,0,1000,1,1,5
17683,1,799,4,0,1000,1,1,6
17684,1,800,4,0,1000,1,1,6
17685,1,801,4,0,1000,1,1,6
17686,3,2688,4,0,1000,1,1,0
17687,3,2689,4,0,1000,1,1,0
17688,3,2690,4,0,1000,1,1,0
17689,3,2691,4,0,1000,1,1,0
17690,3,2692,4,0,1000,1,1,0
17691,3,2693,4,0,1000,1,1,0
17692,3,2694,4,0,1000,1,1,0
17693,3,2695,4,0,1000,1,1,0
17694,3,2696,4,0,1000,1,1,0
17695,3,2697,4,0,1000,1,1,0
17696,3,2698,4,0,1000,1,1,0
17697,3,2699,4,0,1000,1,1,0
17698,1,801,4,0,1000,1,1,0
17699,1,801,4,0,1000,1,1,0
17700,1,801,4,0,1000,1,1,0
17701,1,802,4,0,1000,1,1,0
17702,1,803,4,0,1000,1,1,0
17703,1,804,4,0,1000,1,1,0
17704,1,802,4,0,1000,1,1,1
17705,1,803,4,0,1000,1,1,1
17706,1,804,4,0,1000,1,1,1
17707,1,802,4,0,1000,1,1,2
17708,1,803,4,0,1000,1,1,2
17709,1,804,4,0,1000,1,1,2
17710,1,802,4,0,1000,1,1,3
17711,1,803,4,0,1000,1,1,3
17712,1,804,4,0,1000,1,1,3
17713,1,802,4,0,1000,1,1,4
17714,1,803,4,0,1000,1,1,4
17715,1,804,4,0,1000,1,1,4
17716,1,802,4,0,1000,1,1,5
17717,1,803,4,0,1000,1,1,5
17718,1,804,4,0,1000,1,1,5
17719,1,802,4,0,1000,1,1,6
17720,1,803,4,0,1000,1,1,6
17721,1,804,4,0,1000,1,1,6
17722,3,2700,4,0,1000,1,1,0
17723,3,2701,4,0,1000,1,1,0
17724,3,2702,4,0,1000,1,1,0
17725,3,2703,4,0,1000,1,1,0
17726,3,2704,4,0,1000,1,1,0
17727,3,2705,4,0,1000,1,1,0
17728,3,2706,4,0,1000,1,1,0
17729,3,2707,4,0,1000,1,1,0
17730,3,2708,4,0,1000,1,1,0
17731,3,2709,4,0,1000,1,1,0
17732,3,2710,4,0,1000,1,1,0
17733,3,2711,4,0,1000,1,1,0
17734,1,804,4,0,1000,1,1,0
17735,1,804,4,0,1000,1,1,0
17736,1,804,4,0,1000,1,1,0
17737,1,805,4,0,1000,1,1,0
17738,1,806,4,0,1000,1,1,0
17739,1,807,4,0,1000,1,1,0
17740,1,805,4,0,1000,1,1,1
17741,1,806,4,0,1000,1,1,1
17742,1,807,4,0,1000,1,1,1
17743,1,805,4,0,1000,1,1,2
17744,1,806,4,0,1000,1,1,2
17745,1,807,4,0,1000,1,1,2
17746,1,805,4,0,1000,1,1,3
17747,1,806,4,0,1000,1,1,3
17748,1,807,4,0,1000,1,1,3
17749,1,805,4,0,1000,1,1,4
17750,1,806,4,0,1000,1,1,4
17751,1,807,4,0,1000,1,1,4
17752,1,805,4,0,1000,1,1,5
17753,1,806,4,0,1000,1,1,5
17754,1,807,4,0,1000,1,1,5
17755,1,805,4,0,1000,1,1,6
17756,1,806,4,0,1000,1,1,6
17757,1,807,4,0,1000,1,1,6
17758,3,2712,4,0,1000,1,1,0
17759,3,2713,4,0,1000,1,1,0
17760,3,2714,4,0,1000,1,1,0
17761,3,2715,4,0,1000,1,1,0
17762,3,2716,4,0,1000,1,1,0
17763,3,2717,4,0,1000,1,1,0
17764,3,2718,4,0,1000,1,1,0
17765,3,2719,4,0,1000,1,1,0
17766,3,2720,4,0,1000,1,1,0
17767,3,2721,4,0,1000,1,1,0
17768,3,2722,4,0,1000,1,1,0
17769,3,2723,4,0,1000,1,1,0
17770,1,807,4,0,1000,1,1,0
17771,1,807,4,0,1000,1,1,0
17772,1,808,4,0,1000,1,1,0
17773,1,809,4,0,1000,1,1,0
17774,1,810,4,0,1000,1,1,0
17775,1,808,4,0,1000,1,1,1
17776,1,809,4,0,1000,1,1,1
17777,1,810,4,0,1000,1,1,1
17778,1,808,4,0,1000,1,1,2
17779,1,809,4,0,1000,1,1,2
17780,1,810,4,0,1000,1,1,2
17781,1,808,4,0,1000,1,1,3
17782,1,809,4,0,1000,1,1,3
17783,1,810,4,0,1000,1,1,3
17784,1,808,4,0,1000,1,1,4
17785,1,809,4,0,1000,1,1,4
17786,1,810,4,0,1000,1,1,4
17787,1,808,4,0,1000,1,1,5
17788,1,809,4,0,1000,1,1,5
17789,1,810,4,0,1000,1,1,5
17790,1,808,4,0,1000,1,1,6
17791,1,809,4,0,1000,1,1,6
17792,1,810,4,0,1000,1,1,6
17793,3,2724,4,0,1000,1,1,0
17794,3,2725,4,0,1000,1,1,0
17795,3,2726,4,0,1000,1,1,0
17796,3,2727,4,0,1000,1,1,0
17797,3,2728,4,0,1000,1,1,0
17798,3,2729,4,0,1000,1,1,0
17799,3,2730,4,0,1000,1,1,0
17800,3,2731,4,0,1000,1,1,0
17801,3,2732,4,0,1000,1,1,0
17802,3,2733,4,0,1000,1,1,0
17803,3,2734,4,0,1000,1,1,0
17804,3,2735,4,0,1000,1,1,0
17805,1,810,4,0,1000,1,1,0
17806,1,810,4,0,1000,1,1,0
17807,1,780,4,0,1000,1,1,0
17808,1,789,4,0,1000,1,1,0
17809,1,792,4,0,1000,1,1,0
17810,1,795,4,0,1000,1,1,0
17811,1,801,4,0,1000,1,1,0
17812,1,804,4,0,1000,1,1,0
17813,1,807,4,0,1000,1,1,0
17814,1,783,4,0,1000,1,1,0
17815,1,798,4,0,1000,1,1,0
17816,1,786,4,0,1000,1,1,0
17817,1,732,4,0,1000,1,1,0
17818,1,735,4,0,1000,1,1,0
17819,1,738,4,0,1000,1,1,0
17820,1,741,4,0,1000,1,1,0
17821,1,747,4,0,1000,1,1,0
17822,1,753,4,0,1000,1,1,0
17823,1,756,4,0,1000,1,1,0
17824,1,759,4,0,1000,1,1,0
17825,1,762,4,0,1000,1,1,0
17826,1,765,4,0,1000,1,1,0
17827,1,774,4,0,1000,1,1,0
17828,1,777,4,0,1000,1,1,0
17829,1,780,4,0,1000,1,1,0
17830,1,789,4,0,1000,1,1,0
17831,1,792,4,0,1000,1,1,0
17832,1,771,4,0,1000,1,1,0
17833,1,783,4,0,1000,1,1,0
17834,1,744,4,0,1000,1,1,0
17835,1,750,4,0,1000,1,1,0
17836,1,768,4,0,1000,1,1,0
17837,1,786,4,0,1000,1,1,0
17838,1,564,4,0,1000,1,1,0
17839,1,591,4,0,1000,1,1,0
17840,1,630,4,0,1000,1,1,0
17841,1,624,4,0,1000,1,1,0
17842,1,552,4,0,1000,1,1,0
17843,1,627,4,0,1000,1,1,0
17844,1,690,4,0,1000,1,1,0
17845,1,705,4,0,1000,1,1,0
17846,1,669,4,0,1000,1,1,0
17847,1,720,4,0,1000,1,1,0
17848,1,795,4,0,1000,1,1,0
17849,1,741,4,0,1000,1,1,0
17850,1,735,4,0,1000,1,1,0
17851,1,771,4,0,1000,1,1,0
17852,1,783,4,0,1000,1,1,0
17853,1,657,4,0,1000,1,1,0
17854,1,687,4,0,1000,1,1,0
17855,1,759,4,0,1000,1,1,0
17856,1,762,4,0,1000,1,1,0
17857,1,765,4,0,1000,1,1,0
17858,1,774,4,0,1000,1,1,0
17859,1,604,4,0,1000,1,1,0
17860,1,723,4,0,1000,1,1,0
17861,1,645,4,0,1000,1,1,0
17862,1,654,4,0,1000,1,1,0
17863,1,753,4,0,1000,1,1,0
17864,1,756,4,0,1000,1,1,0
17865,1,609,4,0,1000,1,1,0
17866,1,660,4,0,1000,1,1,0
17867,1,663,4,0,1000,1,1,0
17868,1,672,4,0,1000,1,1,0
17869,1,777,4,0,1000,1,1,0
17870,1,780,4,0,1000,1,1,0
17871,1,630,4,0,1000,1,1,0
17872,1,672,4,0,1000,1,1,0
17873,1,678,4,0,1000,1,1,0
17874,1,720,4,0,1000,1,1,0
17875,1,642,4,0,1000,1,1,0
17876,1,684,4,0,1000,1,1,0
17877,1,633,4,0,1000,1,1,0
17878,1,675,4,0,1000,1,1,0
17879,1,693,4,0,1000,1,1,0
17880,1,705,4,0,1000,1,1,0
17881,1,699,4,0,1000,1,1,0
17882,1,726,4,0,1000,1,1,0
17883,1,639,4,0,1000,1,1,0
17884,1,555,4,0,1000,1,1,0
17885,1,711,4,0,1000,1,1,0
17886,1,717,4,0,1000,1,1,0
17887,1,732,4,0,1000,1,1,0
17888,1,735,4,0,1000,1,1,0
17889,1,645,4,0,1000,1,1,0
17890,1,669,4,0,1000,1,1,0
17891,1,690,4,0,1000,1,1,0
17892,1,738,4,0,1000,1,1,0
17893,1,747,4,0,1000,1,1,0
17894,1,741,4,0,1000,1,1,0
17895,1,747,4,0,1000,1,1,0
17896,1,771,4,0,1000,1,1,0
17897,1,792,4,0,1000,1,1,0
17898,1,783,4,0,1000,1,1,0
17899,1,795,4,0,1000,1,1,0
17900,1,747,4,0,1000,1,1,0
17901,1,771,4,0,1000,1,1,0
17902,1,792,4,0,1000,1,1,0
17903,1,795,4,0,1000,1,1,0
17904,1,783,4,0,1000,1,1,0
17905,1,618,4,0,1000,1,1,0
17906,1,621,4,0,1000,1,1,0
17907,1,624,4,0,1000,1,1,0
17908,1,627,4,0,1000,1,1,0
17909,1,648,4,0,1000,1,1,0
17910,1,756,4,0,1000,1,1,0
17911,1,759,4,0,1000,1,1,0
17912,1,762,4,0,1000,1,1,0
17913,1,765,4,0,1000,1,1,0
17914,1,774,4,0,1000,1,1,0
17915,1,771,4,0,1000,1,1,0
17916,1,759,4,0,1000,1,1,0
17917,1,777,4,0,1000,1,1,0
17918,1,771,4,0,1000,1,1,0
17919,1,783,4,0,1000,1,1,0
17920,1,768,4,0,1000,1,1,0
17921,1,756,4,0,1000,1,1,0
17922,1,783,4,0,1000,1,1,0
17923,1,792,4,0,1000,1,1,0
17924,1,795,4,0,1000,1,1,0
17925,1,774,4,0,1000,1,1,0
17926,1,768,4,0,1000,1,1,0
17927,1,762,4,0,1000,1,1,0
17928,1,771,4,0,1000,1,1,0
17929,1,774,4,0,1000,1,1,0
17930,1,777,4,0,1000,1,1,0
17931,1,783,4,0,1000,1,1,0
17932,1,789,4,0,1000,1,1,0
17933,1,792,4,0,1000,1,1,0
17934,1,795,4,0,1000,1,1,0
17935,1,786,4,0,1000,1,1,0
17936,1,747,4,0,1000,1,1,0
17937,1,753,4,0,1000,1,1,0
17938,1,735,4,0,1000,1,1,0
17939,1,762,4,0,1000,1,1,0
17940,1,765,4,0,1000,1,1,0
17941,1,771,4,0,1000,1,1,0
17942,1,774,4,0,1000,1,1,0
17943,1,777,4,0,1000,1,1,0
17944,1,783,4,0,1000,1,1,0
17945,1,789,4,0,1000,1,1,0
17946,1,792,4,0,1000,1,1,0
17947,1,795,4,0,1000,1,1,0
17948,1,811,4,0,1000,1,1,0
17949,1,812,4,0,1000,1,1,0
17950,1,813,4,0,1000,1,1,0
17951,1,811,4,0,1000,1,1,1
17952,1,812,4,0,1000,1,1,1
17953,1,813,4,0,1000,1,1,1
17954,1,811,4,0,1000,1,1,2
17955,1,812,4,0,1000,1,1,2
17956,1,813,4,0,1000,1,1,2
17957,1,811,4,0,1000,1,1,3
17958,1,812,4,0,1000,1,1,3
17959,1,813,4,0,1000,1,1,3
17960,1,811,4,0,1000,1,1,4
17961,1,812,4,0,1000,1,1,4
17962,1,813,4,0,1000,1,1,4
17963,1,811,4,0,1000,1,1,5
17964,1,812,4,0,1000,1,1,5
17965,1,813,4,0,1000,1,1,5
17966,1,811,4,0,1000,1,1,6
17967,1,812,4,0,1000,1,1,6
17968,1,813,4,0,1000,1,1,6
17969,1,2736,4,0,1000,1,1,0
17970,1,2737,4,0,1000,1,1,0
17971,1,2738,4,0,1000,1,1,0
17972,1,2739,4,0,1000,1,1,0
17973,1,2740,4,0,1000,1,1,0
17974,1,2741,4,0,1000,1,1,0
17975,1,2742,4,0,1000,1,1,0
17976,1,2743,4,0,1000,1,1,0
17977,1,2744,4,0,1000,1,1,0
17978,1,2745,4,0,1000,1,1,0
17979,1,2746,4,0,1000,1,1,0
17980,1,2747,4,0,1000,1,1,0
17981,1,813,4,0,1000,1,1,0
17982,1,813,4,0,1000,1,1,0
17983,1,814,4,0,1000,1,1,0
17984,1,815,4,0,1000,1,1,0
17985,1,816,4,0,1000,1,1,0
17986,1,814,4,0,1000,1,1,1
17987,1,815,4,0,1000,1,1,1
17988,1,816,4,0,1000,1,1,1
17989,1,814,4,0,1000,1,1,2
17990,1,815,4,0,1000,1,1,2
17991,1,816,4,0,1000,1,1,2
17992,1,814,4,0,1000,1,1,3
17993,1,815,4,0,1000,1,1,3
17994,1,816,4,0,1000,1,1,3
17995,1,814,4,0,1000,1,1,4
17996,1,815,4,0,1000,1,1,4
17997,1,816,4,0,1000,1,1,4
17998,1,814,4,0,1000,1,1,5
17999,1,815,4,0,1000,1,1,5
18000,1,816,4,0,1000,1,1,5
18001,1,814,4,0,1000,1,1,6
18002,1,815,4,0,1000,1,1,6
18003,1,816,4,0,1000,1,1,6
18004,1,2748,4,0,1000,1,1,0
18005,1,2749,4,0,1000,1,1,0
18006,1,2750,4,0,1000,1,1,0
18007,1,2751,4,0,1000,1,1,0
18008,1,2752,4,0,1000,1,1,0
18009,1,2753,4,0,1000,1,1,0
18010,1,2754,4,0,1000,1,1,0
18011,1,2755,4,0,1000,1,1,0
18012,1,2756,4,0,1000,1,1,0
18013,1,2757,4,0,1000,1,1,0
18014,1,2758,4,0,1000,1,1,0
18015,1,2759,4,0,1000,1,1,0
18016,1,816,4,0,1000,1,1,0
18017,1,816,4,0,1000,1,1,0
18018,1,891,4,0,1000,32,32,0
18019,1,891,4,0,1000,32,32,0
18020,1,891,4,0,1000,32,32,0
18021,1,885,4,0,1000,32,32,0
18022,1,885,4,0,1000,32,32,0
18023,1,885,4,0,1000,32,32,0
18024,1,828,4,0,1000,32,32,0
18025,1,813,4,0,1000,32,32,0
18026,1,798,4,0,1000,32,32,0
18027,1,786,4,0,1000,32,32,0
18028,1,768,4,0,1000,32,32,0
18029,1,729,4,0,1000,32,32,0
18030,1,837,4,0,1000,32,32,0
18031,1,825,4,0,1000,32,32,0
18032,1,831,4,0,1000,32,32,0
18033,1,822,4,0,1000,32,32,0
18034,1,819,4,0,1000,32,32,0
18035,1,816,4,0,1000,32,32,0
18036,1,810,4,0,1000,32,32,0
18037,1,804,4,0,1000,32,32,0
18038,1,795,4,0,1000,32,32,0
18039,1,783,4,0,1000,32,32,0
18040,1,747,4,0,1000,32,32,0
18041,1,807,4,0,1000,32,32,0
18042,1,702,4,0,1000,32,32,0
18043,1,723,4,0,1000,32,32,0
18044,1,699,4,0,1000,32,32,0
18045,1,741,4,0,1000,32,32,0
18046,1,750,4,0,1000,32,32,0
18047,1,561,4,0,1000,1,1,0
18048,1,567,4,0,1000,1,1,0
18049,1,660,4,0,1000,1,1,0
18050,1,690,4,0,1000,1,1,0
18051,1,519,4,0,1000,1,1,0
18052,1,564,4,0,1000,1,1,0
18053,1,711,4,0,1000,1,1,0
18054,1,558,4,0,1000,1,1,0
18055,1,687,4,0,1000,1,1,0
18056,1,612,4,0,1000,1,1,0
18057,1,705,4,0,1000,1,1,0
18058,1,604,4,0,1000,1,1,0
18059,1,657,4,0,1000,1,1,0
18060,1,720,4,0,1000,1,1,0
18061,1,609,4,0,1000,1,1,0
18062,1,666,4,0,1000,1,1,0
18063,1,762,4,0,1000,1,1,0
18064,1,723,4,0,1000,1,1,0
18065,1,642,4,0,1000,1,1,0
18066,1,555,4,0,1000,1,1,0
18067,1,735,4,0,1000,1,1,0
18068,1,777,4,0,1000,1,1,0
18069,1,756,4,0,1000,1,1,0
18070,1,651,4,0,1000,1,1,0
18071,1,747,4,0,1000,1,1,0
18072,1,741,4,0,1000,1,1,0
18073,1,765,4,0,1000,1,1,0
18074,1,801,4,0,1000,1,1,0
18075,1,888,4,0,1000,1,1,0
18076,1,801,4,0,1000,1,1,0
18077,1,804,4,0,1000,1,1,0
18078,1,807,4,0,1000,1,1,0
18079,1,810,4,0,1000,1,1,0
18080,1,813,4,0,1000,1,1,0
18081,1,816,4,0,1000,1,1,0
18082,1,783,4,0,1000,32,32,0
18083,1,798,4,0,1000,32,32,0
18084,1,729,4,0,1000,32,32,0
18085,1,817,4,0,1000,1,1,0
18086,1,818,4,0,1000,1,1,0
18087,1,819,4,0,1000,1,1,0
18088,1,817,4,0,1000,1,1,1
18089,1,818,4,0,1000,1,1,1
18090,1,819,4,0,1000,1,1,1
18091,1,817,4,0,1000,1,1,2
18092,1,818,4,0,1000,1,1,2
18093,1,819,4,0,1000,1,1,2
18094,1,817,4,0,1000,1,1,3
18095,1,818,4,0,1000,1,1,3
18096,1,819,4,0,1000,1,1,3
18097,1,817,4,0,1000,1,1,4
18098,1,818,4,0,1000,1,1,4
18099,1,819,4,0,1000,1,1,4
18100,1,817,4,0,1000,1,1,5
18101,1,818,4,0,1000,1,1,5
18102,1,819,4,0,1000,1,1,5
18103,1,817,4,0,1000,1,1,6
18104,1,818,4,0,1000,1,1,6
18105,1,819,4,0,1000,1,1,6
18106,1,2760,4,0,1000,1,1,0
18107,1,2761,4,0,1000,1,1,0
18108,1,2762,4,0,1000,1,1,0
18109,1,2763,4,0,1000,1,1,0
18110,1,2764,4,0,1000,1,1,0
18111,1,2765,4,0,1000,1,1,0
18112,1,2766,4,0,1000,1,1,0
18113,1,2767,4,0,1000,1,1,0
18114,1,2768,4,0,1000,1,1,0
18115,1,2769,4,0,1000,1,1,0
18116,1,2770,4,0,1000,1,1,0
18117,1,2771,4,0,1000,1,1,0
18118,1,819,4,0,1000,1,1,0
18119,1,819,4,0,1000,1,1,0
18120,1,820,4,0,1000,1,1,0
18121,1,821,4,0,1000,1,1,0
18122,1,822,4,0,1000,1,1,0
18123,1,820,4,0,1000,1,1,1
18124,1,821,4,0,1000,1,1,1
18125,1,822,4,0,1000,1,1,1
18126,1,820,4,0,1000,1,1,2
18127,1,821,4,0,1000,1,1,2
18128,1,822,4,0,1000,1,1,2
18129,1,820,4,0,1000,1,1,3
18130,1,821,4,0,1000,1,1,3
18131,1,822,4,0,1000,1,1,3
18132,1,820,4,0,1000,1,1,4
18133,1,821,4,0,1000,1,1,4
18134,1,822,4,0,1000,1,1,4
18135,1,820,4,0,1000,1,1,5
18136,1,821,4,0,1000,1,1,5
18137,1,822,4,0,1000,1,1,5
18138,1,820,4,0,1000,1,1,6
18139,1,821,4,0,1000,1,1,6
18140,1,822,4,0,1000,1,1,6
18141,1,2772,4,0,1000,1,1,0
18142,1,2773,4,0,1000,1,1,0
18143,1,2774,4,0,1000,1,1,0
18144,1,2775,4,0,1000,1,1,0
18145,1,2776,4,0,1000,1,1,0
18146,1,2777,4,0,1000,1,1,0
18147,1,2778,4,0,1000,1,1,0
18148,1,2779,4,0,1000,1,1,0
18149,1,2780,4,0,1000,1,1,0
18150,1,2781,4,0,1000,1,1,0
18151,1,2782,4,0,1000,1,1,0
18152,1,2783,4,0,1000,1,1,0
18153,1,822,4,0,1000,1,1,0
18154,1,822,4,0,1000,1,1,0
18155,1,823,4,0,1000,1,1,0
18156,1,824,4,0,1000,1,1,0
18157,1,825,4,0,1000,1,1,0
18158,1,823,4,0,1000,1,1,1
18159,1,824,4,0,1000,1,1,1
18160,1,825,4,0,1000,1,1,1
18161,1,823,4,0,1000,1,1,2
18162,1,824,4,0,1000,1,1,2
18163,1,825,4,0,1000,1,1,2
18164,1,823,4,0,1000,1,1,3
18165,1,824,4,0,1000,1,1,3
18166,1,825,4,0,1000,1,1,3
18167,1,823,4,0,1000,1,1,4
18168,1,824,4,0,1000,1,1,4
18169,1,825,4,0,1000,1,1,4
18170,1,823,4,0,1000,1,1,5
18171,1,824,4,0,1000,1,1,5
18172,1,825,4,0,1000,1,1,5
18173,1,823,4,0,1000,1,1,6
18174,1,824,4,0,1000,1,1,6
18175,1,825,4,0,1000,1,1,6
18176,1,2784,4,0,1000,1,1,0
18177,1,2785,4,0,1000,1,1,0
18178,1,2786,4,0,1000,1,1,0
18179,1,2787,4,0,1000,1,1,0
18180,1,2788,4,0,1000,1,1,0
18181,1,2789,4,0,1000,1,1,0
18182,1,2790,4,0,1000,1,1,0
18183,1,2791,4,0,1000,1,1,0
18184,1,2792,4,0,1000,1,1,0
18185,1,2793,4,0,1000,1,1,0
18186,1,2794,4,0,1000,1,1,0
18187,1,2795,4,0,1000,1,1,0
18188,1,825,4,0,1000,1,1,0
18189,1,825,4,0,1000,1,1,0
18190,1,826,4,0,1000,1,1,0
18191,1,827,4,0,1000,1,1,0
18192,1,828,4,0,1000,1,1,0
18193,1,826,4,0,1000,1,1,1
18194,1,827,4,0,1000,1,1,1
18195,1,828,4,0,1000,1,1,1
18196,1,826,4,0,1000,1,1,2
18197,1,827,4,0,1000,1,1,2
18198,1,828,4,0,1000,1,1,2
18199,1,826,4,0,1000,1,1,3
18200,1,827,4,0,1000,1,1,3
18201,1,828,4,0,1000,1,1,3
18202,1,826,4,0,1000,1,1,4
18203,1,827,4,0,1000,1,1,4
18204,1,828,4,0,1000,1,1,4
18205,1,826,4,0,1000,1,1,5
18206,1,827,4,0,1000,1,1,5
18207,1,828,4,0,1000,1,1,5
18208,1,826,4,0,1000,1,1,6
18209,1,827,4,0,1000,1,1,6
18210,1,828,4,0,1000,1,1,6
18211,1,2796,4,0,1000,1,1,0
18212,1,2797,4,0,1000,1,1,0
18213,1,2798,4,0,1000,1,1,0
18214,1,2799,4,0,1000,1,1,0
18215,1,2800,4,0,1000,1,1,0
18216,1,2801,4,0,1000,1,1,0
18217,1,2802,4,0,1000,1,1,0
18218,1,2803,4,0,1000,1,1,0
18219,1,2804,4,0,1000,1,1,0
18220,1,2805,4,0,1000,1,1,0
18221,1,2806,4,0,1000,1,1,0
18222,1,2807,4,0,1000,1,1,0
18223,1,828,4,0,1000,1,1,0
18224,1,828,4,0,1000,1,1,0
18225,1,829,4,0,1000,1,1,0
18226,1,830,4,0,1000,1,1,0
18227,1,831,4,0,1000,1,1,0
18228,1,829,4,0,1000,1,1,1
18229,1,830,4,0,1000,1,1,1
18230,1,831,4,0,1000,1,1,1
18231,1,829,4,0,1000,1,1,2
18232,1,830,4,0,1000,1,1,2
18233,1,831,4,0,1000,1,1,2
18234,1,829,4,0,1000,1,1,3
18235,1,830,4,0,1000,1,1,3
18236,1,831,4,0,1000,1,1,3
18237,1,829,4,0,1000,1,1,4
18238,1,830,4,0,1000,1,1,4
18239,1,831,4,0,1000,1,1,4
18240,1,829,4,0,1000,1,1,5
18241,1,830,4,0,1000,1,1,5
18242,1,831,4,0,1000,1,1,5
18243,1,829,4,0,1000,1,1,6
18244,1,830,4,0,1000,1,1,6
18245,1,831,4,0,1000,1,1,6
18246,1,2808,4,0,1000,1,1,0
18247,1,2809,4,0,1000,1,1,0
18248,1,2810,4,0,1000,1,1,0
18249,1,2811,4,0,1000,1,1,0
18250,1,2812,4,0,1000,1,1,0
18251,1,2813,4,0,1000,1,1,0
18252,1,2814,4,0,1000,1,1,0
18253,1,2815,4,0,1000,1,1,0
18254,1,2816,4,0,1000,1,1,0
18255,1,2817,4,0,1000,1,1,0
18256,1,2818,4,0,1000,1,1,0
18257,1,2819,4,0,1000,1,1,0
18258,1,831,4,0,1000,1,1,0
18259,1,831,4,0,1000,1,1,0
18260,1,801,4,0,1000,1,1,0
18261,1,804,4,0,1000,1,1,0
18262,1,807,4,0,1000,1,1,0
18263,1,810,4,0,1000,1,1,0
18264,1,813,4,0,1000,1,1,0
18265,1,816,4,0,1000,1,1,0
18266,1,819,4,0,1000,1,1,0
18267,1,822,4,0,1000,1,1,0
18268,1,825,4,0,1000,1,1,0
18269,1,828,4,0,1000,1,1,0
18270,1,831,4,0,1000,1,1,0
18271,1,819,4,0,1000,1,1,0
18272,1,822,4,0,1000,1,1,0
18273,1,825,4,0,1000,1,1,0
18274,1,828,4,0,1000,1,1,0
18275,1,831,4,0,1000,1,1,0
18276,1,885,4,0,1000,1,1,0
18276,1,888,4,0,1000,1,1,0
18277,1,885,4,0,1000,1,1,0
18277,1,888,4,0,1000,1,1,0
18278,1,885,4,0,1000,1,1,0
18278,1,888,4,0,1000,1,1,0
18279,1,885,4,0,1000,1,1,0
18279,1,888,4,0,1000,1,1,0
18280,1,717,4,0,1000,32,32,0
18281,1,753,4,0,1000,32,32,0
18282,1,732,4,0,1000,32,32,0
18283,1,738,4,0,1000,32,32,0
18284,1,771,4,0,1000,32,32,0
18285,1,744,4,0,1000,32,32,0
18286,1,753,4,0,1000,32,32,0
18287,1,756,4,0,1000,32,32,0
18288,1,759,4,0,1000,32,32,0
18289,1,765,4,0,1000,32,32,0
18290,1,762,4,0,1000,32,32,0
18291,1,708,4,0,1000,32,32,0
18292,1,714,4,0,1000,32,32,0
18293,1,720,4,0,1000,32,32,0
18294,1,726,4,0,1000,32,32,0
18295,1,732,4,0,1000,32,32,0
18296,1,735,4,0,1000,32,32,0
18297,32,1,0,0,1000,1,1,0
18298,32,2,0,0,1000,1,1,0
18299,32,3,0,0,1000,1,1,0
18300,32,4,0,0,1000,1,1,0
18301,32,5,0,0,1000,1,1,0
18302,32,6,0,0,1000,1,1,0
18303,32,7,0,0,1000,1,1,0
18304,32,8,0,0,1000,1,1,0
18305,32,9,0,0,1000,1,1,0
18306,32,10,0,0,1000,1,1,0
18307,32,11,0,0,1000,1,1,0
18308,32,12,0,0,1000,1,1,0
18309,32,13,0,0,1000,1,1,0
18310,32,14,0,0,1000,1,1,0
18311,32,15,0,0,1000,1,1,0
18312,32,16,0,0,1000,1,1,0
18313,32,17,0,0,1000,1,1,0
18314,32,18,0,0,1000,1,1,0
18315,32,19,0,0,1000,1,1,0
18316,32,20,0,0,1000,1,1,0
18317,32,21,0,0,1000,1,1,0
18318,32,22,0,0,1000,1,1,0
18319,32,23,0,0,1000,1,1,0
18320,32,24,0,0,1000,1,1,0
18321,32,25,0,0,1000,1,1,0
18322,32,26,0,0,1000,1,1,0
18323,32,27,0,0,1000,1,1,0
18324,32,28,0,0,1000,1,1,0
18325,32,29,0,0,1000,1,1,0
18326,32,30,0,0,1000,1,1,0
18327,32,31,0,0,1000,1,1,0
18328,32,32,0,0,1000,1,1,0
18329,32,33,0,0,1000,1,1,0
18330,32,34,0,0,1000,1,1,0
18331,32,35,0,0,1000,1,1,0
18332,32,36,0,0,1000,1,1,0
18333,32,37,0,0,1000,1,1,0
18334,32,38,0,0,1000,1,1,0
18335,32,39,0,0,1000,1,1,0
18336,32,40,0,0,1000,1,1,0
18337,32,41,0,0,1000,1,1,0
18338,32,42,0,0,1000,1,1,0
18339,32,43,0,0,1000,1,1,0
18340,32,44,0,0,1000,1,1,0
18341,32,45,0,0,1000,1,1,0
18342,32,46,0,0,1000,1,1,0
18343,32,47,0,0,1000,1,1,0
18344,32,48,0,0,1000,1,1,0
18345,32,49,0,0,1000,1,1,0
18346,32,50,0,0,1000,1,1,0
18347,32,51,0,0,1000,1,1,0
18348,32,52,0,0,1000,1,1,0
18349,32,53,0,0,1000,1,1,0
18350,32,54,0,0,1000,1,1,0
18351,32,55,0,0,1000,1,1,0
18352,32,56,0,0,1000,1,1,0
18353,32,57,0,0,1000,1,1,0
18354,32,58,0,0,1000,1,1,0
18355,32,59,0,0,1000,1,1,0
18356,32,60,0,0,1000,1,1,0
18357,32,61,0,0,1000,1,1,0
18358,32,62,0,0,1000,1,1,0
18359,32,63,0,0,1000,1,1,0
18360,32,64,0,0,1000,1,1,0
18361,32,65,0,0,1000,1,1,0
18362,32,66,0,0,1000,1,1,0
18363,32,67,0,0,1000,1,1,0
18364,32,68,0,0,1000,1,1,0
18365,32,69,0,0,1000,1,1,0
18366,32,70,0,0,1000,1,1,0
18367,32,71,0,0,1000,1,1,0
18368,33,495,0,0,1000,1,1,0
18369,33,496,0,0,1000,1,1,0
18370,33,497,0,0,1000,1,1,0
18371,33,498,0,0,1000,1,1,0
18372,33,499,0,0,1000,1,1,0
18373,33,500,0,0,1000,1,1,0
18374,33,507,0,0,1000,1,1,0
18375,33,508,0,0,1000,1,1,0
18376,33,509,0,0,1000,1,1,0
18377,33,510,0,0,1000,1,1,0
18378,33,511,0,0,1000,1,1,0
18379,33,512,0,0,1000,1,1,0
18380,33,513,0,0,1000,1,1,0
18381,33,514,0,0,1000,1,1,0
18382,33,515,0,0,1000,1,1,0
18383,33,516,0,0,1000,1,1,0
18384,33,517,0,0,1000,1,1,0
18385,33,518,0,0,1000,1,1,0
18386,33,520,0,0,1000,1,1,0
18387,33,521,0,0,1000,1,1,0
18388,33,522,0,0,1000,1,1,0
18389,33,523,0,0,1000,1,1,0
18390,33,524,0,0,1000,1,1,0
18391,33,525,0,0,1000,1,1,0
18392,33,529,0,0,1000,1,1,0
18393,33,530,0,0,1000,1,1,0
18394,33,531,0,0,1000,1,1,0
18395,33,535,0,0,1000,1,1,0
18396,33,536,0,0,1000,1,1,0
18397,33,537,0,0,1000,1,1,0
18398,33,538,0,0,1000,1,1,0
18399,33,539,0,0,1000,1,1,0
18400,33,540,0,0,1000,1,1,0
18401,33,541,0,0,1000,1,1,0
18402,33,542,0,0,1000,1,1,0
18403,33,543,0,0,1000,1,1,0
18404,33,544,0,0,1000,1,1,0
18405,33,545,0,0,1000,1,1,0
18406,33,546,0,0,1000,1,1,0
18407,33,547,0,0,1000,1,1,0
18408,33,548,0,0,1000,1,1,0
18409,33,549,0,0,1000,1,1,0
18410,33,550,0,0,1000,1,1,0
18411,33,551,0,0,1000,1,1,0
18412,33,552,0,0,1000,1,1,0
18413,33,556,0,0,1000,1,1,0
18414,33,557,0,0,1000,1,1,0
18415,33,558,0,0,1000,1,1,0
18416,33,559,0,0,1000,1,1,0
18417,33,560,0,0,1000,1,1,0
18418,33,561,0,0,1000,1,1,0
18419,33,562,0,0,1000,1,1,0
18420,33,563,0,0,1000,1,1,0
18421,33,564,0,0,1000,1,1,0
18422,33,565,0,0,1000,1,1,0
18423,33,566,0,0,1000,1,1,0
18424,33,567,0,0,1000,1,1,0
18425,33,568,0,0,1000,1,1,0
18426,33,569,0,0,1000,1,1,0
18427,33,570,0,0,1000,1,1,0
18428,33,571,0,0,1000,1,1,0
18429,33,572,0,0,1000,1,1,0
18430,33,573,0,0,1000,1,1,0
18431,33,574,0,0,1000,1,1,0
18432,33,575,0,0,1000,1,1,0
18433,33,576,0,0,1000,1,1,0
18434,33,577,0,0,1000,1,1,0
18435,33,578,0,0,1000,1,1,0
18436,33,579,0,0,1000,1,1,0
18437,33,580,0,0,1000,1,1,0
18438,33,581,0,0,1000,1,1,0
18439,33,582,0,0,1000,1,1,0
18440,33,583,0,0,1000,1,1,0
18441,33,584,0,0,1000,1,1,0
18442,33,585,0,0,1000,1,1,0
18443,33,586,0,0,1000,1,1,0
18444,33,587,0,0,1000,1,1,0
18445,33,588,0,0,1000,1,1,0
18446,33,589,0,0,1000,1,1,0
18447,33,590,0,0,1000,1,1,0
18448,33,591,0,0,1000,1,1,0
18449,33,592,0,0,1000,1,1,0
18450,33,593,0,0,1000,1,1,0
18451,33,594,0,0,1000,1,1,0
18452,33,595,0,0,1000,1,1,0
18453,33,596,0,0,1000,1,1,0
18454,33,597,0,0,1000,1,1,0
18455,33,598,0,0,1000,1,1,0
18456,33,599,0,0,1000,1,1,0
18457,33,600,0,0,1000,1,1,0
18458,33,601,0,0,1000,1,1,0
18459,33,602,0,0,1000,1,1,0
18460,33,603,0,0,1000,1,1,0
18461,33,604,0,0,1000,1,1,0
18462,33,605,0,0,1000,1,1,0
18463,33,606,0,0,1000,1,1,0
18464,33,607,0,0,1000,1,1,0
18465,33,608,0,0,1000,1,1,0
18466,33,609,0,0,1000,1,1,0
18467,33,610,0,0,1000,1,1,0
18468,33,611,0,0,1000,1,1,0
18469,33,612,0,0,1000,1,1,0
18470,33,613,0,0,1000,1,1,0
18471,33,614,0,0,1000,1,1,0
18472,33,615,0,0,1000,1,1,0
18473,33,616,0,0,1000,1,1,0
18474,33,617,0,0,1000,1,1,0
18475,33,618,0,0,1000,1,1,0
18476,33,619,0,0,1000,1,1,0
18477,33,620,0,0,1000,1,1,0
18478,33,621,0,0,1000,1,1,0
18479,33,622,0,0,1000,1,1,0
18480,33,623,0,0,1000,1,1,0
18481,33,624,0,0,1000,1,1,0
18482,33,625,0,0,1000,1,1,0
18483,33,626,0,0,1000,1,1,0
18484,33,627,0,0,1000,1,1,0
18485,33,628,0,0,1000,1,1,0
18486,33,629,0,0,1000,1,1,0
18487,33,630,0,0,1000,1,1,0
18488,33,631,0,0,1000,1,1,0
18489,33,632,0,0,1000,1,1,0
18490,33,633,0,0,1000,1,1,0
18491,33,634,0,0,1000,1,1,0
18492,33,635,0,0,1000,1,1,0
18493,33,636,0,0,1000,1,1,0
18494,33,637,0,0,1000,1,1,0
18495,33,638,0,0,1000,1,1,0
18496,33,639,0,0,1000,1,1,0
18497,33,640,0,0,1000,1,1,0
18498,33,641,0,0,1000,1,1,0
18499,33,642,0,0,1000,1,1,0
18500,33,643,0,0,1000,1,1,0
18501,33,644,0,0,1000,1,1,0
18502,33,645,0,0,1000,1,1,0
18503,33,646,0,0,1000,1,1,0
18504,33,647,0,0,1000,1,1,0
18505,33,648,0,0,1000,1,1,0
18506,33,649,0,0,1000,1,1,0
18507,33,650,0,0,1000,1,1,0
18508,33,651,0,0,1000,1,1,0
18509,33,652,0,0,1000,1,1,0
18510,33,653,0,0,1000,1,1,0
18511,33,654,0,0,1000,1,1,0
18512,33,655,0,0,1000,1,1,0
18513,33,656,0,0,1000,1,1,0
18514,33,657,0,0,1000,1,1,0
18515,33,658,0,0,1000,1,1,0
18516,33,659,0,0,1000,1,1,0
18517,33,660,0,0,1000,1,1,0
18518,33,661,0,0,1000,1,1,0
18519,33,662,0,0,1000,1,1,0
18520,33,663,0,0,1000,1,1,0
18521,33,664,0,0,1000,1,1,0
18522,33,665,0,0,1000,1,1,0
18523,33,666,0,0,1000,1,1,0
18524,33,667,0,0,1000,1,1,0
18525,33,668,0,0,1000,1,1,0
18526,33,669,0,0,1000,1,1,0
18527,33,670,0,0,1000,1,1,0
18528,33,671,0,0,1000,1,1,0
18529,33,672,0,0,1000,1,1,0
18530,33,673,0,0,1000,1,1,0
18531,33,674,0,0,1000,1,1,0
18532,33,675,0,0,1000,1,1,0
18533,33,676,0,0,1000,1,1,0
18534,33,677,0,0,1000,1,1,0
18535,33,678,0,0,1000,1,1,0
18536,33,679,0,0,1000,1,1,0
18537,33,680,0,0,1000,1,1,0
18538,33,681,0,0,1000,1,1,0
18539,33,682,0,0,1000,1,1,0
18540,33,683,0,0,1000,1,1,0
18541,33,684,0,0,1000,1,1,0
18542,33,685,0,0,1000,1,1,0
18543,33,686,0,0,1000,1,1,0
18544,33,687,0,0,1000,1,1,0
18545,33,688,0,0,1000,1,1,0
18546,33,689,0,0,1000,1,1,0
18547,33,690,0,0,1000,1,1,0
18548,33,691,0,0,1000,1,1,0
18549,33,692,0,0,1000,1,1,0
18550,33,693,0,0,1000,1,1,0
18551,33,694,0,0,1000,1,1,0
18552,33,695,0,0,1000,1,1,0
18553,33,696,0,0,1000,1,1,0
18554,33,697,0,0,1000,1,1,0
18555,33,698,0,0,1000,1,1,0
18556,33,699,0,0,1000,1,1,0
18557,33,700,0,0,1000,1,1,0
18558,33,701,0,0,1000,1,1,0
18559,33,702,0,0,1000,1,1,0
18560,33,703,0,0,1000,1,1,0
18561,33,704,0,0,1000,1,1,0
18562,33,705,0,0,1000,1,1,0
18563,33,706,0,0,1000,1,1,0
18564,33,707,0,0,1000,1,1,0
18565,33,708,0,0,1000,1,1,0
18566,33,709,0,0,1000,1,1,0
18567,33,710,0,0,1000,1,1,0
18568,33,711,0,0,1000,1,1,0
18569,33,712,0,0,1000,1,1,0
18570,33,713,0,0,1000,1,1,0
18571,33,714,0,0,1000,1,1,0
18572,33,715,0,0,1000,1,1,0
18573,33,716,0,0,1000,1,1,0
18574,33,717,0,0,1000,1,1,0
18575,33,718,0,0,1000,1,1,0
18576,33,719,0,0,1000,1,1,0
18577,33,720,0,0,1000,1,1,0
18578,33,721,0,0,1000,1,1,0
18579,33,722,0,0,1000,1,1,0
18580,33,723,0,0,1000,1,1,0
18581,33,724,0,0,1000,1,1,0
18582,33,725,0,0,1000,1,1,0
18583,33,726,0,0,1000,1,1,0
18584,33,727,0,0,1000,1,1,0
18585,33,728,0,0,1000,1,1,0
18586,33,729,0,0,1000,1,1,0
18587,33,730,0,0,1000,1,1,0
18588,33,731,0,0,1000,1,1,0
18589,33,732,0,0,1000,1,1,0
18590,33,733,0,0,1000,1,1,0
18591,33,734,0,0,1000,1,1,0
18592,33,735,0,0,1000,1,1,0
18593,33,736,0,0,1000,1,1,0
18594,33,737,0,0,1000,1,1,0
18595,33,738,0,0,1000,1,1,0
18596,33,739,0,0,1000,1,1,0
18597,33,740,0,0,1000,1,1,0
18598,33,741,0,0,1000,1,1,0
18599,33,742,0,0,1000,1,1,0
18600,33,743,0,0,1000,1,1,0
18601,33,744,0,0,1000,1,1,0
18602,33,745,0,0,1000,1,1,0
18603,33,746,0,0,1000,1,1,0
18604,33,747,0,0,1000,1,1,0
18605,33,748,0,0,1000,1,1,0
18606,33,749,0,0,1000,1,1,0
18607,33,750,0,0,1000,1,1,0
18608,33,751,0,0,1000,1,1,0
18609,33,752,0,0,1000,1,1,0
18610,33,753,0,0,1000,1,1,0
18611,33,754,0,0,1000,1,1,0
18612,33,755,0,0,1000,1,1,0
18613,33,756,0,0,1000,1,1,0
18614,33,757,0,0,1000,1,1,0
18615,33,758,0,0,1000,1,1,0
18616,33,759,0,0,1000,1,1,0
18617,33,760,0,0,1000,1,1,0
18618,33,761,0,0,1000,1,1,0
18619,33,762,0,0,1000,1,1,0
18620,33,763,0,0,1000,1,1,0
18621,33,764,0,0,1000,1,1,0
18622,33,765,0,0,1000,1,1,0
18623,33,766,0,0,1000,1,1,0
18624,33,767,0,0,1000,1,1,0
18625,33,768,0,0,1000,1,1,0
18626,33,769,0,0,1000,1,1,0
18627,33,770,0,0,1000,1,1,0
18628,33,771,0,0,1000,1,1,0
18629,33,772,0,0,1000,1,1,0
18630,33,773,0,0,1000,1,1,0
18631,33,774,0,0,1000,1,1,0
18632,33,775,0,0,1000,1,1,0
18633,33,776,0,0,1000,1,1,0
18634,33,777,0,0,1000,1,1,0
18635,33,778,0,0,1000,1,1,0
18636,33,779,0,0,1000,1,1,0
18637,33,780,0,0,1000,1,1,0
18638,33,781,0,0,1000,1,1,0
18639,33,782,0,0,1000,1,1,0
18640,33,783,0,0,1000,1,1,0
18641,33,784,0,0,1000,1,1,0
18642,33,785,0,0,1000,1,1,0
18643,33,786,0,0,1000,1,1,0
18644,33,787,0,0,1000,1,1,0
18645,33,788,0,0,1000,1,1,0
18646,33,789,0,0,1000,1,1,0
18647,33,790,0,0,1000,1,1,0
18648,33,791,0,0,1000,1,1,0
18649,33,792,0,0,1000,1,1,0
18650,33,793,0,0,1000,1,1,0
18651,33,794,0,0,1000,1,1,0
18652,33,795,0,0,1000,1,1,0
18653,33,796,0,0,1000,1,1,0
18654,33,797,0,0,1000,1,1,0
18655,33,798,0,0,1000,1,1,0
18656,33,799,0,0,1000,1,1,0
18657,33,800,0,0,1000,1,1,0
18658,33,801,0,0,1000,1,1,0
18659,33,802,0,0,1000,1,1,0
18660,33,803,0,0,1000,1,1,0
18661,33,804,0,0,1000,1,1,0
18662,33,805,0,0,1000,1,1,0
18663,33,806,0,0,1000,1,1,0
18664,33,807,0,0,1000,1,1,0
18665,33,808,0,0,1000,1,1,0
18666,33,809,0,0,1000,1,1,0
18667,33,810,0,0,1000,1,1,0
18668,33,811,0,0,1000,1,1,0
18669,33,812,0,0,1000,1,1,0
18670,33,813,0,0,1000,1,1,0
18671,33,814,0,0,1000,1,1,0
18672,33,815,0,0,1000,1,1,0
18673,33,816,0,0,1000,1,1,0
18674,33,817,0,0,1000,1,1,0
18675,33,818,0,0,1000,1,1,0
18676,33,819,0,0,1000,1,1,0
18677,33,820,0,0,1000,1,1,0
18678,33,821,0,0,1000,1,1,0
18679,33,822,0,0,1000,1,1,0
18680,33,823,0,0,1000,1,1,0
18681,33,824,0,0,1000,1,1,0
18682,33,825,0,0,1000,1,1,0
18683,33,826,0,0,1000,1,1,0
18684,33,827,0,0,1000,1,1,0
18685,33,828,0,0,1000,1,1,0
18686,33,829,0,0,1000,1,1,0
18687,33,830,0,0,1000,1,1,0
18688,33,831,0,0,1000,1,1,0
18689,34,1,0,0,1000,1,1,0
18690,34,2,0,0,1000,1,1,0
18691,34,3,0,0,1000,1,1,0
18692,35,0,0,0,1000,1,1,1
18693,35,0,0,0,1000,10,10,1
18694,35,0,0,0,1000,100,100,1
18695,35,0,0,0,1000,1000,1000,1
18696,35,0,0,0,1000,10000,10000,1
18697,35,0,0,0,1000,100000,100000,1
18698,37,0,0,0,1000,1,1,1
18699,37,0,0,0,1000,10,10,1
18700,37,0,0,0,1000,100,100,1
18701,37,0,0,0,1000,1000,1000,1
18702,37,0,0,0,1000,10000,10000,1
18703,37,0,0,0,1000,100000,100000,1
18704,36,1,0,0,1000,1,1,0
18705,36,2,0,0,1000,1,1,0
18706,36,3,0,0,1000,1,1,0
18707,36,4,0,0,1000,1,1,0
18708,36,5,0,0,1000,1,1,0
18709,36,6,0,0,1000,1,1,0
18710,36,7,0,0,1000,1,1,0
18711,36,8,0,0,1000,1,1,0
18712,36,9,0,0,1000,1,1,0
18713,36,10,0,0,1000,1,1,0
18714,36,11,0,0,1000,1,1,0
18715,36,12,0,0,1000,1,1,0
18716,36,13,0,0,1000,1,1,0
18717,36,14,0,0,1000,1,1,0
18718,36,15,0,0,1000,1,1,0
18719,36,16,0,0,1000,1,1,0
18720,36,17,0,0,1000,1,1,0
18721,36,18,0,0,1000,1,1,0
18722,36,19,0,0,1000,1,1,0
18723,36,20,0,0,1000,1,1,0
18724,36,21,0,0,1000,1,1,0
18725,36,22,0,0,1000,1,1,0
18726,36,23,0,0,1000,1,1,0
18727,36,24,0,0,1000,1,1,0
18728,36,25,0,0,1000,1,1,0
18729,36,26,0,0,1000,1,1,0
18730,36,27,0,0,1000,1,1,0
18731,36,28,0,0,1000,1,1,0
18732,36,29,0,0,1000,1,1,0
18733,36,30,0,0,1000,1,1,0
18734,36,31,0,0,1000,1,1,0
18735,36,32,0,0,1000,1,1,0
18736,36,33,0,0,1000,1,1,0
18737,36,34,0,0,1000,1,1,0
18738,36,35,0,0,1000,1,1,0
18739,36,36,0,0,1000,1,1,0
18740,36,37,0,0,1000,1,1,0
18741,36,38,0,0,1000,1,1,0
18742,36,39,0,0,1000,1,1,0
18743,36,40,0,0,1000,1,1,0
18744,36,41,0,0,1000,1,1,0
18745,36,42,0,0,1000,1,1,0
18746,36,43,0,0,1000,1,1,0
18747,36,44,0,0,1000,1,1,0
18748,36,45,0,0,1000,1,1,0
18749,36,46,0,0,1000,1,1,0
18750,36,47,0,0,1000,1,1,0
18751,36,48,0,0,1000,1,1,0
18752,36,49,0,0,1000,1,1,0
18753,36,50,0,0,1000,1,1,0
18754,36,51,0,0,1000,1,1,0
18755,36,52,0,0,1000,1,1,0
18756,36,53,0,0,1000,1,1,0
18757,36,54,0,0,1000,1,1,0
18758,36,55,0,0,1000,1,1,0
18759,36,56,0,0,1000,1,1,0
18760,36,57,0,0,1000,1,1,0
18761,36,58,0,0,1000,1,1,0
18762,36,59,0,0,1000,1,1,0
18763,36,60,0,0,1000,1,1,0
18764,36,61,0,0,1000,1,1,0
18765,36,62,0,0,1000,1,1,0
18766,36,63,0,0,1000,1,1,0
18767,36,64,0,0,1000,1,1,0
18768,36,65,0,0,1000,1,1,0
18769,36,66,0,0,1000,1,1,0
18770,36,67,0,0,1000,1,1,0
18771,36,68,0,0,1000,1,1,0
18772,36,69,0,0,1000,1,1,0
18773,36,70,0,0,1000,1,1,0
18774,36,71,0,0,1000,1,1,0
18775,36,72,0,0,1000,1,1,0
18776,36,73,0,0,1000,1,1,0
18777,36,74,0,0,1000,1,1,0
18778,36,75,0,0,1000,1,1,0
18779,36,76,0,0,1000,1,1,0
18780,36,77,0,0,1000,1,1,0
18781,36,78,0,0,1000,1,1,0
18782,36,79,0,0,1000,1,1,0
18783,36,80,0,0,1000,1,1,0
18784,36,81,0,0,1000,1,1,0
18785,36,82,0,0,1000,1,1,0
18786,36,83,0,0,1000,1,1,0
18787,36,84,0,0,1000,1,1,0
18788,36,85,0,0,1000,1,1,0
18789,36,86,0,0,1000,1,1,0
18790,36,87,0,0,1000,1,1,0
18791,36,88,0,0,1000,1,1,0
18792,36,89,0,0,1000,1,1,0
18793,36,90,0,0,1000,1,1,0
18794,36,91,0,0,1000,1,1,0
18795,36,92,0,0,1000,1,1,0
18796,36,93,0,0,1000,1,1,0
18797,36,94,0,0,1000,1,1,0
18798,36,95,0,0,1000,1,1,0
18799,36,96,0,0,1000,1,1,0
18800,36,97,0,0,1000,1,1,0
18801,36,98,0,0,1000,1,1,0
18802,36,99,0,0,1000,1,1,0
18803,36,100,0,0,1000,1,1,0
18804,36,101,0,0,1000,1,1,0
18805,36,102,0,0,1000,1,1,0
18806,36,103,0,0,1000,1,1,0
18807,36,104,0,0,1000,1,1,0
18808,36,105,0,0,1000,1,1,0
18809,36,106,0,0,1000,1,1,0
18810,36,107,0,0,1000,1,1,0
18811,36,108,0,0,1000,1,1,0
18812,36,109,0,0,1000,1,1,0
18813,36,110,0,0,1000,1,1,0
18814,36,111,0,0,1000,1,1,0
18815,36,112,0,0,1000,1,1,0
18816,36,113,0,0,1000,1,1,0
18817,36,114,0,0,1000,1,1,0
18818,36,115,0,0,1000,1,1,0
18819,36,116,0,0,1000,1,1,0
18820,36,117,0,0,1000,1,1,0
18821,36,118,0,0,1000,1,1,0
18822,36,119,0,0,1000,1,1,0
18823,36,120,0,0,1000,1,1,0
18824,36,121,0,0,1000,1,1,0
18825,36,123,0,0,1000,1,1,0
18826,36,124,0,0,1000,1,1,0
18827,36,125,0,0,1000,1,1,0
18828,36,126,0,0,1000,1,1,0
18829,36,127,0,0,1000,1,1,0
18830,36,128,0,0,1000,1,1,0
18831,36,129,0,0,1000,1,1,0
18832,36,130,0,0,1000,1,1,0
18833,36,131,0,0,1000,1,1,0
18834,36,132,0,0,1000,1,1,0
18835,36,133,0,0,1000,1,1,0
18836,36,134,0,0,1000,1,1,0
18837,36,135,0,0,1000,1,1,0
18838,36,136,0,0,1000,1,1,0
18839,36,137,0,0,1000,1,1,0
18840,36,138,0,0,1000,1,1,0
18841,36,139,0,0,1000,1,1,0
18842,36,140,0,0,1000,1,1,0
18843,36,141,0,0,1000,1,1,0
18844,36,142,0,0,1000,1,1,0
18845,36,143,0,0,1000,1,1,0
18846,36,144,0,0,1000,1,1,0
18847,36,145,0,0,1000,1,1,0
18848,36,146,0,0,1000,1,1,0
18849,36,147,0,0,1000,1,1,0
18850,36,148,0,0,1000,1,1,0
18851,36,149,0,0,1000,1,1,0
18852,36,150,0,0,1000,1,1,0
18853,36,151,0,0,1000,1,1,0
18854,36,152,0,0,1000,1,1,0
18855,36,153,0,0,1000,1,1,0
18856,36,154,0,0,1000,1,1,0
18857,36,155,0,0,1000,1,1,0
18858,36,156,0,0,1000,1,1,0
18859,36,157,0,0,1000,1,1,0
18860,36,158,0,0,1000,1,1,0
18861,36,159,0,0,1000,1,1,0
18862,36,160,0,0,1000,1,1,0
18863,36,161,0,0,1000,1,1,0
18864,36,162,0,0,1000,1,1,0
18865,36,163,0,0,1000,1,1,0
18866,36,164,0,0,1000,1,1,0
18867,36,165,0,0,1000,1,1,0
18868,36,166,0,0,1000,1,1,0
18869,36,167,0,0,1000,1,1,0
18870,36,168,0,0,1000,1,1,0
18871,36,169,0,0,1000,1,1,0
18872,36,170,0,0,1000,1,1,0
18873,36,171,0,0,1000,1,1,0
18874,36,172,0,0,1000,1,1,0
18875,36,173,0,0,1000,1,1,0
18876,36,174,0,0,1000,1,1,0
18877,36,175,0,0,1000,1,1,0
18878,36,176,0,0,1000,1,1,0
18879,36,177,0,0,1000,1,1,0
18880,36,178,0,0,1000,1,1,0
18881,36,179,0,0,1000,1,1,0
18882,36,180,0,0,1000,1,1,0
18883,36,181,0,0,1000,1,1,0
18884,36,182,0,0,1000,1,1,0
18885,36,183,0,0,1000,1,1,0
18886,36,184,0,0,1000,1,1,0
18887,36,185,0,0,1000,1,1,0
18888,36,186,0,0,1000,1,1,0
18889,36,187,0,0,1000,1,1,0
18890,36,188,0,0,1000,1,1,0
18891,36,189,0,0,1000,1,1,0
18892,36,190,0,0,1000,1,1,0
18893,36,191,0,0,1000,1,1,0
18894,36,192,0,0,1000,1,1,0
18895,36,193,0,0,1000,1,1,0
18896,36,194,0,0,1000,1,1,0
18897,36,195,0,0,1000,1,1,0
18898,1,832,4,0,1000,1,1,0
18899,1,832,4,0,1000,1,1,1
18900,1,832,4,0,1000,1,1,2
18901,1,832,4,0,1000,1,1,3
18902,1,832,4,0,1000,1,1,4
18903,1,832,4,0,1000,1,1,5
18904,1,832,4,0,1000,1,1,6
18905,3,2820,4,0,1000,1,1,0
18906,3,2821,4,0,1000,1,1,0
18907,3,2822,4,0,1000,1,1,0
18908,3,2823,4,0,1000,1,1,0
18909,1,832,4,0,1000,1,1,0
18910,1,832,4,0,1000,1,1,0
18911,1,833,4,0,1000,1,1,0
18912,1,833,4,0,1000,1,1,1
18913,1,833,4,0,1000,1,1,2
18914,1,833,4,0,1000,1,1,3
18915,1,833,4,0,1000,1,1,4
18916,1,833,4,0,1000,1,1,5
18917,1,833,4,0,1000,1,1,6
18918,3,2824,4,0,1000,1,1,0
18919,3,2825,4,0,1000,1,1,0
18920,3,2826,4,0,1000,1,1,0
18921,3,2827,4,0,1000,1,1,0
18922,1,833,4,0,1000,1,1,0
18923,1,833,4,0,1000,1,1,0
18924,1,834,4,0,1000,1,1,0
18925,1,834,4,0,1000,1,1,1
18926,1,834,4,0,1000,1,1,2
18927,1,834,4,0,1000,1,1,3
18928,1,834,4,0,1000,1,1,4
18929,1,834,4,0,1000,1,1,5
18930,1,834,4,0,1000,1,1,6
18931,3,2828,4,0,1000,1,1,0
18932,3,2829,4,0,1000,1,1,0
18933,3,2830,4,0,1000,1,1,0
18934,3,2831,4,0,1000,1,1,0
18935,1,834,4,0,1000,1,1,0
18936,1,834,4,0,1000,1,1,0
18937,1,834,4,0,1000,1,1,10000
18937,35,0,0,0,1000,100,100,1
18939,1,832,4,0,1000,1,1,10000
18939,35,0,0,0,1000,200,200,1
18941,1,833,4,0,1000,1,1,10000
18941,35,0,0,0,1000,300,300,1
18943,35,0,0,0,1000,400,400,1
18944,35,0,0,0,1000,500,500,1
18945,35,0,0,0,1000,600,600,1
18946,35,0,0,0,1000,700,700,1
18947,35,0,0,0,1000,800,800,1
18948,35,0,0,0,1000,900,900,1
18949,35,0,0,0,1000,1000,1000,1
18950,35,0,0,0,1000,1100,1100,1
18951,35,0,0,0,1000,1200,1200,1
18952,35,0,0,0,1000,1300,1300,1
18953,35,0,0,0,1000,1400,1400,1
18954,35,0,0,0,1000,1500,1500,1
18955,35,0,0,0,1000,1600,1600,1
18956,35,0,0,0,1000,1700,1700,1
18957,35,0,0,0,1000,1800,1800,1
18958,35,0,0,0,1000,1900,1900,1
18959,35,0,0,0,1000,2000,2000,1
18960,35,0,0,0,1000,2100,2100,1
18961,35,0,0,0,1000,2200,2200,1
18962,35,0,0,0,1000,2300,2300,1
18963,35,0,0,0,1000,2400,2400,1
18964,35,0,0,0,1000,2500,2500,1
18965,35,0,0,0,1000,2600,2600,1
18966,35,0,0,0,1000,2700,2700,1
18967,35,0,0,0,1000,2800,2800,1
18968,35,0,0,0,1000,2900,2900,1
18969,35,0,0,0,1000,3000,3000,1
18970,35,0,0,0,1000,3100,3100,1
18971,35,0,4,0,1000,10000,10000,0
18972,35,0,4,0,1000,500,500,0
18973,35,0,4,0,1000,500,500,0
18974,32,69,0,0,1000,1,1,0
18975,32,70,0,0,1000,1,1,0
18976,32,71,0,0,1000,1,1,0
18977,1,835,4,0,1000,1,1,0
18978,1,836,4,0,1000,1,1,0
18979,1,837,4,0,1000,1,1,0
18980,1,835,4,0,1000,1,1,1
18981,1,836,4,0,1000,1,1,1
18982,1,837,4,0,1000,1,1,1
18983,1,835,4,0,1000,1,1,2
18984,1,836,4,0,1000,1,1,2
18985,1,837,4,0,1000,1,1,2
18986,1,835,4,0,1000,1,1,3
18987,1,836,4,0,1000,1,1,3
18988,1,837,4,0,1000,1,1,3
18989,1,835,4,0,1000,1,1,4
18990,1,836,4,0,1000,1,1,4
18991,1,837,4,0,1000,1,1,4
18992,1,835,4,0,1000,1,1,5
18993,1,836,4,0,1000,1,1,5
18994,1,837,4,0,1000,1,1,5
18995,1,835,4,0,1000,1,1,6
18996,1,836,4,0,1000,1,1,6
18997,1,837,4,0,1000,1,1,6
18998,3,2832,4,0,1000,1,1,0
18999,3,2833,4,0,1000,1,1,0
19000,3,2834,4,0,1000,1,1,0
19001,3,2835,4,0,1000,1,1,0
19002,3,2836,4,0,1000,1,1,0
19003,3,2837,4,0,1000,1,1,0
19004,3,2838,4,0,1000,1,1,0
19005,3,2839,4,0,1000,1,1,0
19006,3,2840,4,0,1000,1,1,0
19007,3,2841,4,0,1000,1,1,0
19008,3,2842,4,0,1000,1,1,0
19009,3,2843,4,0,1000,1,1,0
19010,1,837,4,0,1000,1,1,0
19011,1,837,4,0,1000,1,1,0
19012,33,835,0,0,1000,1,1,0
19013,33,836,0,0,1000,1,1,0
19014,33,837,0,0,1000,1,1,0
19015,1,838,4,0,1000,1,1,0
19016,1,839,4,0,1000,1,1,0
19017,1,840,4,0,1000,1,1,0
19018,1,838,4,0,1000,1,1,1
19019,1,839,4,0,1000,1,1,1
19020,1,840,4,0,1000,1,1,1
19021,1,838,4,0,1000,1,1,2
19022,1,839,4,0,1000,1,1,2
19023,1,840,4,0,1000,1,1,2
19024,1,838,4,0,1000,1,1,3
19025,1,839,4,0,1000,1,1,3
19026,1,840,4,0,1000,1,1,3
19027,1,838,4,0,1000,1,1,4
19028,1,839,4,0,1000,1,1,4
19029,1,840,4,0,1000,1,1,4
19030,1,838,4,0,1000,1,1,5
19031,1,839,4,0,1000,1,1,5
19032,1,840,4,0,1000,1,1,5
19033,1,838,4,0,1000,1,1,6
19034,1,839,4,0,1000,1,1,6
19035,1,840,4,0,1000,1,1,6
19036,3,2844,4,0,1000,1,1,0
19037,3,2845,4,0,1000,1,1,0
19038,3,2846,4,0,1000,1,1,0
19039,3,2847,4,0,1000,1,1,0
19040,3,2848,4,0,1000,1,1,0
19041,3,2849,4,0,1000,1,1,0
19042,3,2850,4,0,1000,1,1,0
19043,3,2851,4,0,1000,1,1,0
19044,3,2852,4,0,1000,1,1,0
19045,3,2853,4,0,1000,1,1,0
19046,3,2854,4,0,1000,1,1,0
19047,3,2855,4,0,1000,1,1,0
19048,1,840,4,0,1000,1,1,0
19049,1,840,4,0,1000,1,1,0
19050,33,838,0,0,1000,1,1,0
19051,33,839,0,0,1000,1,1,0
19052,33,840,0,0,1000,1,1,0
19053,1,841,4,0,1000,1,1,0
19054,1,842,4,0,1000,1,1,0
19055,1,843,4,0,1000,1,1,0
19056,1,841,4,0,1000,1,1,1
19057,1,842,4,0,1000,1,1,1
19058,1,843,4,0,1000,1,1,1
19059,1,841,4,0,1000,1,1,2
19060,1,842,4,0,1000,1,1,2
19061,1,843,4,0,1000,1,1,2
19062,1,841,4,0,1000,1,1,3
19063,1,842,4,0,1000,1,1,3
19064,1,843,4,0,1000,1,1,3
19065,1,841,4,0,1000,1,1,4
19066,1,842,4,0,1000,1,1,4
19067,1,843,4,0,1000,1,1,4
19068,1,841,4,0,1000,1,1,5
19069,1,842,4,0,1000,1,1,5
19070,1,843,4,0,1000,1,1,5
19071,1,841,4,0,1000,1,1,6
19072,1,842,4,0,1000,1,1,6
19073,1,843,4,0,1000,1,1,6
19074,3,2856,4,0,1000,1,1,0
19075,3,2857,4,0,1000,1,1,0
19076,3,2858,4,0,1000,1,1,0
19077,3,2859,4,0,1000,1,1,0
19078,3,2860,4,0,1000,1,1,0
19079,3,2861,4,0,1000,1,1,0
19080,3,2862,4,0,1000,1,1,0
19081,3,2863,4,0,1000,1,1,0
19082,3,2864,4,0,1000,1,1,0
19083,3,2865,4,0,1000,1,1,0
19084,3,2866,4,0,1000,1,1,0
19085,3,2867,4,0,1000,1,1,0
19086,1,843,4,0,1000,1,1,0
19087,1,843,4,0,1000,1,1,0
19088,33,841,0,0,1000,1,1,0
19089,33,842,0,0,1000,1,1,0
19090,33,843,0,0,1000,1,1,0
19091,1,837,4,0,1000,1,1,0
19092,1,840,4,0,1000,1,1,0
19093,1,843,4,0,1000,1,1,0
19094,1,837,4,0,1000,1,1,0
19095,1,840,4,0,1000,1,1,0
19096,1,843,4,0,1000,1,1,0
19097,1,844,4,0,1000,1,1,0
19098,1,845,4,0,1000,1,1,0
19099,1,846,4,0,1000,1,1,0
19100,1,844,4,0,1000,1,1,1
19101,1,845,4,0,1000,1,1,1
19102,1,846,4,0,1000,1,1,1
19103,1,844,4,0,1000,1,1,2
19104,1,845,4,0,1000,1,1,2
19105,1,846,4,0,1000,1,1,2
19106,1,844,4,0,1000,1,1,3
19107,1,845,4,0,1000,1,1,3
19108,1,846,4,0,1000,1,1,3
19109,1,844,4,0,1000,1,1,4
19110,1,845,4,0,1000,1,1,4
19111,1,846,4,0,1000,1,1,4
19112,1,844,4,0,1000,1,1,5
19113,1,845,4,0,1000,1,1,5
19114,1,846,4,0,1000,1,1,5
19115,1,844,4,0,1000,1,1,6
19116,1,845,4,0,1000,1,1,6
19117,1,846,4,0,1000,1,1,6
19118,3,2868,4,0,1000,1,1,0
19119,3,2869,4,0,1000,1,1,0
19120,3,2870,4,0,1000,1,1,0
19121,3,2871,4,0,1000,1,1,0
19122,3,2872,4,0,1000,1,1,0
19123,3,2873,4,0,1000,1,1,0
19124,3,2874,4,0,1000,1,1,0
19125,3,2875,4,0,1000,1,1,0
19126,3,2876,4,0,1000,1,1,0
19127,3,2877,4,0,1000,1,1,0
19128,3,2878,4,0,1000,1,1,0
19129,3,2879,4,0,1000,1,1,0
19130,1,846,4,0,1000,1,1,0
19131,1,846,4,0,1000,1,1,0
19132,33,844,0,0,1000,1,1,0
19133,33,845,0,0,1000,1,1,0
19134,33,846,0,0,1000,1,1,0
19135,35,0,0,0,1000,20000,20000,0
19136,35,0,0,0,1000,15000,15000,0
19137,35,0,0,0,1000,10000,10000,0
19138,35,0,0,0,1000,8000,8000,0
19139,35,0,0,0,1000,6000,6000,0
19140,35,0,0,0,1000,4000,4000,0
19141,35,0,0,0,1000,2000,2000,0
19142,35,0,0,0,1000,1000,1000,0
19143,1,714,4,0,1000,1,1,0
19144,1,711,4,0,1000,1,1,0
19145,1,555,4,0,1000,1,1,0
19146,1,723,4,0,1000,1,1,0
19147,1,720,4,0,1000,1,1,0
19148,1,678,4,0,1000,1,1,0
19149,1,687,4,0,1000,1,1,0
19150,1,675,4,0,1000,1,1,0
19151,1,651,4,0,1000,1,1,0
19152,1,699,4,0,1000,1,1,0
19153,1,705,4,0,1000,1,1,0
19154,1,690,4,0,1000,1,1,0
19155,1,702,4,0,1000,1,1,0
19156,1,693,4,0,1000,1,1,0
19157,1,684,4,0,1000,1,1,0
19158,1,666,4,0,1000,1,1,0
19159,1,696,4,0,1000,1,1,0
19160,1,726,4,0,1000,1,1,0
19161,1,771,4,0,1000,1,1,0
19162,1,756,4,0,1000,1,1,0
19163,1,747,4,0,1000,1,1,0
19164,1,741,4,0,1000,1,1,0
19165,1,783,4,0,1000,1,1,0
19166,1,735,4,0,1000,1,1,0
19167,1,759,4,0,1000,1,1,0
19168,1,753,4,0,1000,1,1,0
19169,1,762,4,0,1000,1,1,0
19170,1,732,4,0,1000,1,1,0
19171,1,636,4,0,1000,1,1,0
19172,1,765,4,0,1000,1,1,0
19173,1,738,4,0,1000,1,1,0
19174,1,729,4,0,1000,1,1,0
19175,1,774,4,0,1000,1,1,0
19176,1,750,4,0,1000,1,1,0
19177,1,777,4,0,1000,1,1,0
19178,1,780,4,0,1000,1,1,0
19179,1,789,4,0,1000,1,1,0
19180,1,792,4,0,1000,1,1,0
19181,1,801,4,0,1000,1,1,0
19182,1,768,4,0,1000,1,1,0
19183,1,795,4,0,1000,1,1,0
19184,1,804,4,0,1000,1,1,0
19185,1,807,4,0,1000,1,1,0
19186,1,810,4,0,1000,1,1,0
19187,1,819,4,0,1000,1,1,0
19188,1,822,4,0,1000,1,1,0
19189,1,816,4,0,1000,1,1,0
19190,1,825,4,0,1000,1,1,0
19191,1,831,4,0,1000,1,1,0
19192,1,837,4,0,1000,1,1,0
19193,1,846,4,0,1000,1,1,0
19194,1,786,4,0,1000,1,1,0
19195,1,615,4,0,1000,1,1,0
19196,1,798,4,0,1000,1,1,0
19197,1,813,4,0,1000,1,1,0
19198,1,828,4,0,1000,1,1,0
19199,1,843,4,0,1000,1,1,0
19200,1,840,4,0,1000,1,1,0
19201,33,714,0,0,1000,1,1,0
19202,33,711,0,0,1000,1,1,0
19203,33,555,0,0,1000,1,1,0
19204,33,723,0,0,1000,1,1,0
19205,33,720,0,0,1000,1,1,0
19206,33,678,0,0,1000,1,1,0
19207,33,687,0,0,1000,1,1,0
19208,33,675,0,0,1000,1,1,0
19209,33,651,0,0,1000,1,1,0
19210,33,699,0,0,1000,1,1,0
19211,33,705,0,0,1000,1,1,0
19212,33,690,0,0,1000,1,1,0
19213,33,702,0,0,1000,1,1,0
19214,33,693,0,0,1000,1,1,0
19215,33,684,0,0,1000,1,1,0
19216,33,666,0,0,1000,1,1,0
19217,33,696,0,0,1000,1,1,0
19218,33,726,0,0,1000,1,1,0
19219,33,771,0,0,1000,1,1,0
19220,33,756,0,0,1000,1,1,0
19221,33,747,0,0,1000,1,1,0
19222,33,741,0,0,1000,1,1,0
19223,33,783,0,0,1000,1,1,0
19224,33,735,0,0,1000,1,1,0
19225,33,759,0,0,1000,1,1,0
19226,33,753,0,0,1000,1,1,0
19227,33,762,0,0,1000,1,1,0
19228,33,732,0,0,1000,1,1,0
19229,33,636,0,0,1000,1,1,0
19230,33,765,0,0,1000,1,1,0
19231,33,738,0,0,1000,1,1,0
19232,33,729,0,0,1000,1,1,0
19233,33,774,0,0,1000,1,1,0
19234,33,750,0,0,1000,1,1,0
19235,33,777,0,0,1000,1,1,0
19236,33,780,0,0,1000,1,1,0
19237,33,789,0,0,1000,1,1,0
19238,33,792,0,0,1000,1,1,0
19239,33,801,0,0,1000,1,1,0
19240,33,768,0,0,1000,1,1,0
19241,33,795,0,0,1000,1,1,0
19242,33,804,0,0,1000,1,1,0
19243,33,807,0,0,1000,1,1,0
19244,33,810,0,0,1000,1,1,0
19245,33,819,0,0,1000,1,1,0
19246,33,822,0,0,1000,1,1,0
19247,33,816,0,0,1000,1,1,0
19248,33,825,0,0,1000,1,1,0
19249,33,831,0,0,1000,1,1,0
19250,33,837,0,0,1000,1,1,0
19251,33,846,0,0,1000,1,1,0
19252,33,786,0,0,1000,1,1,0
19253,33,615,0,0,1000,1,1,0
19254,33,798,0,0,1000,1,1,0
19255,33,813,0,0,1000,1,1,0
19256,33,828,0,0,1000,1,1,0
19257,33,843,0,0,1000,1,1,0
19258,33,840,0,0,1000,1,1,0
19259,32,43,0,0,1000,1,1,0
19260,32,44,0,0,1000,1,1,0
19261,32,45,0,0,1000,1,1,0
19262,32,46,0,0,1000,1,1,0
19263,32,47,0,0,1000,1,1,0
19264,32,48,0,0,1000,1,1,0
19265,32,49,0,0,1000,1,1,0
19266,32,52,0,0,1000,1,1,0
19267,32,53,0,0,1000,1,1,0
19268,32,50,0,0,1000,1,1,0
19269,32,51,0,0,1000,1,1,0
19270,32,57,0,0,1000,1,1,0
19271,32,60,0,0,1000,1,1,0
19272,32,55,0,0,1000,1,1,0
19273,32,58,0,0,1000,1,1,0
19274,32,59,0,0,1000,1,1,0
19275,32,54,0,0,1000,1,1,0
19276,32,56,0,0,1000,1,1,0
19277,32,61,0,0,1000,1,1,0
19278,32,62,0,0,1000,1,1,0
19279,32,63,0,0,1000,1,1,0
19280,32,64,0,0,1000,1,1,0
19281,32,65,0,0,1000,1,1,0
19282,32,66,0,0,1000,1,1,0
19283,32,67,0,0,1000,1,1,0
19284,32,68,0,0,1000,1,1,0
19285,35,0,4,0,1000,100,100,0
19286,35,0,4,0,1000,200,200,0
19287,35,0,4,0,1000,400,400,0
19288,35,0,4,0,1000,600,600,0
19289,35,0,4,0,1000,800,800,0
19290,35,0,4,0,1000,1000,1000,0
19291,1,847,4,0,1000,1,1,0
19292,1,848,4,0,1000,1,1,0
19293,1,849,4,0,1000,1,1,0
19294,1,847,4,0,1000,1,1,1
19295,1,848,4,0,1000,1,1,1
19296,1,849,4,0,1000,1,1,1
19297,1,847,4,0,1000,1,1,2
19298,1,848,4,0,1000,1,1,2
19299,1,849,4,0,1000,1,1,2
19300,1,847,4,0,1000,1,1,3
19301,1,848,4,0,1000,1,1,3
19302,1,849,4,0,1000,1,1,3
19303,1,847,4,0,1000,1,1,4
19304,1,848,4,0,1000,1,1,4
19305,1,849,4,0,1000,1,1,4
19306,1,847,4,0,1000,1,1,5
19307,1,848,4,0,1000,1,1,5
19308,1,849,4,0,1000,1,1,5
19309,1,847,4,0,1000,1,1,6
19310,1,848,4,0,1000,1,1,6
19311,1,849,4,0,1000,1,1,6
19312,3,2880,4,0,1000,1,1,0
19313,3,2881,4,0,1000,1,1,0
19314,3,2882,4,0,1000,1,1,0
19315,3,2883,4,0,1000,1,1,0
19316,3,2884,4,0,1000,1,1,0
19317,3,2885,4,0,1000,1,1,0
19318,3,2886,4,0,1000,1,1,0
19319,3,2887,4,0,1000,1,1,0
19320,3,2888,4,0,1000,1,1,0
19321,3,2889,4,0,1000,1,1,0
19322,3,2890,4,0,1000,1,1,0
19323,3,2891,4,0,1000,1,1,0
19324,1,849,4,0,1000,1,1,0
19325,1,849,4,0,1000,1,1,0
19326,33,847,0,0,1000,1,1,0
19327,33,848,0,0,1000,1,1,0
19328,33,849,0,0,1000,1,1,0
19329,1,850,4,0,1000,1,1,0
19330,1,851,4,0,1000,1,1,0
19331,1,852,4,0,1000,1,1,0
19332,1,850,4,0,1000,1,1,1
19333,1,851,4,0,1000,1,1,1
19334,1,852,4,0,1000,1,1,1
19335,1,850,4,0,1000,1,1,2
19336,1,851,4,0,1000,1,1,2
19337,1,852,4,0,1000,1,1,2
19338,1,850,4,0,1000,1,1,3
19339,1,851,4,0,1000,1,1,3
19340,1,852,4,0,1000,1,1,3
19341,1,850,4,0,1000,1,1,4
19342,1,851,4,0,1000,1,1,4
19343,1,852,4,0,1000,1,1,4
19344,1,850,4,0,1000,1,1,5
19345,1,851,4,0,1000,1,1,5
19346,1,852,4,0,1000,1,1,5
19347,1,850,4,0,1000,1,1,6
19348,1,851,4,0,1000,1,1,6
19349,1,852,4,0,1000,1,1,6
19350,3,2892,4,0,1000,1,1,0
19351,3,2893,4,0,1000,1,1,0
19352,3,2894,4,0,1000,1,1,0
19353,3,2895,4,0,1000,1,1,0
19354,3,2896,4,0,1000,1,1,0
19355,3,2897,4,0,1000,1,1,0
19356,3,2898,4,0,1000,1,1,0
19357,3,2899,4,0,1000,1,1,0
19358,3,2900,4,0,1000,1,1,0
19359,3,2901,4,0,1000,1,1,0
19360,3,2902,4,0,1000,1,1,0
19361,3,2903,4,0,1000,1,1,0
19362,1,852,4,0,1000,1,1,0
19363,1,852,4,0,1000,1,1,0
19364,33,850,0,0,1000,1,1,0
19365,33,851,0,0,1000,1,1,0
19366,33,852,0,0,1000,1,1,0
19367,1,853,4,0,1000,1,1,0
19368,1,854,4,0,1000,1,1,0
19369,1,855,4,0,1000,1,1,0
19370,1,853,4,0,1000,1,1,1
19371,1,854,4,0,1000,1,1,1
19372,1,855,4,0,1000,1,1,1
19373,1,853,4,0,1000,1,1,2
19374,1,854,4,0,1000,1,1,2
19375,1,855,4,0,1000,1,1,2
19376,1,853,4,0,1000,1,1,3
19377,1,854,4,0,1000,1,1,3
19378,1,855,4,0,1000,1,1,3
19379,1,853,4,0,1000,1,1,4
19380,1,854,4,0,1000,1,1,4
19381,1,855,4,0,1000,1,1,4
19382,1,853,4,0,1000,1,1,5
19383,1,854,4,0,1000,1,1,5
19384,1,855,4,0,1000,1,1,5
19385,1,853,4,0,1000,1,1,6
19386,1,854,4,0,1000,1,1,6
19387,1,855,4,0,1000,1,1,6
19388,3,2904,4,0,1000,1,1,0
19389,3,2905,4,0,1000,1,1,0
19390,3,2906,4,0,1000,1,1,0
19391,3,2907,4,0,1000,1,1,0
19392,3,2908,4,0,1000,1,1,0
19393,3,2909,4,0,1000,1,1,0
19394,3,2910,4,0,1000,1,1,0
19395,3,2911,4,0,1000,1,1,0
19396,3,2912,4,0,1000,1,1,0
19397,3,2913,4,0,1000,1,1,0
19398,3,2914,4,0,1000,1,1,0
19399,3,2915,4,0,1000,1,1,0
19400,1,855,4,0,1000,1,1,0
19401,1,855,4,0,1000,1,1,0
19402,33,853,0,0,1000,1,1,0
19403,33,854,0,0,1000,1,1,0
19404,33,855,0,0,1000,1,1,0
19405,1,856,4,0,1000,1,1,0
19406,1,857,4,0,1000,1,1,0
19407,1,858,4,0,1000,1,1,0
19408,1,856,4,0,1000,1,1,1
19409,1,857,4,0,1000,1,1,1
19410,1,858,4,0,1000,1,1,1
19411,1,856,4,0,1000,1,1,2
19412,1,857,4,0,1000,1,1,2
19413,1,858,4,0,1000,1,1,2
19414,1,856,4,0,1000,1,1,3
19415,1,857,4,0,1000,1,1,3
19416,1,858,4,0,1000,1,1,3
19417,1,856,4,0,1000,1,1,4
19418,1,857,4,0,1000,1,1,4
19419,1,858,4,0,1000,1,1,4
19420,1,856,4,0,1000,1,1,5
19421,1,857,4,0,1000,1,1,5
19422,1,858,4,0,1000,1,1,5
19423,1,856,4,0,1000,1,1,6
19424,1,857,4,0,1000,1,1,6
19425,1,858,4,0,1000,1,1,6
19426,3,2916,4,0,1000,1,1,0
19427,3,2917,4,0,1000,1,1,0
19428,3,2918,4,0,1000,1,1,0
19429,3,2919,4,0,1000,1,1,0
19430,3,2920,4,0,1000,1,1,0
19431,3,2921,4,0,1000,1,1,0
19432,3,2922,4,0,1000,1,1,0
19433,3,2923,4,0,1000,1,1,0
19434,3,2924,4,0,1000,1,1,0
19435,3,2925,4,0,1000,1,1,0
19436,3,2926,4,0,1000,1,1,0
19437,3,2927,4,0,1000,1,1,0
19438,1,858,4,0,1000,1,1,0
19439,1,858,4,0,1000,1,1,0
19440,33,856,0,0,1000,1,1,0
19441,33,857,0,0,1000,1,1,0
19442,33,858,0,0,1000,1,1,0
19443,1,859,4,0,1000,1,1,0
19444,1,860,4,0,1000,1,1,0
19445,1,861,4,0,1000,1,1,0
19446,1,859,4,0,1000,1,1,1
19447,1,860,4,0,1000,1,1,1
19448,1,861,4,0,1000,1,1,1
19449,1,859,4,0,1000,1,1,2
19450,1,860,4,0,1000,1,1,2
19451,1,861,4,0,1000,1,1,2
19452,1,859,4,0,1000,1,1,3
19453,1,860,4,0,1000,1,1,3
19454,1,861,4,0,1000,1,1,3
19455,1,859,4,0,1000,1,1,4
19456,1,860,4,0,1000,1,1,4
19457,1,861,4,0,1000,1,1,4
19458,1,859,4,0,1000,1,1,5
19459,1,860,4,0,1000,1,1,5
19460,1,861,4,0,1000,1,1,5
19461,1,859,4,0,1000,1,1,6
19462,1,860,4,0,1000,1,1,6
19463,1,861,4,0,1000,1,1,6
19464,3,2928,4,0,1000,1,1,0
19465,3,2929,4,0,1000,1,1,0
19466,3,2930,4,0,1000,1,1,0
19467,3,2931,4,0,1000,1,1,0
19468,3,2932,4,0,1000,1,1,0
19469,3,2933,4,0,1000,1,1,0
19470,3,2934,4,0,1000,1,1,0
19471,3,2935,4,0,1000,1,1,0
19472,3,2936,4,0,1000,1,1,0
19473,3,2937,4,0,1000,1,1,0
19474,3,2938,4,0,1000,1,1,0
19475,3,2939,4,0,1000,1,1,0
19476,1,861,4,0,1000,1,1,0
19477,1,861,4,0,1000,1,1,0
19478,33,859,0,0,1000,1,1,0
19479,33,860,0,0,1000,1,1,0
19480,33,861,0,0,1000,1,1,0
19481,1,840,4,0,1000,32,32,0
19482,1,744,4,0,1000,32,32,0
19483,1,843,4,0,1000,32,32,0
19484,1,846,4,0,1000,32,32,0
19485,1,849,4,0,1000,32,32,0
19486,1,852,4,0,1000,32,32,0
19487,1,855,4,0,1000,32,32,0
19488,1,846,4,0,1000,1,1,0
19489,1,849,4,0,1000,1,1,0
19490,1,852,4,0,1000,1,1,0
19491,1,855,4,0,1000,1,1,0
19492,1,858,4,0,1000,1,1,0
19493,1,861,4,0,1000,1,1,0
19494,1,846,4,0,1000,1,1,0
19495,1,849,4,0,1000,1,1,0
19496,1,852,4,0,1000,1,1,0
19497,1,855,4,0,1000,1,1,0
19498,1,858,4,0,1000,1,1,0
19499,1,861,4,0,1000,1,1,0
19500,1,862,4,0,1000,1,1,0
19501,1,863,4,0,1000,1,1,0
19502,1,864,4,0,1000,1,1,0
19503,1,862,4,0,1000,1,1,1
19504,1,863,4,0,1000,1,1,1
19505,1,864,4,0,1000,1,1,1
19506,1,862,4,0,1000,1,1,2
19507,1,863,4,0,1000,1,1,2
19508,1,864,4,0,1000,1,1,2
19509,1,862,4,0,1000,1,1,3
19510,1,863,4,0,1000,1,1,3
19511,1,864,4,0,1000,1,1,3
19512,1,862,4,0,1000,1,1,4
19513,1,863,4,0,1000,1,1,4
19514,1,864,4,0,1000,1,1,4
19515,1,862,4,0,1000,1,1,5
19516,1,863,4,0,1000,1,1,5
19517,1,864,4,0,1000,1,1,5
19518,1,862,4,0,1000,1,1,6
19519,1,863,4,0,1000,1,1,6
19520,1,864,4,0,1000,1,1,6
19521,3,2940,4,0,1000,1,1,0
19522,3,2941,4,0,1000,1,1,0
19523,3,2942,4,0,1000,1,1,0
19524,3,2943,4,0,1000,1,1,0
19525,3,2944,4,0,1000,1,1,0
19526,3,2945,4,0,1000,1,1,0
19527,3,2946,4,0,1000,1,1,0
19528,3,2947,4,0,1000,1,1,0
19529,3,2948,4,0,1000,1,1,0
19530,3,2949,4,0,1000,1,1,0
19531,3,2950,4,0,1000,1,1,0
19532,3,2951,4,0,1000,1,1,0
19533,1,864,4,0,1000,1,1,0
19534,1,864,4,0,1000,1,1,0
19535,33,862,0,0,1000,1,1,0
19536,33,863,0,0,1000,1,1,0
19537,33,864,0,0,1000,1,1,0
19538,1,865,4,0,1000,1,1,0
19539,1,866,4,0,1000,1,1,0
19540,1,867,4,0,1000,1,1,0
19541,1,865,4,0,1000,1,1,1
19542,1,866,4,0,1000,1,1,1
19543,1,867,4,0,1000,1,1,1
19544,1,865,4,0,1000,1,1,2
19545,1,866,4,0,1000,1,1,2
19546,1,867,4,0,1000,1,1,2
19547,1,865,4,0,1000,1,1,3
19548,1,866,4,0,1000,1,1,3
19549,1,867,4,0,1000,1,1,3
19550,1,865,4,0,1000,1,1,4
19551,1,866,4,0,1000,1,1,4
19552,1,867,4,0,1000,1,1,4
19553,1,865,4,0,1000,1,1,5
19554,1,866,4,0,1000,1,1,5
19555,1,867,4,0,1000,1,1,5
19556,1,865,4,0,1000,1,1,6
19557,1,866,4,0,1000,1,1,6
19558,1,867,4,0,1000,1,1,6
19559,3,2952,4,0,1000,1,1,0
19560,3,2953,4,0,1000,1,1,0
19561,3,2954,4,0,1000,1,1,0
19562,3,2955,4,0,1000,1,1,0
19563,3,2956,4,0,1000,1,1,0
19564,3,2957,4,0,1000,1,1,0
19565,3,2958,4,0,1000,1,1,0
19566,3,2959,4,0,1000,1,1,0
19567,3,2960,4,0,1000,1,1,0
19568,3,2961,4,0,1000,1,1,0
19569,3,2962,4,0,1000,1,1,0
19570,3,2963,4,0,1000,1,1,0
19571,1,867,4,0,1000,1,1,0
19572,1,867,4,0,1000,1,1,0
19573,33,865,0,0,1000,1,1,0
19574,33,866,0,0,1000,1,1,0
19575,33,867,0,0,1000,1,1,0
19576,1,868,4,0,1000,1,1,0
19577,1,869,4,0,1000,1,1,0
19578,1,870,4,0,1000,1,1,0
19579,1,868,4,0,1000,1,1,1
19580,1,869,4,0,1000,1,1,1
19581,1,870,4,0,1000,1,1,1
19582,1,868,4,0,1000,1,1,2
19583,1,869,4,0,1000,1,1,2
19584,1,870,4,0,1000,1,1,2
19585,1,868,4,0,1000,1,1,3
19586,1,869,4,0,1000,1,1,3
19587,1,870,4,0,1000,1,1,3
19588,1,868,4,0,1000,1,1,4
19589,1,869,4,0,1000,1,1,4
19590,1,870,4,0,1000,1,1,4
19591,1,868,4,0,1000,1,1,5
19592,1,869,4,0,1000,1,1,5
19593,1,870,4,0,1000,1,1,5
19594,1,868,4,0,1000,1,1,6
19595,1,869,4,0,1000,1,1,6
19596,1,870,4,0,1000,1,1,6
19597,3,2964,4,0,1000,1,1,0
19598,3,2965,4,0,1000,1,1,0
19599,3,2966,4,0,1000,1,1,0
19600,3,2967,4,0,1000,1,1,0
19601,3,2968,4,0,1000,1,1,0
19602,3,2969,4,0,1000,1,1,0
19603,3,2970,4,0,1000,1,1,0
19604,3,2971,4,0,1000,1,1,0
19605,3,2972,4,0,1000,1,1,0
19606,3,2973,4,0,1000,1,1,0
19607,3,2974,4,0,1000,1,1,0
19608,3,2975,4,0,1000,1,1,0
19609,1,870,4,0,1000,1,1,0
19610,1,870,4,0,1000,1,1,0
19611,33,868,0,0,1000,1,1,0
19612,33,869,0,0,1000,1,1,0
19613,33,870,0,0,1000,1,1,0
19614,1,871,4,0,1000,1,1,0
19615,1,872,4,0,1000,1,1,0
19616,1,873,4,0,1000,1,1,0
19617,1,871,4,0,1000,1,1,1
19618,1,872,4,0,1000,1,1,1
19619,1,873,4,0,1000,1,1,1
19620,1,871,4,0,1000,1,1,2
19621,1,872,4,0,1000,1,1,2
19622,1,873,4,0,1000,1,1,2
19623,1,871,4,0,1000,1,1,3
19624,1,872,4,0,1000,1,1,3
19625,1,873,4,0,1000,1,1,3
19626,1,871,4,0,1000,1,1,4
19627,1,872,4,0,1000,1,1,4
19628,1,873,4,0,1000,1,1,4
19629,1,871,4,0,1000,1,1,5
19630,1,872,4,0,1000,1,1,5
19631,1,873,4,0,1000,1,1,5
19632,1,871,4,0,1000,1,1,6
19633,1,872,4,0,1000,1,1,6
19634,1,873,4,0,1000,1,1,6
19635,3,2976,4,0,1000,1,1,0
19636,3,2977,4,0,1000,1,1,0
19637,3,2978,4,0,1000,1,1,0
19638,3,2979,4,0,1000,1,1,0
19639,3,2980,4,0,1000,1,1,0
19640,3,2981,4,0,1000,1,1,0
19641,3,2982,4,0,1000,1,1,0
19642,3,2983,4,0,1000,1,1,0
19643,3,2984,4,0,1000,1,1,0
19644,3,2985,4,0,1000,1,1,0
19645,3,2986,4,0,1000,1,1,0
19646,3,2987,4,0,1000,1,1,0
19647,1,873,4,0,1000,1,1,0
19648,1,873,4,0,1000,1,1,0
19649,33,871,0,0,1000,1,1,0
19650,33,872,0,0,1000,1,1,0
19651,33,873,0,0,1000,1,1,0
19652,1,874,4,0,1000,1,1,0
19653,1,875,4,0,1000,1,1,0
19654,1,876,4,0,1000,1,1,0
19655,1,874,4,0,1000,1,1,1
19656,1,875,4,0,1000,1,1,1
19657,1,876,4,0,1000,1,1,1
19658,1,874,4,0,1000,1,1,2
19659,1,875,4,0,1000,1,1,2
19660,1,876,4,0,1000,1,1,2
19661,1,874,4,0,1000,1,1,3
19662,1,875,4,0,1000,1,1,3
19663,1,876,4,0,1000,1,1,3
19664,1,874,4,0,1000,1,1,4
19665,1,875,4,0,1000,1,1,4
19666,1,876,4,0,1000,1,1,4
19667,1,874,4,0,1000,1,1,5
19668,1,875,4,0,1000,1,1,5
19669,1,876,4,0,1000,1,1,5
19670,1,874,4,0,1000,1,1,6
19671,1,875,4,0,1000,1,1,6
19672,1,876,4,0,1000,1,1,6
19673,3,2988,4,0,1000,1,1,0
19674,3,2989,4,0,1000,1,1,0
19675,3,2990,4,0,1000,1,1,0
19676,3,2991,4,0,1000,1,1,0
19677,3,2992,4,0,1000,1,1,0
19678,3,2993,4,0,1000,1,1,0
19679,3,2994,4,0,1000,1,1,0
19680,3,2995,4,0,1000,1,1,0
19681,3,2996,4,0,1000,1,1,0
19682,3,2997,4,0,1000,1,1,0
19683,3,2998,4,0,1000,1,1,0
19684,3,2999,4,0,1000,1,1,0
19685,1,876,4,0,1000,1,1,0
19686,1,876,4,0,1000,1,1,0
19687,33,874,0,0,1000,1,1,0
19688,33,875,0,0,1000,1,1,0
19689,33,876,0,0,1000,1,1,0
19690,1,861,4,0,1000,32,32,0
19691,1,870,4,0,1000,32,32,0
19692,1,867,4,0,1000,32,32,0
19693,1,864,4,0,1000,32,32,0
19694,1,858,4,0,1000,32,32,0
19695,1,864,4,0,1000,1,1,0
19696,1,867,4,0,1000,1,1,0
19697,1,870,4,0,1000,1,1,0
19698,1,873,4,0,1000,1,1,0
19699,1,876,4,0,1000,1,1,0
19700,1,864,4,0,1000,1,1,0
19701,1,867,4,0,1000,1,1,0
19702,1,870,4,0,1000,1,1,0
19703,1,873,4,0,1000,1,1,0
19704,1,876,4,0,1000,1,1,0
19705,1,877,4,0,1000,1,1,0
19706,1,878,4,0,1000,1,1,0
19707,1,879,4,0,1000,1,1,0
19708,1,877,4,0,1000,1,1,1
19709,1,878,4,0,1000,1,1,1
19710,1,879,4,0,1000,1,1,1
19711,1,877,4,0,1000,1,1,2
19712,1,878,4,0,1000,1,1,2
19713,1,879,4,0,1000,1,1,2
19714,1,877,4,0,1000,1,1,3
19715,1,878,4,0,1000,1,1,3
19716,1,879,4,0,1000,1,1,3
19717,1,877,4,0,1000,1,1,4
19718,1,878,4,0,1000,1,1,4
19719,1,879,4,0,1000,1,1,4
19720,1,877,4,0,1000,1,1,5
19721,1,878,4,0,1000,1,1,5
19722,1,879,4,0,1000,1,1,5
19723,1,877,4,0,1000,1,1,6
19724,1,878,4,0,1000,1,1,6
19725,1,879,4,0,1000,1,1,6
19726,3,3000,4,0,1000,1,1,0
19727,3,3001,4,0,1000,1,1,0
19728,3,3002,4,0,1000,1,1,0
19729,3,3003,4,0,1000,1,1,0
19730,3,3004,4,0,1000,1,1,0
19731,3,3005,4,0,1000,1,1,0
19732,3,3006,4,0,1000,1,1,0
19733,3,3007,4,0,1000,1,1,0
19734,3,3008,4,0,1000,1,1,0
19735,3,3009,4,0,1000,1,1,0
19736,3,3010,4,0,1000,1,1,0
19737,3,3011,4,0,1000,1,1,0
19738,1,879,4,0,1000,1,1,0
19739,1,879,4,0,1000,1,1,0
19740,33,877,0,0,1000,1,1,0
19741,33,878,0,0,1000,1,1,0
19742,33,879,0,0,1000,1,1,0
19743,1,880,4,0,1000,1,1,0
19744,1,881,4,0,1000,1,1,0
19745,1,882,4,0,1000,1,1,0
19746,1,880,4,0,1000,1,1,1
19747,1,881,4,0,1000,1,1,1
19748,1,882,4,0,1000,1,1,1
19749,1,880,4,0,1000,1,1,2
19750,1,881,4,0,1000,1,1,2
19751,1,882,4,0,1000,1,1,2
19752,1,880,4,0,1000,1,1,3
19753,1,881,4,0,1000,1,1,3
19754,1,882,4,0,1000,1,1,3
19755,1,880,4,0,1000,1,1,4
19756,1,881,4,0,1000,1,1,4
19757,1,882,4,0,1000,1,1,4
19758,1,880,4,0,1000,1,1,5
19759,1,881,4,0,1000,1,1,5
19760,1,882,4,0,1000,1,1,5
19761,1,880,4,0,1000,1,1,6
19762,1,881,4,0,1000,1,1,6
19763,1,882,4,0,1000,1,1,6
19764,3,3012,4,0,1000,1,1,0
19765,3,3013,4,0,1000,1,1,0
19766,3,3014,4,0,1000,1,1,0
19767,3,3015,4,0,1000,1,1,0
19768,3,3016,4,0,1000,1,1,0
19769,3,3017,4,0,1000,1,1,0
19770,3,3018,4,0,1000,1,1,0
19771,3,3019,4,0,1000,1,1,0
19772,3,3020,4,0,1000,1,1,0
19773,3,3021,4,0,1000,1,1,0
19774,3,3022,4,0,1000,1,1,0
19775,3,3023,4,0,1000,1,1,0
19776,1,882,4,0,1000,1,1,0
19777,1,882,4,0,1000,1,1,0
19778,33,880,0,0,1000,1,1,0
19779,33,881,0,0,1000,1,1,0
19780,33,882,0,0,1000,1,1,0
19781,1,883,4,0,1000,1,1,0
19782,1,884,4,0,1000,1,1,0
19783,1,885,4,0,1000,1,1,0
19784,1,883,4,0,1000,1,1,1
19785,1,884,4,0,1000,1,1,1
19786,1,885,4,0,1000,1,1,1
19787,1,883,4,0,1000,1,1,2
19788,1,884,4,0,1000,1,1,2
19789,1,885,4,0,1000,1,1,2
19790,1,883,4,0,1000,1,1,3
19791,1,884,4,0,1000,1,1,3
19792,1,885,4,0,1000,1,1,3
19793,1,883,4,0,1000,1,1,4
19794,1,884,4,0,1000,1,1,4
19795,1,885,4,0,1000,1,1,4
19796,1,883,4,0,1000,1,1,5
19797,1,884,4,0,1000,1,1,5
19798,1,885,4,0,1000,1,1,5
19799,1,883,4,0,1000,1,1,6
19800,1,884,4,0,1000,1,1,6
19801,1,885,4,0,1000,1,1,6
19802,3,3024,4,0,1000,1,1,0
19803,3,3025,4,0,1000,1,1,0
19804,3,3026,4,0,1000,1,1,0
19805,3,3027,4,0,1000,1,1,0
19806,3,3028,4,0,1000,1,1,0
19807,3,3029,4,0,1000,1,1,0
19808,3,3030,4,0,1000,1,1,0
19809,3,3031,4,0,1000,1,1,0
19810,3,3032,4,0,1000,1,1,0
19811,3,3033,4,0,1000,1,1,0
19812,3,3034,4,0,1000,1,1,0
19813,3,3035,4,0,1000,1,1,0
19814,1,885,4,0,1000,1,1,0
19815,1,885,4,0,1000,1,1,0
19816,33,883,0,0,1000,1,1,0
19817,33,884,0,0,1000,1,1,0
19818,33,885,0,0,1000,1,1,0
19819,1,886,4,0,1000,1,1,0
19820,1,887,4,0,1000,1,1,0
19821,1,888,4,0,1000,1,1,0
19822,1,886,4,0,1000,1,1,1
19823,1,887,4,0,1000,1,1,1
19824,1,888,4,0,1000,1,1,1
19825,1,886,4,0,1000,1,1,2
19826,1,887,4,0,1000,1,1,2
19827,1,888,4,0,1000,1,1,2
19828,1,886,4,0,1000,1,1,3
19829,1,887,4,0,1000,1,1,3
19830,1,888,4,0,1000,1,1,3
19831,1,886,4,0,1000,1,1,4
19832,1,887,4,0,1000,1,1,4
19833,1,888,4,0,1000,1,1,4
19834,1,886,4,0,1000,1,1,5
19835,1,887,4,0,1000,1,1,5
19836,1,888,4,0,1000,1,1,5
19837,1,886,4,0,1000,1,1,6
19838,1,887,4,0,1000,1,1,6
19839,1,888,4,0,1000,1,1,6
19840,3,3036,4,0,1000,1,1,0
19841,3,3037,4,0,1000,1,1,0
19842,3,3038,4,0,1000,1,1,0
19843,3,3039,4,0,1000,1,1,0
19844,3,3040,4,0,1000,1,1,0
19845,3,3041,4,0,1000,1,1,0
19846,3,3042,4,0,1000,1,1,0
19847,3,3043,4,0,1000,1,1,0
19848,3,3044,4,0,1000,1,1,0
19849,3,3045,4,0,1000,1,1,0
19850,3,3046,4,0,1000,1,1,0
19851,3,3047,4,0,1000,1,1,0
19852,1,888,4,0,1000,1,1,0
19853,1,888,4,0,1000,1,1,0
19854,33,886,0,0,1000,1,1,0
19855,33,887,0,0,1000,1,1,0
19856,33,888,0,0,1000,1,1,0
19857,1,876,4,0,1000,32,32,0
19858,1,882,4,0,1000,32,32,0
19859,1,879,4,0,1000,32,32,0
19860,1,873,4,0,1000,32,32,0
19861,1,879,4,0,1000,1,1,0
19862,1,882,4,0,1000,1,1,0
19863,1,885,4,0,1000,1,1,0
19864,1,888,4,0,1000,1,1,0
19865,1,879,4,0,1000,1,1,0
19866,1,882,4,0,1000,1,1,0
19867,1,885,4,0,1000,1,1,0
19868,1,888,4,0,1000,1,1,0
19869,1,889,4,0,1000,1,1,0
19870,1,890,4,0,1000,1,1,0
19871,1,891,4,0,1000,1,1,0
19872,1,889,4,0,1000,1,1,1
19873,1,890,4,0,1000,1,1,1
19874,1,891,4,0,1000,1,1,1
19875,1,889,4,0,1000,1,1,2
19876,1,890,4,0,1000,1,1,2
19877,1,891,4,0,1000,1,1,2
19878,1,889,4,0,1000,1,1,3
19879,1,890,4,0,1000,1,1,3
19880,1,891,4,0,1000,1,1,3
19881,1,889,4,0,1000,1,1,4
19882,1,890,4,0,1000,1,1,4
19883,1,891,4,0,1000,1,1,4
19884,1,889,4,0,1000,1,1,5
19885,1,890,4,0,1000,1,1,5
19886,1,891,4,0,1000,1,1,5
19887,1,889,4,0,1000,1,1,6
19888,1,890,4,0,1000,1,1,6
19889,1,891,4,0,1000,1,1,6
19890,3,3048,4,0,1000,1,1,0
19891,3,3049,4,0,1000,1,1,0
19892,3,3050,4,0,1000,1,1,0
19893,3,3051,4,0,1000,1,1,0
19894,3,3052,4,0,1000,1,1,0
19895,3,3053,4,0,1000,1,1,0
19896,3,3054,4,0,1000,1,1,0
19897,3,3055,4,0,1000,1,1,0
19898,3,3056,4,0,1000,1,1,0
19899,3,3057,4,0,1000,1,1,0
19900,3,3058,4,0,1000,1,1,0
19901,3,3059,4,0,1000,1,1,0
19902,1,891,4,0,1000,1,1,0
19903,1,891,4,0,1000,1,1,0
19904,33,889,0,0,1000,1,1,0
19905,33,890,0,0,1000,1,1,0
19906,33,891,0,0,1000,1,1,0
19907,1,894,4,0,1000,32,32,0
19908,1,894,4,0,1000,1,1,0
19909,1,801,4,0,1000,1,1,0
19910,1,804,4,0,1000,1,1,0
19911,1,807,4,0,1000,1,1,0
19912,1,810,4,0,1000,1,1,0
19913,1,813,4,0,1000,1,1,0
19914,1,816,4,0,1000,1,1,0
19915,1,819,4,0,1000,1,1,0
19916,1,822,4,0,1000,1,1,0
19917,1,825,4,0,1000,1,1,0
19918,1,828,4,0,1000,1,1,0
19919,1,831,4,0,1000,1,1,0
19920,1,837,4,0,1000,1,1,0
19921,1,840,4,0,1000,1,1,0
19922,1,843,4,0,1000,1,1,0
19923,1,846,4,0,1000,1,1,0
19924,1,849,4,0,1000,1,1,0
19925,1,852,4,0,1000,1,1,0
19926,1,855,4,0,1000,1,1,0
19927,1,858,4,0,1000,1,1,0
19928,1,861,4,0,1000,1,1,0
19929,1,864,4,0,1000,1,1,0
19930,1,867,4,0,1000,1,1,0
19931,1,870,4,0,1000,1,1,0
19932,1,873,4,0,1000,1,1,0
19933,1,876,4,0,1000,1,1,0
19934,1,879,4,0,1000,1,1,0
19935,1,882,4,0,1000,1,1,0
19936,1,885,4,0,1000,1,1,0
19937,1,888,4,0,1000,1,1,0
19938,1,892,4,0,1000,1,1,0
19939,1,893,4,0,1000,1,1,0
19940,1,894,4,0,1000,1,1,0
19941,1,892,4,0,1000,1,1,1
19942,1,893,4,0,1000,1,1,1
19943,1,894,4,0,1000,1,1,1
19944,1,892,4,0,1000,1,1,2
19945,1,893,4,0,1000,1,1,2
19946,1,894,4,0,1000,1,1,2
19947,1,892,4,0,1000,1,1,3
19948,1,893,4,0,1000,1,1,3
19949,1,894,4,0,1000,1,1,3
19950,1,892,4,0,1000,1,1,4
19951,1,893,4,0,1000,1,1,4
19952,1,894,4,0,1000,1,1,4
19953,1,892,4,0,1000,1,1,5
19954,1,893,4,0,1000,1,1,5
19955,1,894,4,0,1000,1,1,5
19956,1,892,4,0,1000,1,1,6
19957,1,893,4,0,1000,1,1,6
19958,1,894,4,0,1000,1,1,6
19959,1,895,4,0,1000,1,1,0
19960,1,896,4,0,1000,1,1,0
19961,1,897,4,0,1000,1,1,0
19962,1,895,4,0,1000,1,1,1
19963,1,896,4,0,1000,1,1,1
19964,1,897,4,0,1000,1,1,1
19965,1,895,4,0,1000,1,1,2
19966,1,896,4,0,1000,1,1,2
19967,1,897,4,0,1000,1,1,2
19968,1,895,4,0,1000,1,1,3
19969,1,896,4,0,1000,1,1,3
19970,1,897,4,0,1000,1,1,3
19971,1,895,4,0,1000,1,1,4
19972,1,896,4,0,1000,1,1,4
19973,1,897,4,0,1000,1,1,4
19974,1,895,4,0,1000,1,1,5
19975,1,896,4,0,1000,1,1,5
19976,1,897,4,0,1000,1,1,5
19977,1,895,4,0,1000,1,1,6
19978,1,896,4,0,1000,1,1,6
19979,1,897,4,0,1000,1,1,6
19980,1,898,4,0,1000,1,1,0
19981,1,899,4,0,1000,1,1,0
19982,1,900,4,0,1000,1,1,0
19983,1,898,4,0,1000,1,1,1
19984,1,899,4,0,1000,1,1,1
19985,1,900,4,0,1000,1,1,1
19986,1,898,4,0,1000,1,1,2
19987,1,899,4,0,1000,1,1,2
19988,1,900,4,0,1000,1,1,2
19989,1,898,4,0,1000,1,1,3
19990,1,899,4,0,1000,1,1,3
19991,1,900,4,0,1000,1,1,3
19992,1,898,4,0,1000,1,1,4
19993,1,899,4,0,1000,1,1,4
19994,1,900,4,0,1000,1,1,4
19995,1,898,4,0,1000,1,1,5
19996,1,899,4,0,1000,1,1,5
19997,1,900,4,0,1000,1,1,5
19998,1,898,4,0,1000,1,1,6
19999,1,899,4,0,1000,1,1,6
20000,1,900,4,0,1000,1,1,6
20001,1,901,4,0,1000,1,1,0
20002,1,902,4,0,1000,1,1,0
20003,1,903,4,0,1000,1,1,0
20004,1,901,4,0,1000,1,1,1
20005,1,902,4,0,1000,1,1,1
20006,1,903,4,0,1000,1,1,1
20007,1,901,4,0,1000,1,1,2
20008,1,902,4,0,1000,1,1,2
20009,1,903,4,0,1000,1,1,2
20010,1,901,4,0,1000,1,1,3
20011,1,902,4,0,1000,1,1,3
20012,1,903,4,0,1000,1,1,3
20013,1,901,4,0,1000,1,1,4
20014,1,902,4,0,1000,1,1,4
20015,1,903,4,0,1000,1,1,4
20016,1,901,4,0,1000,1,1,5
20017,1,902,4,0,1000,1,1,5
20018,1,903,4,0,1000,1,1,5
20019,1,901,4,0,1000,1,1,6
20020,1,902,4,0,1000,1,1,6
20021,1,903,4,0,1000,1,1,6
20022,1,904,4,0,1000,1,1,0
20023,1,905,4,0,1000,1,1,0
20024,1,906,4,0,1000,1,1,0
20025,1,904,4,0,1000,1,1,1
20026,1,905,4,0,1000,1,1,1
20027,1,906,4,0,1000,1,1,1
20028,1,904,4,0,1000,1,1,2
20029,1,905,4,0,1000,1,1,2
20030,1,906,4,0,1000,1,1,2
20031,1,904,4,0,1000,1,1,3
20032,1,905,4,0,1000,1,1,3
20033,1,906,4,0,1000,1,1,3
20034,1,904,4,0,1000,1,1,4
20035,1,905,4,0,1000,1,1,4
20036,1,906,4,0,1000,1,1,4
20037,1,904,4,0,1000,1,1,5
20038,1,905,4,0,1000,1,1,5
20039,1,906,4,0,1000,1,1,5
20040,1,904,4,0,1000,1,1,6
20041,1,905,4,0,1000,1,1,6
20042,1,906,4,0,1000,1,1,6
20043,1,907,4,0,1000,1,1,0
20044,1,908,4,0,1000,1,1,0
20045,1,909,4,0,1000,1,1,0
20046,1,907,4,0,1000,1,1,1
20047,1,908,4,0,1000,1,1,1
20048,1,909,4,0,1000,1,1,1
20049,1,907,4,0,1000,1,1,2
20050,1,908,4,0,1000,1,1,2
20051,1,909,4,0,1000,1,1,2
20052,1,907,4,0,1000,1,1,3
20053,1,908,4,0,1000,1,1,3
20054,1,909,4,0,1000,1,1,3
20055,1,907,4,0,1000,1,1,4
20056,1,908,4,0,1000,1,1,4
20057,1,909,4,0,1000,1,1,4
20058,1,907,4,0,1000,1,1,5
20059,1,908,4,0,1000,1,1,5
20060,1,909,4,0,1000,1,1,5
20061,1,907,4,0,1000,1,1,6
20062,1,908,4,0,1000,1,1,6
20063,1,909,4,0,1000,1,1,6
20064,1,910,4,0,1000,1,1,0
20065,1,911,4,0,1000,1,1,0
20066,1,912,4,0,1000,1,1,0
20067,1,910,4,0,1000,1,1,1
20068,1,911,4,0,1000,1,1,1
20069,1,912,4,0,1000,1,1,1
20070,1,910,4,0,1000,1,1,2
20071,1,911,4,0,1000,1,1,2
20072,1,912,4,0,1000,1,1,2
20073,1,910,4,0,1000,1,1,3
20074,1,911,4,0,1000,1,1,3
20075,1,912,4,0,1000,1,1,3
20076,1,910,4,0,1000,1,1,4
20077,1,911,4,0,1000,1,1,4
20078,1,912,4,0,1000,1,1,4
20079,1,910,4,0,1000,1,1,5
20080,1,911,4,0,1000,1,1,5
20081,1,912,4,0,1000,1,1,5
20082,1,910,4,0,1000,1,1,6
20083,1,911,4,0,1000,1,1,6
20084,1,912,4,0,1000,1,1,6
20085,1,913,4,0,1000,1,1,0
20086,1,914,4,0,1000,1,1,0
20087,1,915,4,0,1000,1,1,0
20088,1,913,4,0,1000,1,1,1
20089,1,914,4,0,1000,1,1,1
20090,1,915,4,0,1000,1,1,1
20091,1,913,4,0,1000,1,1,2
20092,1,914,4,0,1000,1,1,2
20093,1,915,4,0,1000,1,1,2
20094,1,913,4,0,1000,1,1,3
20095,1,914,4,0,1000,1,1,3
20096,1,915,4,0,1000,1,1,3
20097,1,913,4,0,1000,1,1,4
20098,1,914,4,0,1000,1,1,4
20099,1,915,4,0,1000,1,1,4
20100,1,913,4,0,1000,1,1,5
20101,1,914,4,0,1000,1,1,5
20102,1,915,4,0,1000,1,1,5
20103,1,913,4,0,1000,1,1,6
20104,1,914,4,0,1000,1,1,6
20105,1,915,4,0,1000,1,1,6
20106,1,916,4,0,1000,1,1,0
20107,1,917,4,0,1000,1,1,0
20108,1,918,4,0,1000,1,1,0
20109,1,916,4,0,1000,1,1,1
20110,1,917,4,0,1000,1,1,1
20111,1,918,4,0,1000,1,1,1
20112,1,916,4,0,1000,1,1,2
20113,1,917,4,0,1000,1,1,2
20114,1,918,4,0,1000,1,1,2
20115,1,916,4,0,1000,1,1,3
20116,1,917,4,0,1000,1,1,3
20117,1,918,4,0,1000,1,1,3
20118,1,916,4,0,1000,1,1,4
20119,1,917,4,0,1000,1,1,4
20120,1,918,4,0,1000,1,1,4
20121,1,916,4,0,1000,1,1,5
20122,1,917,4,0,1000,1,1,5
20123,1,918,4,0,1000,1,1,5
20124,1,916,4,0,1000,1,1,6
20125,1,917,4,0,1000,1,1,6
20126,1,918,4,0,1000,1,1,6
20127,1,919,4,0,1000,1,1,0
20128,1,920,4,0,1000,1,1,0
20129,1,921,4,0,1000,1,1,0
20130,1,919,4,0,1000,1,1,1
20131,1,920,4,0,1000,1,1,1
20132,1,921,4,0,1000,1,1,1
20133,1,919,4,0,1000,1,1,2
20134,1,920,4,0,1000,1,1,2
20135,1,921,4,0,1000,1,1,2
20136,1,919,4,0,1000,1,1,3
20137,1,920,4,0,1000,1,1,3
20138,1,921,4,0,1000,1,1,3
20139,1,919,4,0,1000,1,1,4
20140,1,920,4,0,1000,1,1,4
20141,1,921,4,0,1000,1,1,4
20142,1,919,4,0,1000,1,1,5
20143,1,920,4,0,1000,1,1,5
20144,1,921,4,0,1000,1,1,5
20145,1,919,4,0,1000,1,1,6
20146,1,920,4,0,1000,1,1,6
20147,1,921,4,0,1000,1,1,6
20148,1,922,4,0,1000,1,1,0
20149,1,923,4,0,1000,1,1,0
20150,1,924,4,0,1000,1,1,0
20151,1,922,4,0,1000,1,1,1
20152,1,923,4,0,1000,1,1,1
20153,1,924,4,0,1000,1,1,1
20154,1,922,4,0,1000,1,1,2
20155,1,923,4,0,1000,1,1,2
20156,1,924,4,0,1000,1,1,2
20157,1,922,4,0,1000,1,1,3
20158,1,923,4,0,1000,1,1,3
20159,1,924,4,0,1000,1,1,3
20160,1,922,4,0,1000,1,1,4
20161,1,923,4,0,1000,1,1,4
20162,1,924,4,0,1000,1,1,4
20163,1,922,4,0,1000,1,1,5
20164,1,923,4,0,1000,1,1,5
20165,1,924,4,0,1000,1,1,5
20166,1,922,4,0,1000,1,1,6
20167,1,923,4,0,1000,1,1,6
20168,1,924,4,0,1000,1,1,6
20169,1,925,4,0,1000,1,1,0
20170,1,926,4,0,1000,1,1,0
20171,1,927,4,0,1000,1,1,0
20172,1,925,4,0,1000,1,1,1
20173,1,926,4,0,1000,1,1,1
20174,1,927,4,0,1000,1,1,1
20175,1,925,4,0,1000,1,1,2
20176,1,926,4,0,1000,1,1,2
20177,1,927,4,0,1000,1,1,2
20178,1,925,4,0,1000,1,1,3
20179,1,926,4,0,1000,1,1,3
20180,1,927,4,0,1000,1,1,3
20181,1,925,4,0,1000,1,1,4
20182,1,926,4,0,1000,1,1,4
20183,1,927,4,0,1000,1,1,4
20184,1,925,4,0,1000,1,1,5
20185,1,926,4,0,1000,1,1,5
20186,1,927,4,0,1000,1,1,5
20187,1,925,4,0,1000,1,1,6
20188,1,926,4,0,1000,1,1,6
20189,1,927,4,0,1000,1,1,6
20190,1,928,4,0,1000,1,1,0
20191,1,929,4,0,1000,1,1,0
20192,1,930,4,0,1000,1,1,0
20193,1,928,4,0,1000,1,1,1
20194,1,929,4,0,1000,1,1,1
20195,1,930,4,0,1000,1,1,1
20196,1,928,4,0,1000,1,1,2
20197,1,929,4,0,1000,1,1,2
20198,1,930,4,0,1000,1,1,2
20199,1,928,4,0,1000,1,1,3
20200,1,929,4,0,1000,1,1,3
20201,1,930,4,0,1000,1,1,3
20202,1,928,4,0,1000,1,1,4
20203,1,929,4,0,1000,1,1,4
20204,1,930,4,0,1000,1,1,4
20205,1,928,4,0,1000,1,1,5
20206,1,929,4,0,1000,1,1,5
20207,1,930,4,0,1000,1,1,5
20208,1,928,4,0,1000,1,1,6
20209,1,929,4,0,1000,1,1,6
20210,1,930,4,0,1000,1,1,6
20211,1,931,4,0,1000,1,1,0
20212,1,932,4,0,1000,1,1,0
20213,1,933,4,0,1000,1,1,0
20214,1,931,4,0,1000,1,1,1
20215,1,932,4,0,1000,1,1,1
20216,1,933,4,0,1000,1,1,1
20217,1,931,4,0,1000,1,1,2
20218,1,932,4,0,1000,1,1,2
20219,1,933,4,0,1000,1,1,2
20220,1,931,4,0,1000,1,1,3
20221,1,932,4,0,1000,1,1,3
20222,1,933,4,0,1000,1,1,3
20223,1,931,4,0,1000,1,1,4
20224,1,932,4,0,1000,1,1,4
20225,1,933,4,0,1000,1,1,4
20226,1,931,4,0,1000,1,1,5
20227,1,932,4,0,1000,1,1,5
20228,1,933,4,0,1000,1,1,5
20229,1,931,4,0,1000,1,1,6
20230,1,932,4,0,1000,1,1,6
20231,1,933,4,0,1000,1,1,6
20232,1,934,4,0,1000,1,1,0
20233,1,935,4,0,1000,1,1,0
20234,1,936,4,0,1000,1,1,0
20235,1,934,4,0,1000,1,1,1
20236,1,935,4,0,1000,1,1,1
20237,1,936,4,0,1000,1,1,1
20238,1,934,4,0,1000,1,1,2
20239,1,935,4,0,1000,1,1,2
20240,1,936,4,0,1000,1,1,2
20241,1,934,4,0,1000,1,1,3
20242,1,935,4,0,1000,1,1,3
20243,1,936,4,0,1000,1,1,3
20244,1,934,4,0,1000,1,1,4
20245,1,935,4,0,1000,1,1,4
20246,1,936,4,0,1000,1,1,4
20247,1,934,4,0,1000,1,1,5
20248,1,935,4,0,1000,1,1,5
20249,1,936,4,0,1000,1,1,5
20250,1,934,4,0,1000,1,1,6
20251,1,935,4,0,1000,1,1,6
20252,1,936,4,0,1000,1,1,6
20253,1,937,4,0,1000,1,1,0
20254,1,938,4,0,1000,1,1,0
20255,1,939,4,0,1000,1,1,0
20256,1,937,4,0,1000,1,1,1
20257,1,938,4,0,1000,1,1,1
20258,1,939,4,0,1000,1,1,1
20259,1,937,4,0,1000,1,1,2
20260,1,938,4,0,1000,1,1,2
20261,1,939,4,0,1000,1,1,2
20262,1,937,4,0,1000,1,1,3
20263,1,938,4,0,1000,1,1,3
20264,1,939,4,0,1000,1,1,3
20265,1,937,4,0,1000,1,1,4
20266,1,938,4,0,1000,1,1,4
20267,1,939,4,0,1000,1,1,4
20268,1,937,4,0,1000,1,1,5
20269,1,938,4,0,1000,1,1,5
20270,1,939,4,0,1000,1,1,5
20271,1,937,4,0,1000,1,1,6
20272,1,938,4,0,1000,1,1,6
20273,1,939,4,0,1000,1,1,6
20274,1,940,4,0,1000,1,1,0
20275,1,941,4,0,1000,1,1,0
20276,1,942,4,0,1000,1,1,0
20277,1,940,4,0,1000,1,1,1
20278,1,941,4,0,1000,1,1,1
20279,1,942,4,0,1000,1,1,1
20280,1,940,4,0,1000,1,1,2
20281,1,941,4,0,1000,1,1,2
20282,1,942,4,0,1000,1,1,2
20283,1,940,4,0,1000,1,1,3
20284,1,941,4,0,1000,1,1,3
20285,1,942,4,0,1000,1,1,3
20286,1,940,4,0,1000,1,1,4
20287,1,941,4,0,1000,1,1,4
20288,1,942,4,0,1000,1,1,4
20289,1,940,4,0,1000,1,1,5
20290,1,941,4,0,1000,1,1,5
20291,1,942,4,0,1000,1,1,5
20292,1,940,4,0,1000,1,1,6
20293,1,941,4,0,1000,1,1,6
20294,1,942,4,0,1000,1,1,6
20295,1,798,4,0,1000,1,1,0
20296,1,801,4,0,1000,1,1,0
20297,1,804,4,0,1000,1,1,0
20298,1,807,4,0,1000,1,1,0
20299,1,810,4,0,1000,1,1,0
20300,1,813,4,0,1000,1,1,0
20301,1,816,4,0,1000,1,1,0
20302,1,819,4,0,1000,1,1,0
20303,1,822,4,0,1000,1,1,0
20304,1,825,4,0,1000,1,1,0
20305,1,828,4,0,1000,1,1,0
20306,1,831,4,0,1000,1,1,0
20307,1,837,4,0,1000,1,1,0
20308,1,840,4,0,1000,1,1,0
20309,1,843,4,0,1000,1,1,0
20310,1,846,4,0,1000,1,1,0
20311,1,849,4,0,1000,1,1,0
20312,1,852,4,0,1000,1,1,0
20313,1,855,4,0,1000,1,1,0
20314,1,858,4,0,1000,1,1,0
20315,1,861,4,0,1000,1,1,0
20316,1,864,4,0,1000,1,1,0
20317,1,867,4,0,1000,1,1,0
20318,1,870,4,0,1000,1,1,0
20319,1,873,4,0,1000,1,1,0
20320,1,876,4,0,1000,1,1,0
20321,1,879,4,0,1000,1,1,0
20322,1,882,4,0,1000,1,1,0
20323,1,885,4,0,1000,1,1,0
20324,1,888,4,0,1000,1,1,0
20325,1,723,4,0,1000,1,1,0
20326,1,720,4,0,1000,1,1,0
20327,1,678,4,0,1000,1,1,0
20328,1,687,4,0,1000,1,1,0
20329,1,675,4,0,1000,1,1,0
20330,1,651,4,0,1000,1,1,0
20331,1,699,4,0,1000,1,1,0
20332,1,705,4,0,1000,1,1,0
20333,4,2,4,0,1000,1,1,0
20334,1,690,4,0,1000,1,1,0
20335,1,702,4,0,1000,1,1,0
20336,1,666,4,0,1000,1,1,0
20337,1,756,4,0,1000,1,1,0
20338,1,747,4,0,1000,1,1,0
20339,1,741,4,0,1000,1,1,0
20340,1,759,4,0,1000,1,1,0
20341,1,753,4,0,1000,1,1,0
20342,1,762,4,0,1000,1,1,0
20343,1,765,4,0,1000,1,1,0
20344,1,774,4,0,1000,1,1,0
20345,1,777,4,0,1000,1,1,0
20346,1,789,4,0,1000,1,1,0
20347,1,792,4,0,1000,1,1,0
20348,1,801,4,0,1000,1,1,0
20349,1,795,4,0,1000,1,1,0
20350,1,804,4,0,1000,1,1,0
20351,1,807,4,0,1000,1,1,0
20352,1,810,4,0,1000,1,1,0
20353,4,3,4,0,1000,1,1,0
20354,1,819,4,0,1000,1,1,0
20355,1,822,4,0,1000,1,1,0
20356,1,816,4,0,1000,1,1,0
20357,1,825,4,0,1000,1,1,0
20358,1,831,4,0,1000,1,1,0
20359,1,846,4,0,1000,1,1,0
20360,1,849,4,0,1000,1,1,0
20361,1,615,4,0,1000,1,1,0
20362,1,852,4,0,1000,1,1,0
20363,1,855,4,0,1000,1,1,0
20364,1,864,4,0,1000,1,1,0
20365,1,786,4,0,1000,1,1,0
20366,1,798,4,0,1000,1,1,0
20367,1,867,4,0,1000,1,1,0
20368,1,870,4,0,1000,1,1,0
20369,1,879,4,0,1000,1,1,0
20370,1,891,4,0,1000,1,1,0
20371,1,882,4,0,1000,1,1,0
20372,1,828,4,0,1000,1,1,0
20373,1,843,4,0,1000,1,1,0
20374,1,858,4,0,1000,1,1,0
20375,1,873,4,0,1000,1,1,0
20376,1,885,4,0,1000,1,1,0
20377,1,840,4,0,1000,1,1,0
20378,1,861,4,0,1000,1,1,0
20379,1,876,4,0,1000,1,1,0
20380,1,888,4,0,1000,1,1,0
20381,8,0,3,1,1000,100,100,0
20382,4,2,4,0,1000,1,1,0
20383,16,0,4,2,1000,100,100,0
20384,1,546,4,0,1000,1,1,0
20385,1,567,4,0,1000,1,1,0
20386,1,503,4,0,1000,1,1,0
20387,1,519,4,0,1000,1,1,0
20388,1,558,4,0,1000,1,1,0
20389,1,549,4,0,1000,1,1,0
20390,1,564,4,0,1000,1,1,0
20391,1,606,4,0,1000,1,1,0
20392,1,570,4,0,1000,1,1,0
20393,1,576,4,0,1000,1,1,0
20394,1,621,4,0,1000,1,1,0
20395,1,597,4,0,1000,1,1,0
20396,1,624,4,0,1000,1,1,0
20397,1,612,4,0,1000,1,1,0
20398,1,594,4,0,1000,1,1,0
20399,1,588,4,0,1000,1,1,0
20400,1,579,4,0,1000,1,1,0
20401,1,561,4,0,1000,1,1,0
20402,1,51,4,0,1000,1,1,0
20403,1,293,4,0,1000,1,1,0
20404,1,378,4,0,1000,1,1,0
20405,1,388,4,0,1000,1,1,0
20406,1,528,4,0,1000,1,1,0
20407,1,488,4,0,1000,1,1,0
20408,1,525,4,0,1000,1,1,0
20409,1,502,4,0,1000,1,1,0
20410,1,591,4,0,1000,1,1,0
20411,1,582,4,0,1000,1,1,0
20412,1,597,4,0,1000,1,1,0
20413,1,601,4,0,1000,1,1,0
20414,1,618,4,0,1000,1,1,0
20415,1,627,4,0,1000,1,1,0
20416,1,648,4,0,1000,1,1,0
20417,1,678,4,0,1000,1,1,0
20418,1,687,4,0,1000,1,1,0
20419,1,690,4,0,1000,1,1,0
20420,1,693,4,0,1000,1,1,0
20421,1,705,4,0,1000,1,1,0
20422,1,717,4,0,1000,1,1,0
20423,1,720,4,0,1000,1,1,0
20424,1,723,4,0,1000,1,1,0
20425,1,711,4,0,1000,1,1,0
20426,1,726,4,0,1000,1,1,0
20427,1,729,4,0,1000,1,1,0
20428,1,732,4,0,1000,1,1,0
20429,1,735,4,0,1000,1,1,0
20430,1,738,4,0,1000,1,1,0
20431,1,741,4,0,1000,1,1,0
20432,1,744,4,0,1000,1,1,0
20433,1,747,4,0,1000,1,1,0
20434,1,750,4,0,1000,1,1,0
20435,1,753,4,0,1000,1,1,0
20436,1,756,4,0,1000,1,1,0
20437,1,759,4,0,1000,1,1,0
20438,1,762,4,0,1000,1,1,0
20439,1,765,4,0,1000,1,1,0
20440,1,768,4,0,1000,1,1,0
20441,1,774,4,0,1000,1,1,0
20442,1,777,4,0,1000,1,1,0
20443,1,780,4,0,1000,1,1,0
20444,1,783,4,0,1000,1,1,0
20445,1,786,4,0,1000,1,1,0
20446,1,789,4,0,1000,1,1,0
20447,1,792,4,0,1000,1,1,0
20448,1,795,4,0,1000,1,1,0
20449,1,798,4,0,1000,1,1,0
20450,1,801,4,0,1000,1,1,0
20451,1,804,4,0,1000,1,1,0
20452,1,807,4,0,1000,1,1,0
20453,1,810,4,0,1000,1,1,0
20454,1,813,4,0,1000,1,1,0
20455,1,816,4,0,1000,1,1,0
20456,1,819,4,0,1000,1,1,0
20457,1,822,4,0,1000,1,1,0
20458,1,825,4,0,1000,1,1,0
20459,1,798,4,0,1000,1,1,0
20460,1,801,4,0,1000,1,1,0
20461,1,804,4,0,1000,1,1,0
20462,1,807,4,0,1000,1,1,0
20463,1,810,4,0,1000,1,1,0
20464,1,813,4,0,1000,1,1,0
20465,1,816,4,0,1000,1,1,0
20466,1,819,4,0,1000,1,1,0
20467,1,822,4,0,1000,1,1,0
20468,1,825,4,0,1000,1,1,0
20469,1,828,4,0,1000,1,1,0
20470,1,831,4,0,1000,1,1,0
20471,1,837,4,0,1000,1,1,0
20472,1,840,4,0,1000,1,1,0
20473,1,843,4,0,1000,1,1,0
20474,1,846,4,0,1000,1,1,0
20475,1,849,4,0,1000,1,1,0
20476,1,852,4,0,1000,1,1,0
20477,1,855,4,0,1000,1,1,0
20478,1,858,4,0,1000,1,1,0
20479,1,861,4,0,1000,1,1,0
20480,1,864,4,0,1000,1,1,0
20481,1,867,4,0,1000,1,1,0
20482,1,870,4,0,1000,1,1,0
20483,1,873,4,0,1000,1,1,0
20484,1,876,4,0,1000,1,1,0
20485,1,879,4,0,1000,1,1,0
20486,1,882,4,0,1000,1,1,0
20487,1,885,4,0,1000,1,1,0
20488,1,888,4,0,1000,1,1,0
20489,1,894,4,0,1000,1,1,0
20490,1,798,4,0,1000,1,1,0
20491,1,801,4,0,1000,1,1,0
20492,1,804,4,0,1000,1,1,0
20493,1,807,4,0,1000,1,1,0
20494,1,810,4,0,1000,1,1,0
20495,1,813,4,0,1000,1,1,0
20496,1,816,4,0,1000,1,1,0
20497,1,819,4,0,1000,1,1,0
20498,1,822,4,0,1000,1,1,0
20499,1,825,4,0,1000,1,1,0
20500,1,828,4,0,1000,1,1,0
20501,1,831,4,0,1000,1,1,0
20502,1,837,4,0,1000,1,1,0
20503,1,840,4,0,1000,1,1,0
20504,1,843,4,0,1000,1,1,0
20505,1,846,4,0,1000,1,1,0
20506,1,849,4,0,1000,1,1,0
20507,1,852,4,0,1000,1,1,0
20508,1,855,4,0,1000,1,1,0
20509,1,858,4,0,1000,1,1,0
20510,1,861,4,0,1000,1,1,0
20511,1,864,4,0,1000,1,1,0
20512,1,867,4,0,1000,1,1,0
20513,1,870,4,0,1000,1,1,0
20514,1,873,4,0,1000,1,1,0
20515,1,876,4,0,1000,1,1,0
20516,1,879,4,0,1000,1,1,0
20517,1,882,4,0,1000,1,1,0
20518,1,885,4,0,1000,1,1,0
20519,1,888,4,0,1000,1,1,0
20520,1,891,4,0,1000,1,1,0
20521,1,894,4,0,1000,1,1,0
20522,1,663,4,0,1000,1,1,0
20523,1,642,4,0,1000,1,1,0
20524,1,714,4,0,1000,1,1,0
20525,1,657,4,0,1000,1,1,0
20526,4,2,4,0,1000,1,1,0
20527,1,660,4,0,1000,1,1,0
20528,1,672,4,0,1000,1,1,0
20529,1,723,4,0,1000,1,1,0
20530,1,720,4,0,1000,1,1,0
20531,1,678,4,0,1000,1,1,0
20532,1,687,4,0,1000,1,1,0
20533,1,675,4,0,1000,1,1,0
20534,1,651,4,0,1000,1,1,0
20535,1,699,4,0,1000,1,1,0
20536,1,705,4,0,1000,1,1,0
20537,1,690,4,0,1000,1,1,0
20538,1,702,4,0,1000,1,1,0
20539,1,666,4,0,1000,1,1,0
20540,1,756,4,0,1000,1,1,0
20541,1,747,4,0,1000,1,1,0
20542,4,3,4,0,1000,1,1,0
20543,1,741,4,0,1000,1,1,0
20544,1,759,4,0,1000,1,1,0
20545,1,753,4,0,1000,1,1,0
20546,1,762,4,0,1000,1,1,0
20547,1,765,4,0,1000,1,1,0
20548,1,774,4,0,1000,1,1,0
20549,1,744,4,0,1000,1,1,0
20550,1,750,4,0,1000,1,1,0
20551,1,777,4,0,1000,1,1,0
20552,1,780,4,0,1000,1,1,0
20553,1,789,4,0,1000,1,1,0
20554,1,792,4,0,1000,1,1,0
20555,1,801,4,0,1000,1,1,0
20556,1,768,4,0,1000,1,1,0
20557,1,795,4,0,1000,1,1,0
20558,1,804,4,0,1000,1,1,0
20559,1,807,4,0,1000,1,1,0
20560,1,810,4,0,1000,1,1,0
20561,1,819,4,0,1000,1,1,0
20562,1,822,4,0,1000,1,1,0
20563,1,816,4,0,1000,1,1,0
20564,1,825,4,0,1000,1,1,0
20565,1,831,4,0,1000,1,1,0
20566,1,846,4,0,1000,1,1,0
20567,1,849,4,0,1000,1,1,0
20568,1,786,4,0,1000,1,1,0
20569,1,615,4,0,1000,1,1,0
20570,1,852,4,0,1000,1,1,0
20571,1,855,4,0,1000,1,1,0
20572,1,864,4,0,1000,1,1,0
20573,1,798,4,0,1000,1,1,0
20574,1,867,4,0,1000,1,1,0
20575,1,870,4,0,1000,1,1,0
20576,4,3,4,0,1000,1,1,0
20577,1,879,4,0,1000,1,1,0
20578,1,891,4,0,1000,1,1,0
20579,1,882,4,0,1000,1,1,0
20580,1,813,4,0,1000,1,1,0
20581,1,828,4,0,1000,1,1,0
20582,1,843,4,0,1000,1,1,0
20583,1,858,4,0,1000,1,1,0
20584,1,873,4,0,1000,1,1,0
20585,1,885,4,0,1000,1,1,0
20586,1,840,4,0,1000,1,1,0
20587,1,861,4,0,1000,1,1,0
20588,1,876,4,0,1000,1,1,0
20589,1,888,4,0,1000,1,1,0
